  0
SECTION
  2
HEADER
  9
$ACADVER
  1
AC1021
  9
$ACADMAINTVER
 70
    25
  9
$DWGCODEPAGE
  3
ANSI_1251
  9
$INSBASE
 10
0.0
 20
0.0
 30
0.0
  9
$EXTMIN
 10
-35.3528
 20
-40.5427
 30
0.0
  9
$EXTMAX
 10
35.3528
 20
40.1629
 30
0.0
  9
$LIMMIN
 10
0.0
 20
0.0
  9
$LIMMAX
 10
12.0
 20
9.0
  9
$ORTHOMODE
 70
     0
  9
$REGENMODE
 70
     1
  9
$FILLMODE
 70
     1
  9
$QTEXTMODE
 70
     0
  9
$MIRRTEXT
 70
     1
  9
$LTSCALE
 40
1.0
  9
$ATTMODE
 70
     1
  9
$TEXTSIZE
 40
0.2
  9
$TRACEWID
 40
0.05
  9
$TEXTSTYLE
  7
Standard
  9
$CLAYER
  8
0
  9
$CELTYPE
  6
ByLayer
  9
$CECOLOR
 62
   256
  9
$CELTSCALE
 40
1.0
  9
$DISPSILH
 70
     0
  9
$DIMSCALE
 40
1.0
  9
$DIMASZ
 40
0.18
  9
$DIMEXO
 40
0.0625
  9
$DIMDLI
 40
0.38
  9
$DIMRND
 40
0.0
  9
$DIMDLE
 40
0.0
  9
$DIMEXE
 40
0.18
  9
$DIMTP
 40
0.0
  9
$DIMTM
 40
0.0
  9
$DIMTXT
 40
0.18
  9
$DIMCEN
 40
0.09
  9
$DIMTSZ
 40
0.0
  9
$DIMTOL
 70
     0
  9
$DIMLIM
 70
     0
  9
$DIMTIH
 70
     1
  9
$DIMTOH
 70
     1
  9
$DIMSE1
 70
     0
  9
$DIMSE2
 70
     0
  9
$DIMTAD
 70
     0
  9
$DIMZIN
 70
     0
  9
$DIMBLK
  1

  9
$DIMASO
 70
     1
  9
$DIMSHO
 70
     1
  9
$DIMPOST
  1

  9
$DIMAPOST
  1

  9
$DIMALT
 70
     0
  9
$DIMALTD
 70
     2
  9
$DIMALTF
 40
25.4
  9
$DIMLFAC
 40
1.0
  9
$DIMTOFL
 70
     0
  9
$DIMTVP
 40
0.0
  9
$DIMTIX
 70
     0
  9
$DIMSOXD
 70
     0
  9
$DIMSAH
 70
     0
  9
$DIMBLK1
  1

  9
$DIMBLK2
  1

  9
$DIMSTYLE
  2
Standard
  9
$DIMCLRD
 70
     0
  9
$DIMCLRE
 70
     0
  9
$DIMCLRT
 70
     0
  9
$DIMTFAC
 40
1.0
  9
$DIMGAP
 40
0.09
  9
$DIMJUST
 70
     0
  9
$DIMSD1
 70
     0
  9
$DIMSD2
 70
     0
  9
$DIMTOLJ
 70
     1
  9
$DIMTZIN
 70
     0
  9
$DIMALTZ
 70
     0
  9
$DIMALTTZ
 70
     0
  9
$DIMUPT
 70
     0
  9
$DIMDEC
 70
     4
  9
$DIMTDEC
 70
     4
  9
$DIMALTU
 70
     2
  9
$DIMALTTD
 70
     2
  9
$DIMTXSTY
  7
Standard
  9
$DIMAUNIT
 70
     0
  9
$DIMADEC
 70
     0
  9
$DIMALTRND
 40
0.0
  9
$DIMAZIN
 70
     0
  9
$DIMDSEP
 70
    46
  9
$DIMATFIT
 70
     3
  9
$DIMFRAC
 70
     0
  9
$DIMLDRBLK
  1

  9
$DIMLUNIT
 70
     2
  9
$DIMLWD
 70
    -2
  9
$DIMLWE
 70
    -2
  9
$DIMTMOVE
 70
     0
  9
$DIMFXL
 40
1.0
  9
$DIMFXLON
 70
     0
  9
$DIMJOGANG
 40
0.7853981633974483
  9
$DIMTFILL
 70
     0
  9
$DIMTFILLCLR
 70
     0
  9
$DIMARCSYM
 70
     0
  9
$DIMLTYPE
  6

  9
$DIMLTEX1
  6

  9
$DIMLTEX2
  6

  9
$LUNITS
 70
     2
  9
$LUPREC
 70
     4
  9
$SKETCHINC
 40
0.1
  9
$FILLETRAD
 40
0.5
  9
$AUNITS
 70
     0
  9
$AUPREC
 70
     0
  9
$MENU
  1
.
  9
$ELEVATION
 40
0.0
  9
$PELEVATION
 40
0.0
  9
$THICKNESS
 40
0.0
  9
$LIMCHECK
 70
     0
  9
$CHAMFERA
 40
0.0
  9
$CHAMFERB
 40
0.0
  9
$CHAMFERC
 40
0.0
  9
$CHAMFERD
 40
0.0
  9
$SKPOLY
 70
     0
  9
$TDCREATE
 40
2460129.944624734
  9
$TDUCREATE
 40
2460129.819624734
  9
$TDUPDATE
 40
2460129.944624965
  9
$TDUUPDATE
 40
2460129.819624965
  9
$TDINDWG
 40
0.0000000116
  9
$TDUSRTIMER
 40
0.0000000116
  9
$USRTIMER
 70
     1
  9
$ANGBASE
 50
0.0
  9
$ANGDIR
 70
     0
  9
$PDMODE
 70
     0
  9
$PDSIZE
 40
0.0
  9
$PLINEWID
 40
0.0
  9
$SPLFRAME
 70
     0
  9
$SPLINETYPE
 70
     6
  9
$SPLINESEGS
 70
     8
  9
$HANDSEED
  5
F8
  9
$SURFTAB1
 70
     6
  9
$SURFTAB2
 70
     6
  9
$SURFTYPE
 70
     6
  9
$SURFU
 70
     6
  9
$SURFV
 70
     6
  9
$UCSBASE
  2

  9
$UCSNAME
  2

  9
$UCSORG
 10
0.0
 20
0.0
 30
0.0
  9
$UCSXDIR
 10
1.0
 20
0.0
 30
0.0
  9
$UCSYDIR
 10
0.0
 20
1.0
 30
0.0
  9
$UCSORTHOREF
  2

  9
$UCSORTHOVIEW
 70
     0
  9
$UCSORGTOP
 10
0.0
 20
0.0
 30
0.0
  9
$UCSORGBOTTOM
 10
0.0
 20
0.0
 30
0.0
  9
$UCSORGLEFT
 10
0.0
 20
0.0
 30
0.0
  9
$UCSORGRIGHT
 10
0.0
 20
0.0
 30
0.0
  9
$UCSORGFRONT
 10
0.0
 20
0.0
 30
0.0
  9
$UCSORGBACK
 10
0.0
 20
0.0
 30
0.0
  9
$PUCSBASE
  2

  9
$PUCSNAME
  2

  9
$PUCSORG
 10
0.0
 20
0.0
 30
0.0
  9
$PUCSXDIR
 10
1.0
 20
0.0
 30
0.0
  9
$PUCSYDIR
 10
0.0
 20
1.0
 30
0.0
  9
$PUCSORTHOREF
  2

  9
$PUCSORTHOVIEW
 70
     0
  9
$PUCSORGTOP
 10
0.0
 20
0.0
 30
0.0
  9
$PUCSORGBOTTOM
 10
0.0
 20
0.0
 30
0.0
  9
$PUCSORGLEFT
 10
0.0
 20
0.0
 30
0.0
  9
$PUCSORGRIGHT
 10
0.0
 20
0.0
 30
0.0
  9
$PUCSORGFRONT
 10
0.0
 20
0.0
 30
0.0
  9
$PUCSORGBACK
 10
0.0
 20
0.0
 30
0.0
  9
$USERI1
 70
     0
  9
$USERI2
 70
     0
  9
$USERI3
 70
     0
  9
$USERI4
 70
     0
  9
$USERI5
 70
     0
  9
$USERR1
 40
0.0
  9
$USERR2
 40
0.0
  9
$USERR3
 40
0.0
  9
$USERR4
 40
0.0
  9
$USERR5
 40
0.0
  9
$WORLDVIEW
 70
     1
  9
$SHADEDGE
 70
     3
  9
$SHADEDIF
 70
    70
  9
$TILEMODE
 70
     1
  9
$MAXACTVP
 70
    64
  9
$PINSBASE
 10
0.0
 20
0.0
 30
0.0
  9
$PLIMCHECK
 70
     0
  9
$PEXTMIN
 10
1.000000000000000E+20
 20
1.000000000000000E+20
 30
1.000000000000000E+20
  9
$PEXTMAX
 10
-1.000000000000000E+20
 20
-1.000000000000000E+20
 30
-1.000000000000000E+20
  9
$PLIMMIN
 10
0.0
 20
0.0
  9
$PLIMMAX
 10
12.0
 20
9.0
  9
$UNITMODE
 70
     0
  9
$VISRETAIN
 70
     1
  9
$PLINEGEN
 70
     0
  9
$PSLTSCALE
 70
     1
  9
$TREEDEPTH
 70
  3020
  9
$CMLSTYLE
  2
Standard
  9
$CMLJUST
 70
     0
  9
$CMLSCALE
 40
1.0
  9
$PROXYGRAPHICS
 70
     1
  9
$MEASUREMENT
 70
     0
  9
$CELWEIGHT
370
    -1
  9
$ENDCAPS
280
     0
  9
$JOINSTYLE
280
     0
  9
$LWDISPLAY
290
     0
  9
$INSUNITS
 70
     4
  9
$HYPERLINKBASE
  1

  9
$STYLESHEET
  1

  9
$XEDIT
290
     1
  9
$CEPSNTYPE
380
     0
  9
$PSTYLEMODE
290
     1
  9
$FINGERPRINTGUID
  2
{849e87a2-89c8-4fb3-9a68-6134a830bc23}
  9
$VERSIONGUID
  2
{FAEB1C32-E019-11D5-929B-00C0DF256EC4}
  9
$EXTNAMES
290
     1
  9
$PSVPSCALE
 40
0.0
  9
$OLESTARTUP
290
     0
  9
$SORTENTS
280
   127
  9
$INDEXCTL
280
     0
  9
$HIDETEXT
280
     1
  9
$XCLIPFRAME
290
     0
  9
$HALOGAP
280
     0
  9
$OBSCOLOR
 70
   257
  9
$OBSLTYPE
280
     0
  9
$INTERSECTIONDISPLAY
280
     0
  9
$INTERSECTIONCOLOR
 70
   257
  9
$DIMASSOC
280
     2
  9
$PROJECTNAME
  1

  9
$CAMERADISPLAY
290
     0
  9
$LENSLENGTH
 40
50.0
  9
$CAMERAHEIGHT
 40
0.0
  9
$STEPSPERSEC
 40
2.0
  9
$STEPSIZE
 40
6.0
  9
$3DDWFPREC
 40
2.0
  9
$PSOLWIDTH
 40
0.25
  9
$PSOLHEIGHT
 40
4.0
  9
$LOFTANG1
 40
1.570796326794897
  9
$LOFTANG2
 40
1.570796326794897
  9
$LOFTMAG1
 40
0.0
  9
$LOFTMAG2
 40
0.0
  9
$LOFTPARAM
 70
     7
  9
$LOFTNORMALS
280
     1
  9
$LATITUDE
 40
37.795
  9
$LONGITUDE
 40
-122.394
  9
$NORTHDIRECTION
 40
0.0
  9
$TIMEZONE
 70
 -8000
  9
$LIGHTGLYPHDISPLAY
280
     1
  9
$TILEMODELIGHTSYNCH
280
     1
  9
$CMATERIAL
347
44
  9
$SOLIDHIST
280
     0
  9
$SHOWHIST
280
     1
  9
$DWFFRAME
280
     2
  9
$DGNFRAME
280
     2
  9
$REALWORLDSCALE
290
     1
  9
$INTERFERECOLOR
 62
   256
  9
$CSHADOW
280
     0
  9
$SHADOWPLANELOCATION
 40
0.0
  0
ENDSEC
  0
SECTION
  2
CLASSES
  0
CLASS
  1
ACDBDICTIONARYWDFLT
  2
AcDbDictionaryWithDefault
  3
ObjectDBX Classes
 90
        0
 91
        3
280
     0
281
     0
  0
CLASS
  1
VISUALSTYLE
  2
AcDbVisualStyle
  3
ObjectDBX Classes
 90
     4095
 91
        3
280
     0
281
     0
  0
CLASS
  1
MATERIAL
  2
AcDbMaterial
  3
ObjectDBX Classes
 90
     1153
 91
        3
280
     0
281
     0
  0
CLASS
  1
SCALE
  2
AcDbScale
  3
ObjectDBX Classes
 90
     1153
 91
        3
280
     0
281
     0
  0
CLASS
  1
TABLESTYLE
  2
AcDbTableStyle
  3
ObjectDBX Classes
 90
     4095
 91
        3
280
     0
281
     0
  0
CLASS
  1
MLEADERSTYLE
  2
AcDbMLeaderStyle
  3
ACDB_MLEADERSTYLE_CLASS
 90
     4095
 91
        3
280
     0
281
     0
  0
CLASS
  1
SUN
  2
AcDbSun
  3
SCENEOE
 90
     1153
 91
        3
280
     0
281
     0
  0
CLASS
  1
DICTIONARYVAR
  2
AcDbDictionaryVar
  3
ObjectDBX Classes
 90
        0
 91
        3
280
     0
281
     0
  0
CLASS
  1
CELLSTYLEMAP
  2
AcDbCellStyleMap
  3
ObjectDBX Classes
 90
     1152
 91
        3
280
     0
281
     0
  0
ENDSEC
  0
SECTION
  2
TABLES
  0
TABLE
  2
VPORT
  5
8
330
0
100
AcDbSymbolTable
 70
     1
  0
VPORT
  5
29
330
8
100
AcDbSymbolTableRecord
100
AcDbViewportTableRecord
  2
*Active
 70
     0
 10
0.0
 20
0.0
 11
1.0
 21
1.0
 12
10.42990654205607
 22
4.5
 13
0.0
 23
0.0
 14
0.5
 24
0.5
 15
0.5
 25
0.5
 16
0.0
 26
0.0
 36
1.0
 17
0.0
 27
0.0
 37
0.0
 40
9.0
 41
1.972972972850329
 42
50.0
 43
0.0
 44
0.0
 50
0.0
 51
0.0
 71
     0
 72
   100
 73
     1
 74
     3
 75
     0
 76
     0
 77
     0
 78
     0
281
     0
 65
     1
110
0.0
120
0.0
130
0.0
111
1.0
121
0.0
131
0.0
112
0.0
122
1.0
132
0.0
 79
     0
146
0.0
348
2F
 60
     3
 61
     5
292
     1
282
     1
141
0.0
142
0.0
 63
   250
361
6D
  0
ENDTAB
  0
TABLE
  2
LTYPE
  5
5
330
0
100
AcDbSymbolTable
 70
     1
  0
LTYPE
  5
14
330
5
100
AcDbSymbolTableRecord
100
AcDbLinetypeTableRecord
  2
ByBlock
 70
     0
  3

 72
    65
 73
     0
 40
0.0
  0
LTYPE
  5
15
330
5
100
AcDbSymbolTableRecord
100
AcDbLinetypeTableRecord
  2
ByLayer
 70
     0
  3

 72
    65
 73
     0
 40
0.0
  0
LTYPE
  5
16
330
5
100
AcDbSymbolTableRecord
100
AcDbLinetypeTableRecord
  2
Continuous
 70
     0
  3
Solid line
 72
    65
 73
     0
 40
0.0
  0
ENDTAB
  0
TABLE
  2
LAYER
  5
2
330
0
100
AcDbSymbolTable
 70
     2
  0
LAYER
  5
10
330
2
100
AcDbSymbolTableRecord
100
AcDbLayerTableRecord
  2
0
 70
     0
 62
     7
  6
Continuous
370
    -3
390
F
347
46
  0
LAYER
  5
6F
330
2
100
AcDbSymbolTableRecord
100
AcDbLayerTableRecord
  2
layer 1
 70
     0
 62
     7
  6
Continuous
370
    -3
390
F
347
46
  0
ENDTAB
  0
TABLE
  2
STYLE
  5
3
330
0
100
AcDbSymbolTable
 70
     1
  0
STYLE
  5
11
330
3
100
AcDbSymbolTableRecord
100
AcDbTextStyleTableRecord
  2
Standard
 70
     0
 40
0.0
 41
1.0
 50
0.0
 71
     0
 42
0.2
  3
txt
  4

  0
ENDTAB
  0
TABLE
  2
VIEW
  5
6
330
0
100
AcDbSymbolTable
 70
     0
  0
ENDTAB
  0
TABLE
  2
UCS
  5
7
330
0
100
AcDbSymbolTable
 70
     0
  0
ENDTAB
  0
TABLE
  2
APPID
  5
9
330
0
100
AcDbSymbolTable
 70
     3
  0
APPID
  5
12
330
9
100
AcDbSymbolTableRecord
100
AcDbRegAppTableRecord
  2
ACAD
 70
     0
  0
APPID
  5
6E
330
9
100
AcDbSymbolTableRecord
100
AcDbRegAppTableRecord
  2
ODA
 70
     0
  0
APPID
  5
F0
330
9
100
AcDbSymbolTableRecord
100
AcDbRegAppTableRecord
  2
ACAD_MLEADERVER
 70
     0
  0
ENDTAB
  0
TABLE
  2
DIMSTYLE
  5
A
330
0
100
AcDbSymbolTable
 70
     1
100
AcDbDimStyleTable
  0
DIMSTYLE
105
27
330
A
100
AcDbSymbolTableRecord
100
AcDbDimStyleTableRecord
  2
Standard
 70
     0
178
     0
340
11
  0
ENDTAB
  0
TABLE
  2
BLOCK_RECORD
  5
1
330
0
100
AcDbSymbolTable
 70
     1
  0
BLOCK_RECORD
  5
1F
330
1
100
AcDbSymbolTableRecord
100
AcDbBlockTableRecord
  2
*Model_Space
340
22
 70
     0
280
     1
281
     0
  0
BLOCK_RECORD
  5
1B
330
1
100
AcDbSymbolTableRecord
100
AcDbBlockTableRecord
  2
*Paper_Space
340
1E
 70
     0
280
     1
281
     0
  0
BLOCK_RECORD
  5
23
330
1
100
AcDbSymbolTableRecord
100
AcDbBlockTableRecord
  2
*Paper_Space0
340
26
 70
     0
280
     1
281
     0
  0
ENDTAB
  0
ENDSEC
  0
SECTION
  2
BLOCKS
  0
BLOCK
  5
20
330
1F
100
AcDbEntity
  8
0
100
AcDbBlockBegin
  2
*Model_Space
 70
     0
 10
0.0
 20
0.0
 30
0.0
  3
*Model_Space
  1

  0
ENDBLK
  5
21
330
1F
100
AcDbEntity
  8
0
100
AcDbBlockEnd
  0
BLOCK
  5
1C
330
1B
100
AcDbEntity
 67
     1
  8
0
100
AcDbBlockBegin
  2
*Paper_Space
 70
     0
 10
0.0
 20
0.0
 30
0.0
  3
*Paper_Space
  1

  0
ENDBLK
  5
1D
330
1B
100
AcDbEntity
 67
     1
  8
0
100
AcDbBlockEnd
  0
BLOCK
  5
24
330
23
100
AcDbEntity
  8
0
100
AcDbBlockBegin
  2
*Paper_Space0
 70
     0
 10
0.0
 20
0.0
 30
0.0
  3
*Paper_Space0
  1

  0
ENDBLK
  5
25
330
23
100
AcDbEntity
  8
0
100
AcDbBlockEnd
  0
ENDSEC
  0
SECTION
  2
ENTITIES
  0
SPLINE
  5
70
330
1F
100
AcDbEntity
  8
layer 1
 62
   253
370
    70
100
AcDbSpline
210
0.0
220
0.0
230
1.0
 70
    11
 71
     3
 72
    36
 73
    32
 74
     0
 42
0.000000001
 43
0.0000000001
 40
0.0
 40
0.0
 40
0.0
 40
0.0
 40
0.1111111111111111
 40
0.1111111111111111
 40
0.1111111111111111
 40
0.1111111111111111
 40
0.2222222222222222
 40
0.2222222222222222
 40
0.2222222222222222
 40
0.2222222222222222
 40
0.3333333333333333
 40
0.3333333333333333
 40
0.3333333333333333
 40
0.3333333333333333
 40
0.4444444444444444
 40
0.4444444444444444
 40
0.4444444444444444
 40
0.4444444444444444
 40
0.5555555555555556
 40
0.5555555555555556
 40
0.5555555555555556
 40
0.5555555555555556
 40
0.6666666666666666
 40
0.6666666666666666
 40
0.6666666666666666
 40
0.6666666666666666
 40
0.7777777777777778
 40
0.7777777777777778
 40
0.7777777777777778
 40
0.7777777777777778
 40
1.0
 40
1.0
 40
1.0
 40
1.0
 10
-29.2
 20
39.8101
 30
0.0
 10
-29.2
 20
39.8101
 30
0.0
 10
29.1999
 20
39.8101
 30
0.0
 10
29.1999
 20
39.8101
 30
0.0
 10
29.1999
 20
39.8101
 30
0.0
 10
32.39
 20
39.8101
 30
0.0
 10
35.0
 20
37.2001
 30
0.0
 10
35.0
 20
34.0102
 30
0.0
 10
35.0
 20
34.0102
 30
0.0
 10
35.0
 20
34.0102
 30
0.0
 10
35.0
 20
-34.39
 30
0.0
 10
35.0
 20
-34.39
 30
0.0
 10
35.0
 20
-34.39
 30
0.0
 10
35.0
 20
-37.5799
 30
0.0
 10
32.39
 20
-40.1899
 30
0.0
 10
29.1999
 20
-40.1899
 30
0.0
 10
29.1999
 20
-40.1899
 30
0.0
 10
29.1999
 20
-40.1899
 30
0.0
 10
-29.2
 20
-40.1899
 30
0.0
 10
-29.2
 20
-40.1899
 30
0.0
 10
-29.2
 20
-40.1899
 30
0.0
 10
-32.3901
 20
-40.1899
 30
0.0
 10
-35.0
 20
-37.5799
 30
0.0
 10
-35.0
 20
-34.39
 30
0.0
 10
-35.0
 20
-34.39
 30
0.0
 10
-35.0
 20
-34.39
 30
0.0
 10
-35.0
 20
34.0102
 30
0.0
 10
-35.0
 20
34.0102
 30
0.0
 10
-35.0
 20
34.0102
 30
0.0
 10
-35.0
 20
37.2001
 30
0.0
 10
-32.3901
 20
39.8101
 30
0.0
 10
-29.2
 20
39.8101
 30
0.0
  0
ELLIPSE
  5
71
330
1F
100
AcDbEntity
  8
layer 1
 62
     7
100
AcDbEllipse
 10
-25.6382
 20
30.9915
 30
0.0
 11
0.0
 21
2.5
 31
0.0
210
0.0
220
0.0
230
1.0
 40
1.0
 41
0.0
 42
6.283185307179586
  0
SPLINE
  5
72
330
1F
100
AcDbEntity
  8
layer 1
 62
     7
370
    70
100
AcDbSpline
210
0.0
220
0.0
230
1.0
 70
    11
 71
     3
 72
    36
 73
    32
 74
     0
 42
0.000000001
 43
0.0000000001
 40
0.0
 40
0.0
 40
0.0
 40
0.0
 40
0.1111111111111111
 40
0.1111111111111111
 40
0.1111111111111111
 40
0.1111111111111111
 40
0.2222222222222222
 40
0.2222222222222222
 40
0.2222222222222222
 40
0.2222222222222222
 40
0.3333333333333333
 40
0.3333333333333333
 40
0.3333333333333333
 40
0.3333333333333333
 40
0.4444444444444444
 40
0.4444444444444444
 40
0.4444444444444444
 40
0.4444444444444444
 40
0.5555555555555556
 40
0.5555555555555556
 40
0.5555555555555556
 40
0.5555555555555556
 40
0.6666666666666666
 40
0.6666666666666666
 40
0.6666666666666666
 40
0.6666666666666666
 40
0.7777777777777778
 40
0.7777777777777778
 40
0.7777777777777778
 40
0.7777777777777778
 40
1.0
 40
1.0
 40
1.0
 40
1.0
 10
-18.3
 20
25.9203
 30
0.0
 10
-18.3
 20
25.9203
 30
0.0
 10
18.3
 20
25.9203
 30
0.0
 10
18.3
 20
25.9203
 30
0.0
 10
18.3
 20
25.9203
 30
0.0
 10
18.685
 20
25.9203
 30
0.0
 10
19.0
 20
25.6053
 30
0.0
 10
19.0
 20
25.2203
 30
0.0
 10
19.0
 20
25.2203
 30
0.0
 10
19.0
 20
25.2203
 30
0.0
 10
19.0
 20
11.3803
 30
0.0
 10
19.0
 20
11.3803
 30
0.0
 10
19.0
 20
11.3803
 30
0.0
 10
19.0
 20
10.9953
 30
0.0
 10
18.685
 20
10.6803
 30
0.0
 10
18.3
 20
10.6803
 30
0.0
 10
18.3
 20
10.6803
 30
0.0
 10
18.3
 20
10.6803
 30
0.0
 10
-18.3
 20
10.6803
 30
0.0
 10
-18.3
 20
10.6803
 30
0.0
 10
-18.3
 20
10.6803
 30
0.0
 10
-18.685
 20
10.6803
 30
0.0
 10
-19.0
 20
10.9953
 30
0.0
 10
-19.0
 20
11.3803
 30
0.0
 10
-19.0
 20
11.3803
 30
0.0
 10
-19.0
 20
11.3803
 30
0.0
 10
-19.0
 20
25.2203
 30
0.0
 10
-19.0
 20
25.2203
 30
0.0
 10
-19.0
 20
25.2203
 30
0.0
 10
-19.0
 20
25.6053
 30
0.0
 10
-18.685
 20
25.9203
 30
0.0
 10
-18.3
 20
25.9203
 30
0.0
  0
SPLINE
  5
73
330
1F
100
AcDbEntity
  8
layer 1
 62
   142
370
     9
100
AcDbSpline
210
0.0
220
0.0
230
1.0
 70
    11
 71
     3
 72
   644
 73
   640
 74
     0
 42
0.000000001
 43
0.0000000001
 40
0.0
 40
0.0
 40
0.0
 40
0.0
 40
0.0062111801242236
 40
0.0062111801242236
 40
0.0062111801242236
 40
0.0062111801242236
 40
0.0124223602484472
 40
0.0124223602484472
 40
0.0124223602484472
 40
0.0124223602484472
 40
0.0186335403726708
 40
0.0186335403726708
 40
0.0186335403726708
 40
0.0186335403726708
 40
0.0248447204968944
 40
0.0248447204968944
 40
0.0248447204968944
 40
0.0248447204968944
 40
0.031055900621118
 40
0.031055900621118
 40
0.031055900621118
 40
0.031055900621118
 40
0.0372670807453416
 40
0.0372670807453416
 40
0.0372670807453416
 40
0.0372670807453416
 40
0.0434782608695652
 40
0.0434782608695652
 40
0.0434782608695652
 40
0.0434782608695652
 40
0.0496894409937888
 40
0.0496894409937888
 40
0.0496894409937888
 40
0.0496894409937888
 40
0.0559006211180124
 40
0.0559006211180124
 40
0.0559006211180124
 40
0.0559006211180124
 40
0.062111801242236
 40
0.062111801242236
 40
0.062111801242236
 40
0.062111801242236
 40
0.0683229813664596
 40
0.0683229813664596
 40
0.0683229813664596
 40
0.0683229813664596
 40
0.0745341614906832
 40
0.0745341614906832
 40
0.0745341614906832
 40
0.0745341614906832
 40
0.0807453416149068
 40
0.0807453416149068
 40
0.0807453416149068
 40
0.0807453416149068
 40
0.0869565217391304
 40
0.0869565217391304
 40
0.0869565217391304
 40
0.0869565217391304
 40
0.093167701863354
 40
0.093167701863354
 40
0.093167701863354
 40
0.093167701863354
 40
0.0993788819875776
 40
0.0993788819875776
 40
0.0993788819875776
 40
0.0993788819875776
 40
0.1055900621118012
 40
0.1055900621118012
 40
0.1055900621118012
 40
0.1055900621118012
 40
0.1118012422360248
 40
0.1118012422360248
 40
0.1118012422360248
 40
0.1118012422360248
 40
0.1180124223602484
 40
0.1180124223602484
 40
0.1180124223602484
 40
0.1180124223602484
 40
0.124223602484472
 40
0.124223602484472
 40
0.124223602484472
 40
0.124223602484472
 40
0.1304347826086956
 40
0.1304347826086956
 40
0.1304347826086956
 40
0.1304347826086956
 40
0.1366459627329193
 40
0.1366459627329193
 40
0.1366459627329193
 40
0.1366459627329193
 40
0.1428571428571428
 40
0.1428571428571428
 40
0.1428571428571428
 40
0.1428571428571428
 40
0.1490683229813665
 40
0.1490683229813665
 40
0.1490683229813665
 40
0.1490683229813665
 40
0.15527950310559
 40
0.15527950310559
 40
0.15527950310559
 40
0.15527950310559
 40
0.1614906832298137
 40
0.1614906832298137
 40
0.1614906832298137
 40
0.1614906832298137
 40
0.1677018633540373
 40
0.1677018633540373
 40
0.1677018633540373
 40
0.1677018633540373
 40
0.1739130434782609
 40
0.1739130434782609
 40
0.1739130434782609
 40
0.1739130434782609
 40
0.1801242236024845
 40
0.1801242236024845
 40
0.1801242236024845
 40
0.1801242236024845
 40
0.1863354037267081
 40
0.1863354037267081
 40
0.1863354037267081
 40
0.1863354037267081
 40
0.1925465838509317
 40
0.1925465838509317
 40
0.1925465838509317
 40
0.1925465838509317
 40
0.1987577639751553
 40
0.1987577639751553
 40
0.1987577639751553
 40
0.1987577639751553
 40
0.2049689440993789
 40
0.2049689440993789
 40
0.2049689440993789
 40
0.2049689440993789
 40
0.2111801242236025
 40
0.2111801242236025
 40
0.2111801242236025
 40
0.2111801242236025
 40
0.2173913043478261
 40
0.2173913043478261
 40
0.2173913043478261
 40
0.2173913043478261
 40
0.2236024844720497
 40
0.2236024844720497
 40
0.2236024844720497
 40
0.2236024844720497
 40
0.2298136645962733
 40
0.2298136645962733
 40
0.2298136645962733
 40
0.2298136645962733
 40
0.2360248447204969
 40
0.2360248447204969
 40
0.2360248447204969
 40
0.2360248447204969
 40
0.2422360248447205
 40
0.2422360248447205
 40
0.2422360248447205
 40
0.2422360248447205
 40
0.2484472049689441
 40
0.2484472049689441
 40
0.2484472049689441
 40
0.2484472049689441
 40
0.2546583850931677
 40
0.2546583850931677
 40
0.2546583850931677
 40
0.2546583850931677
 40
0.2608695652173913
 40
0.2608695652173913
 40
0.2608695652173913
 40
0.2608695652173913
 40
0.2670807453416149
 40
0.2670807453416149
 40
0.2670807453416149
 40
0.2670807453416149
 40
0.2732919254658385
 40
0.2732919254658385
 40
0.2732919254658385
 40
0.2732919254658385
 40
0.2795031055900621
 40
0.2795031055900621
 40
0.2795031055900621
 40
0.2795031055900621
 40
0.2857142857142857
 40
0.2857142857142857
 40
0.2857142857142857
 40
0.2857142857142857
 40
0.2919254658385093
 40
0.2919254658385093
 40
0.2919254658385093
 40
0.2919254658385093
 40
0.2981366459627329
 40
0.2981366459627329
 40
0.2981366459627329
 40
0.2981366459627329
 40
0.3043478260869565
 40
0.3043478260869565
 40
0.3043478260869565
 40
0.3043478260869565
 40
0.3105590062111801
 40
0.3105590062111801
 40
0.3105590062111801
 40
0.3105590062111801
 40
0.3167701863354037
 40
0.3167701863354037
 40
0.3167701863354037
 40
0.3167701863354037
 40
0.3229813664596273
 40
0.3229813664596273
 40
0.3229813664596273
 40
0.3229813664596273
 40
0.3291925465838509
 40
0.3291925465838509
 40
0.3291925465838509
 40
0.3291925465838509
 40
0.3354037267080746
 40
0.3354037267080746
 40
0.3354037267080746
 40
0.3354037267080746
 40
0.3416149068322981
 40
0.3416149068322981
 40
0.3416149068322981
 40
0.3416149068322981
 40
0.3478260869565217
 40
0.3478260869565217
 40
0.3478260869565217
 40
0.3478260869565217
 40
0.3540372670807453
 40
0.3540372670807453
 40
0.3540372670807453
 40
0.3540372670807453
 40
0.360248447204969
 40
0.360248447204969
 40
0.360248447204969
 40
0.360248447204969
 40
0.3664596273291926
 40
0.3664596273291926
 40
0.3664596273291926
 40
0.3664596273291926
 40
0.3726708074534161
 40
0.3726708074534161
 40
0.3726708074534161
 40
0.3726708074534161
 40
0.3788819875776397
 40
0.3788819875776397
 40
0.3788819875776397
 40
0.3788819875776397
 40
0.3850931677018634
 40
0.3850931677018634
 40
0.3850931677018634
 40
0.3850931677018634
 40
0.391304347826087
 40
0.391304347826087
 40
0.391304347826087
 40
0.391304347826087
 40
0.3975155279503105
 40
0.3975155279503105
 40
0.3975155279503105
 40
0.3975155279503105
 40
0.4037267080745341
 40
0.4037267080745341
 40
0.4037267080745341
 40
0.4037267080745341
 40
0.4099378881987578
 40
0.4099378881987578
 40
0.4099378881987578
 40
0.4099378881987578
 40
0.4161490683229814
 40
0.4161490683229814
 40
0.4161490683229814
 40
0.4161490683229814
 40
0.422360248447205
 40
0.422360248447205
 40
0.422360248447205
 40
0.422360248447205
 40
0.4285714285714285
 40
0.4285714285714285
 40
0.4285714285714285
 40
0.4285714285714285
 40
0.4347826086956522
 40
0.4347826086956522
 40
0.4347826086956522
 40
0.4347826086956522
 40
0.4409937888198758
 40
0.4409937888198758
 40
0.4409937888198758
 40
0.4409937888198758
 40
0.4472049689440994
 40
0.4472049689440994
 40
0.4472049689440994
 40
0.4472049689440994
 40
0.453416149068323
 40
0.453416149068323
 40
0.453416149068323
 40
0.453416149068323
 40
0.4596273291925466
 40
0.4596273291925466
 40
0.4596273291925466
 40
0.4596273291925466
 40
0.4658385093167702
 40
0.4658385093167702
 40
0.4658385093167702
 40
0.4658385093167702
 40
0.4720496894409938
 40
0.4720496894409938
 40
0.4720496894409938
 40
0.4720496894409938
 40
0.4782608695652174
 40
0.4782608695652174
 40
0.4782608695652174
 40
0.4782608695652174
 40
0.484472049689441
 40
0.484472049689441
 40
0.484472049689441
 40
0.484472049689441
 40
0.4906832298136646
 40
0.4906832298136646
 40
0.4906832298136646
 40
0.4906832298136646
 40
0.4968944099378882
 40
0.4968944099378882
 40
0.4968944099378882
 40
0.4968944099378882
 40
0.5031055900621118
 40
0.5031055900621118
 40
0.5031055900621118
 40
0.5031055900621118
 40
0.5093167701863354
 40
0.5093167701863354
 40
0.5093167701863354
 40
0.5093167701863354
 40
0.515527950310559
 40
0.515527950310559
 40
0.515527950310559
 40
0.515527950310559
 40
0.5217391304347826
 40
0.5217391304347826
 40
0.5217391304347826
 40
0.5217391304347826
 40
0.5279503105590062
 40
0.5279503105590062
 40
0.5279503105590062
 40
0.5279503105590062
 40
0.5341614906832298
 40
0.5341614906832298
 40
0.5341614906832298
 40
0.5341614906832298
 40
0.5403726708074534
 40
0.5403726708074534
 40
0.5403726708074534
 40
0.5403726708074534
 40
0.546583850931677
 40
0.546583850931677
 40
0.546583850931677
 40
0.546583850931677
 40
0.5527950310559007
 40
0.5527950310559007
 40
0.5527950310559007
 40
0.5527950310559007
 40
0.5590062111801242
 40
0.5590062111801242
 40
0.5590062111801242
 40
0.5590062111801242
 40
0.5652173913043478
 40
0.5652173913043478
 40
0.5652173913043478
 40
0.5652173913043478
 40
0.5714285714285714
 40
0.5714285714285714
 40
0.5714285714285714
 40
0.5714285714285714
 40
0.577639751552795
 40
0.577639751552795
 40
0.577639751552795
 40
0.577639751552795
 40
0.5838509316770186
 40
0.5838509316770186
 40
0.5838509316770186
 40
0.5838509316770186
 40
0.5900621118012422
 40
0.5900621118012422
 40
0.5900621118012422
 40
0.5900621118012422
 40
0.5962732919254659
 40
0.5962732919254659
 40
0.5962732919254659
 40
0.5962732919254659
 40
0.6024844720496895
 40
0.6024844720496895
 40
0.6024844720496895
 40
0.6024844720496895
 40
0.6086956521739131
 40
0.6086956521739131
 40
0.6086956521739131
 40
0.6086956521739131
 40
0.6149068322981367
 40
0.6149068322981367
 40
0.6149068322981367
 40
0.6149068322981367
 40
0.6211180124223602
 40
0.6211180124223602
 40
0.6211180124223602
 40
0.6211180124223602
 40
0.6273291925465838
 40
0.6273291925465838
 40
0.6273291925465838
 40
0.6273291925465838
 40
0.6335403726708074
 40
0.6335403726708074
 40
0.6335403726708074
 40
0.6335403726708074
 40
0.639751552795031
 40
0.639751552795031
 40
0.639751552795031
 40
0.639751552795031
 40
0.6459627329192547
 40
0.6459627329192547
 40
0.6459627329192547
 40
0.6459627329192547
 40
0.6521739130434783
 40
0.6521739130434783
 40
0.6521739130434783
 40
0.6521739130434783
 40
0.6583850931677019
 40
0.6583850931677019
 40
0.6583850931677019
 40
0.6583850931677019
 40
0.6645962732919255
 40
0.6645962732919255
 40
0.6645962732919255
 40
0.6645962732919255
 40
0.6708074534161491
 40
0.6708074534161491
 40
0.6708074534161491
 40
0.6708074534161491
 40
0.6770186335403726
 40
0.6770186335403726
 40
0.6770186335403726
 40
0.6770186335403726
 40
0.6832298136645962
 40
0.6832298136645962
 40
0.6832298136645962
 40
0.6832298136645962
 40
0.6894409937888198
 40
0.6894409937888198
 40
0.6894409937888198
 40
0.6894409937888198
 40
0.6956521739130435
 40
0.6956521739130435
 40
0.6956521739130435
 40
0.6956521739130435
 40
0.7018633540372671
 40
0.7018633540372671
 40
0.7018633540372671
 40
0.7018633540372671
 40
0.7080745341614907
 40
0.7080745341614907
 40
0.7080745341614907
 40
0.7080745341614907
 40
0.7142857142857143
 40
0.7142857142857143
 40
0.7142857142857143
 40
0.7142857142857143
 40
0.7204968944099379
 40
0.7204968944099379
 40
0.7204968944099379
 40
0.7204968944099379
 40
0.7267080745341615
 40
0.7267080745341615
 40
0.7267080745341615
 40
0.7267080745341615
 40
0.7329192546583851
 40
0.7329192546583851
 40
0.7329192546583851
 40
0.7329192546583851
 40
0.7391304347826086
 40
0.7391304347826086
 40
0.7391304347826086
 40
0.7391304347826086
 40
0.7453416149068323
 40
0.7453416149068323
 40
0.7453416149068323
 40
0.7453416149068323
 40
0.7515527950310559
 40
0.7515527950310559
 40
0.7515527950310559
 40
0.7515527950310559
 40
0.7577639751552795
 40
0.7577639751552795
 40
0.7577639751552795
 40
0.7577639751552795
 40
0.7639751552795031
 40
0.7639751552795031
 40
0.7639751552795031
 40
0.7639751552795031
 40
0.7701863354037267
 40
0.7701863354037267
 40
0.7701863354037267
 40
0.7701863354037267
 40
0.7763975155279503
 40
0.7763975155279503
 40
0.7763975155279503
 40
0.7763975155279503
 40
0.782608695652174
 40
0.782608695652174
 40
0.782608695652174
 40
0.782608695652174
 40
0.7888198757763976
 40
0.7888198757763976
 40
0.7888198757763976
 40
0.7888198757763976
 40
0.7950310559006211
 40
0.7950310559006211
 40
0.7950310559006211
 40
0.7950310559006211
 40
0.8012422360248447
 40
0.8012422360248447
 40
0.8012422360248447
 40
0.8012422360248447
 40
0.8074534161490683
 40
0.8074534161490683
 40
0.8074534161490683
 40
0.8074534161490683
 40
0.8136645962732919
 40
0.8136645962732919
 40
0.8136645962732919
 40
0.8136645962732919
 40
0.8198757763975155
 40
0.8198757763975155
 40
0.8198757763975155
 40
0.8198757763975155
 40
0.8260869565217391
 40
0.8260869565217391
 40
0.8260869565217391
 40
0.8260869565217391
 40
0.8322981366459627
 40
0.8322981366459627
 40
0.8322981366459627
 40
0.8322981366459627
 40
0.8385093167701864
 40
0.8385093167701864
 40
0.8385093167701864
 40
0.8385093167701864
 40
0.84472049689441
 40
0.84472049689441
 40
0.84472049689441
 40
0.84472049689441
 40
0.8509316770186336
 40
0.8509316770186336
 40
0.8509316770186336
 40
0.8509316770186336
 40
0.8571428571428571
 40
0.8571428571428571
 40
0.8571428571428571
 40
0.8571428571428571
 40
0.8633540372670807
 40
0.8633540372670807
 40
0.8633540372670807
 40
0.8633540372670807
 40
0.8695652173913043
 40
0.8695652173913043
 40
0.8695652173913043
 40
0.8695652173913043
 40
0.8757763975155279
 40
0.8757763975155279
 40
0.8757763975155279
 40
0.8757763975155279
 40
0.8819875776397516
 40
0.8819875776397516
 40
0.8819875776397516
 40
0.8819875776397516
 40
0.8881987577639752
 40
0.8881987577639752
 40
0.8881987577639752
 40
0.8881987577639752
 40
0.8944099378881988
 40
0.8944099378881988
 40
0.8944099378881988
 40
0.8944099378881988
 40
0.9006211180124224
 40
0.9006211180124224
 40
0.9006211180124224
 40
0.9006211180124224
 40
0.906832298136646
 40
0.906832298136646
 40
0.906832298136646
 40
0.906832298136646
 40
0.9130434782608695
 40
0.9130434782608695
 40
0.9130434782608695
 40
0.9130434782608695
 40
0.9192546583850931
 40
0.9192546583850931
 40
0.9192546583850931
 40
0.9192546583850931
 40
0.9254658385093167
 40
0.9254658385093167
 40
0.9254658385093167
 40
0.9254658385093167
 40
0.9316770186335404
 40
0.9316770186335404
 40
0.9316770186335404
 40
0.9316770186335404
 40
0.937888198757764
 40
0.937888198757764
 40
0.937888198757764
 40
0.937888198757764
 40
0.9440993788819876
 40
0.9440993788819876
 40
0.9440993788819876
 40
0.9440993788819876
 40
0.9503105590062112
 40
0.9503105590062112
 40
0.9503105590062112
 40
0.9503105590062112
 40
0.9565217391304348
 40
0.9565217391304348
 40
0.9565217391304348
 40
0.9565217391304348
 40
0.9627329192546584
 40
0.9627329192546584
 40
0.9627329192546584
 40
0.9627329192546584
 40
0.968944099378882
 40
0.968944099378882
 40
0.968944099378882
 40
0.968944099378882
 40
0.9751552795031055
 40
0.9751552795031055
 40
0.9751552795031055
 40
0.9751552795031055
 40
0.9813664596273292
 40
0.9813664596273292
 40
0.9813664596273292
 40
0.9813664596273292
 40
0.9875776397515528
 40
0.9875776397515528
 40
0.9875776397515528
 40
0.9875776397515528
 40
1.0
 40
1.0
 40
1.0
 40
1.0
 10
-27.8845
 20
30.8619
 30
0.0
 10
-27.8845
 20
30.8619
 30
0.0
 10
-27.8855
 20
30.961
 30
0.0
 10
-27.8855
 20
30.961
 30
0.0
 10
-27.8855
 20
30.961
 30
0.0
 10
-27.8855
 20
30.961
 30
0.0
 10
-27.8855
 20
31.0618
 30
0.0
 10
-27.8855
 20
31.0618
 30
0.0
 10
-27.8855
 20
31.0618
 30
0.0
 10
-27.8865
 20
31.0898
 30
0.0
 10
-27.8903
 20
31.1402
 30
0.0
 10
-27.8761
 20
31.1584
 30
0.0
 10
-27.8761
 20
31.1584
 30
0.0
 10
-27.8812
 20
31.1925
 30
0.0
 10
-27.8766
 20
31.2102
 30
0.0
 10
-27.873
 20
31.243
 30
0.0
 10
-27.873
 20
31.243
 30
0.0
 10
-27.873
 20
31.243
 30
0.0
 10
-27.8601
 20
31.3358
 30
0.0
 10
-27.8601
 20
31.3358
 30
0.0
 10
-27.8601
 20
31.3358
 30
0.0
 10
-27.8601
 20
31.3358
 30
0.0
 10
-27.8449
 20
31.4238
 30
0.0
 10
-27.8449
 20
31.4238
 30
0.0
 10
-27.8449
 20
31.4238
 30
0.0
 10
-27.8449
 20
31.4238
 30
0.0
 10
-27.8222
 20
31.5215
 30
0.0
 10
-27.8222
 20
31.5215
 30
0.0
 10
-27.8222
 20
31.5215
 30
0.0
 10
-27.8222
 20
31.5215
 30
0.0
 10
-27.8033
 20
31.6053
 30
0.0
 10
-27.8033
 20
31.6053
 30
0.0
 10
-27.8033
 20
31.6053
 30
0.0
 10
-27.8033
 20
31.6053
 30
0.0
 10
-27.798
 20
31.6157
 30
0.0
 10
-27.798
 20
31.6157
 30
0.0
 10
-27.798
 20
31.6157
 30
0.0
 10
-27.798
 20
31.6157
 30
0.0
 10
-27.7704
 20
31.7049
 30
0.0
 10
-27.7704
 20
31.7049
 30
0.0
 10
-27.7704
 20
31.7049
 30
0.0
 10
-27.7704
 20
31.7049
 30
0.0
 10
-27.7347
 20
31.8026
 30
0.0
 10
-27.7347
 20
31.8026
 30
0.0
 10
-27.7347
 20
31.8026
 30
0.0
 10
-27.7347
 20
31.8026
 30
0.0
 10
-27.7081
 20
31.8673
 30
0.0
 10
-27.7081
 20
31.8673
 30
0.0
 10
-27.7081
 20
31.8673
 30
0.0
 10
-27.7081
 20
31.8673
 30
0.0
 10
-27.6976
 20
31.8981
 30
0.0
 10
-27.6976
 20
31.8981
 30
0.0
 10
-27.6976
 20
31.8981
 30
0.0
 10
-27.6976
 20
31.8981
 30
0.0
 10
-27.6519
 20
31.986
 30
0.0
 10
-27.6519
 20
31.986
 30
0.0
 10
-27.6519
 20
31.986
 30
0.0
 10
-27.6445
 20
32.0124
 30
0.0
 10
-27.6258
 20
32.0537
 30
0.0
 10
-27.6071
 20
32.0695
 30
0.0
 10
-27.6071
 20
32.0695
 30
0.0
 10
-27.6062
 20
32.0847
 30
0.0
 10
-27.6103
 20
32.0752
 30
0.0
 10
-27.6038
 20
32.0864
 30
0.0
 10
-27.6038
 20
32.0864
 30
0.0
 10
-27.6038
 20
32.0864
 30
0.0
 10
-27.5473
 20
32.1775
 30
0.0
 10
-27.5473
 20
32.1775
 30
0.0
 10
-27.5473
 20
32.1775
 30
0.0
 10
-27.5473
 20
32.1775
 30
0.0
 10
-27.5167
 20
32.2235
 30
0.0
 10
-27.5167
 20
32.2235
 30
0.0
 10
-27.5167
 20
32.2235
 30
0.0
 10
-27.5167
 20
32.2235
 30
0.0
 10
-27.4849
 20
32.2712
 30
0.0
 10
-27.4849
 20
32.2712
 30
0.0
 10
-27.4849
 20
32.2712
 30
0.0
 10
-27.476
 20
32.2918
 30
0.0
 10
-27.451
 20
32.3346
 30
0.0
 10
-27.4275
 20
32.3484
 30
0.0
 10
-27.4275
 20
32.3484
 30
0.0
 10
-27.4275
 20
32.3484
 30
0.0
 10
-27.4161
 20
32.3663
 30
0.0
 10
-27.4161
 20
32.3663
 30
0.0
 10
-27.4161
 20
32.3663
 30
0.0
 10
-27.3975
 20
32.4012
 30
0.0
 10
-27.285
 20
32.5313
 30
0.0
 10
-27.2535
 20
32.5543
 30
0.0
 10
-27.2535
 20
32.5543
 30
0.0
 10
-27.2535
 20
32.5543
 30
0.0
 10
-27.2356
 20
32.5722
 30
0.0
 10
-27.2356
 20
32.5722
 30
0.0
 10
-27.2356
 20
32.5722
 30
0.0
 10
-27.2147
 20
32.6021
 30
0.0
 10
-27.077
 20
32.7322
 30
0.0
 10
-27.0482
 20
32.7417
 30
0.0
 10
-27.0482
 20
32.7417
 30
0.0
 10
-27.0303
 20
32.7621
 30
0.0
 10
-27.0258
 20
32.7637
 30
0.0
 10
-27.0048
 20
32.7793
 30
0.0
 10
-27.0048
 20
32.7793
 30
0.0
 10
-26.9991
 20
32.7836
 30
0.0
 10
-26.9892
 20
32.792
 30
0.0
 10
-26.9838
 20
32.7957
 30
0.0
 10
-26.9838
 20
32.7957
 30
0.0
 10
-26.9626
 20
32.8102
 30
0.0
 10
-26.9764
 20
32.8034
 30
0.0
 10
-26.957
 20
32.8071
 30
0.0
 10
-26.957
 20
32.8071
 30
0.0
 10
-26.9472
 20
32.8266
 30
0.0
 10
-26.9423
 20
32.8253
 30
0.0
 10
-26.9235
 20
32.8362
 30
0.0
 10
-26.9235
 20
32.8362
 30
0.0
 10
-26.9235
 20
32.8362
 30
0.0
 10
-26.8588
 20
32.8786
 30
0.0
 10
-26.8588
 20
32.8786
 30
0.0
 10
-26.8588
 20
32.8786
 30
0.0
 10
-26.8353
 20
32.9029
 30
0.0
 10
-26.7031
 20
32.9754
 30
0.0
 10
-26.6674
 20
32.9894
 30
0.0
 10
-26.6674
 20
32.9894
 30
0.0
 10
-26.6511
 20
33.0109
 30
0.0
 10
-26.5148
 20
33.0679
 30
0.0
 10
-26.4885
 20
33.0695
 30
0.0
 10
-26.4885
 20
33.0695
 30
0.0
 10
-26.4729
 20
33.0893
 30
0.0
 10
-26.4258
 20
33.0996
 30
0.0
 10
-26.3992
 20
33.11
 30
0.0
 10
-26.3992
 20
33.11
 30
0.0
 10
-26.3992
 20
33.11
 30
0.0
 10
-26.3534
 20
33.1231
 30
0.0
 10
-26.3534
 20
33.1231
 30
0.0
 10
-26.3534
 20
33.1231
 30
0.0
 10
-26.3534
 20
33.1231
 30
0.0
 10
-26.3055
 20
33.1413
 30
0.0
 10
-26.3055
 20
33.1413
 30
0.0
 10
-26.3055
 20
33.1413
 30
0.0
 10
-26.2759
 20
33.1522
 30
0.0
 10
-26.2388
 20
33.1655
 30
0.0
 10
-26.2085
 20
33.1637
 30
0.0
 10
-26.2085
 20
33.1637
 30
0.0
 10
-26.1912
 20
33.1809
 30
0.0
 10
-26.1452
 20
33.1856
 30
0.0
 10
-26.1181
 20
33.1908
 30
0.0
 10
-26.1181
 20
33.1908
 30
0.0
 10
-26.1181
 20
33.1908
 30
0.0
 10
-26.0111
 20
33.2105
 30
0.0
 10
-26.0111
 20
33.2105
 30
0.0
 10
-26.0111
 20
33.2105
 30
0.0
 10
-25.9506
 20
33.2251
 30
0.0
 10
-25.8921
 20
33.2268
 30
0.0
 10
-25.8308
 20
33.2346
 30
0.0
 10
-25.8308
 20
33.2346
 30
0.0
 10
-25.8308
 20
33.2346
 30
0.0
 10
-25.7362
 20
33.2408
 30
0.0
 10
-25.7362
 20
33.2408
 30
0.0
 10
-25.7362
 20
33.2408
 30
0.0
 10
-25.7362
 20
33.2408
 30
0.0
 10
-25.6434
 20
33.2418
 30
0.0
 10
-25.6434
 20
33.2418
 30
0.0
 10
-25.6434
 20
33.2418
 30
0.0
 10
-25.6434
 20
33.2418
 30
0.0
 10
-25.5488
 20
33.2408
 30
0.0
 10
-25.5488
 20
33.2408
 30
0.0
 10
-25.5488
 20
33.2408
 30
0.0
 10
-25.5488
 20
33.2408
 30
0.0
 10
-25.4622
 20
33.2351
 30
0.0
 10
-25.4622
 20
33.2351
 30
0.0
 10
-25.4622
 20
33.2351
 30
0.0
 10
-25.4622
 20
33.2351
 30
0.0
 10
-25.3743
 20
33.2261
 30
0.0
 10
-25.3743
 20
33.2261
 30
0.0
 10
-25.3743
 20
33.2261
 30
0.0
 10
-25.3743
 20
33.2261
 30
0.0
 10
-25.3136
 20
33.2168
 30
0.0
 10
-25.3136
 20
33.2168
 30
0.0
 10
-25.3136
 20
33.2168
 30
0.0
 10
-25.3136
 20
33.2168
 30
0.0
 10
-25.2677
 20
33.2118
 30
0.0
 10
-25.2677
 20
33.2118
 30
0.0
 10
-25.2677
 20
33.2118
 30
0.0
 10
-25.2398
 20
33.2078
 30
0.0
 10
-25.1899
 20
33.2051
 30
0.0
 10
-25.1711
 20
33.1886
 30
0.0
 10
-25.1711
 20
33.1886
 30
0.0
 10
-25.1407
 20
33.1906
 30
0.0
 10
-25.1099
 20
33.1814
 30
0.0
 10
-25.0803
 20
33.1725
 30
0.0
 10
-25.0803
 20
33.1725
 30
0.0
 10
-25.0518
 20
33.166
 30
0.0
 10
-24.9959
 20
33.1575
 30
0.0
 10
-24.9775
 20
33.1387
 30
0.0
 10
-24.9775
 20
33.1387
 30
0.0
 10
-24.9534
 20
33.1395
 30
0.0
 10
-24.9237
 20
33.1297
 30
0.0
 10
-24.9048
 20
33.1178
 30
0.0
 10
-24.9048
 20
33.1178
 30
0.0
 10
-24.9048
 20
33.1178
 30
0.0
 10
-24.793
 20
33.0788
 30
0.0
 10
-24.793
 20
33.0788
 30
0.0
 10
-24.793
 20
33.0788
 30
0.0
 10
-24.793
 20
33.0788
 30
0.0
 10
-24.7139
 20
33.0419
 30
0.0
 10
-24.7139
 20
33.0419
 30
0.0
 10
-24.7139
 20
33.0419
 30
0.0
 10
-24.7139
 20
33.0419
 30
0.0
 10
-24.681
 20
33.0269
 30
0.0
 10
-24.681
 20
33.0269
 30
0.0
 10
-24.681
 20
33.0269
 30
0.0
 10
-24.6576
 20
33.0178
 30
0.0
 10
-24.6239
 20
33.0049
 30
0.0
 10
-24.61
 20
32.9883
 30
0.0
 10
-24.61
 20
32.9883
 30
0.0
 10
-24.58
 20
32.9866
 30
0.0
 10
-24.5403
 20
32.9579
 30
0.0
 10
-24.5128
 20
32.9409
 30
0.0
 10
-24.5128
 20
32.9409
 30
0.0
 10
-24.4887
 20
32.9259
 30
0.0
 10
-24.4435
 20
32.9051
 30
0.0
 10
-24.4253
 20
32.8857
 30
0.0
 10
-24.4253
 20
32.8857
 30
0.0
 10
-24.4253
 20
32.8857
 30
0.0
 10
-24.3499
 20
32.8359
 30
0.0
 10
-24.3499
 20
32.8359
 30
0.0
 10
-24.3499
 20
32.8359
 30
0.0
 10
-24.3499
 20
32.8359
 30
0.0
 10
-24.3321
 20
32.8221
 30
0.0
 10
-24.3321
 20
32.8221
 30
0.0
 10
-24.3321
 20
32.8221
 30
0.0
 10
-24.2858
 20
32.8007
 30
0.0
 10
-24.1859
 20
32.709
 30
0.0
 10
-24.1445
 20
32.6724
 30
0.0
 10
-24.1445
 20
32.6724
 30
0.0
 10
-24.1295
 20
32.6632
 30
0.0
 10
-24.13
 20
32.6661
 30
0.0
 10
-24.1251
 20
32.6525
 30
0.0
 10
-24.1251
 20
32.6525
 30
0.0
 10
-24.0889
 20
32.627
 30
0.0
 10
-24.0721
 20
32.6007
 30
0.0
 10
-24.0523
 20
32.585
 30
0.0
 10
-24.0523
 20
32.585
 30
0.0
 10
-24.0523
 20
32.585
 30
0.0
 10
-24.026
 20
32.5597
 30
0.0
 10
-24.026
 20
32.5597
 30
0.0
 10
-24.026
 20
32.5597
 30
0.0
 10
-24.0068
 20
32.5383
 30
0.0
 10
-23.974
 20
32.5111
 30
0.0
 10
-23.9572
 20
32.485
 30
0.0
 10
-23.9572
 20
32.485
 30
0.0
 10
-23.9572
 20
32.485
 30
0.0
 10
-23.9419
 20
32.4631
 30
0.0
 10
-23.9419
 20
32.4631
 30
0.0
 10
-23.9419
 20
32.4631
 30
0.0
 10
-23.9274
 20
32.4563
 30
0.0
 10
-23.8655
 20
32.3815
 30
0.0
 10
-23.8601
 20
32.3653
 30
0.0
 10
-23.8601
 20
32.3653
 30
0.0
 10
-23.8419
 20
32.3521
 30
0.0
 10
-23.8039
 20
32.2959
 30
0.0
 10
-23.787
 20
32.2738
 30
0.0
 10
-23.787
 20
32.2738
 30
0.0
 10
-23.787
 20
32.2738
 30
0.0
 10
-23.7688
 20
32.2422
 30
0.0
 10
-23.7688
 20
32.2422
 30
0.0
 10
-23.7688
 20
32.2422
 30
0.0
 10
-23.7688
 20
32.2422
 30
0.0
 10
-23.7258
 20
32.1801
 30
0.0
 10
-23.7258
 20
32.1801
 30
0.0
 10
-23.7258
 20
32.1801
 30
0.0
 10
-23.7258
 20
32.1801
 30
0.0
 10
-23.6742
 20
32.087
 30
0.0
 10
-23.6742
 20
32.087
 30
0.0
 10
-23.6742
 20
32.087
 30
0.0
 10
-23.6555
 20
32.0669
 30
0.0
 10
-23.6304
 20
32.0223
 30
0.0
 10
-23.6289
 20
31.9945
 30
0.0
 10
-23.6289
 20
31.9945
 30
0.0
 10
-23.6059
 20
31.9754
 30
0.0
 10
-23.5859
 20
31.9237
 30
0.0
 10
-23.5785
 20
31.8923
 30
0.0
 10
-23.5785
 20
31.8923
 30
0.0
 10
-23.5785
 20
31.8923
 30
0.0
 10
-23.5796
 20
31.8883
 30
0.0
 10
-23.5796
 20
31.8883
 30
0.0
 10
-23.5796
 20
31.8883
 30
0.0
 10
-23.5583
 20
31.8736
 30
0.0
 10
-23.5512
 20
31.8309
 30
0.0
 10
-23.5388
 20
31.8052
 30
0.0
 10
-23.5388
 20
31.8052
 30
0.0
 10
-23.5388
 20
31.8052
 30
0.0
 10
-23.5066
 20
31.7094
 30
0.0
 10
-23.5066
 20
31.7094
 30
0.0
 10
-23.5066
 20
31.7094
 30
0.0
 10
-23.4871
 20
31.6755
 30
0.0
 10
-23.4597
 20
31.567
 30
0.0
 10
-23.4509
 20
31.5241
 30
0.0
 10
-23.4509
 20
31.5241
 30
0.0
 10
-23.4509
 20
31.5241
 30
0.0
 10
-23.4317
 20
31.4283
 30
0.0
 10
-23.4317
 20
31.4283
 30
0.0
 10
-23.4317
 20
31.4283
 30
0.0
 10
-23.4317
 20
31.4283
 30
0.0
 10
-23.4139
 20
31.3367
 30
0.0
 10
-23.4139
 20
31.3367
 30
0.0
 10
-23.4139
 20
31.3367
 30
0.0
 10
-23.4139
 20
31.3367
 30
0.0
 10
-23.4009
 20
31.2359
 30
0.0
 10
-23.4009
 20
31.2359
 30
0.0
 10
-23.4009
 20
31.2359
 30
0.0
 10
-23.4009
 20
31.2359
 30
0.0
 10
-23.3929
 20
31.1493
 30
0.0
 10
-23.3929
 20
31.1493
 30
0.0
 10
-23.3929
 20
31.1493
 30
0.0
 10
-23.3929
 20
31.1493
 30
0.0
 10
-23.3889
 20
30.8985
 30
0.0
 10
-23.3889
 20
30.8985
 30
0.0
 10
-23.3889
 20
30.8985
 30
0.0
 10
-23.3891
 20
30.8681
 30
0.0
 10
-23.389
 20
30.7834
 30
0.0
 10
-23.4036
 20
30.7644
 30
0.0
 10
-23.4036
 20
30.7644
 30
0.0
 10
-23.3988
 20
30.7293
 30
0.0
 10
-23.4056
 20
30.7136
 30
0.0
 10
-23.4076
 20
30.6799
 30
0.0
 10
-23.4076
 20
30.6799
 30
0.0
 10
-23.4076
 20
30.6799
 30
0.0
 10
-23.4254
 20
30.5883
 30
0.0
 10
-23.4254
 20
30.5883
 30
0.0
 10
-23.4254
 20
30.5883
 30
0.0
 10
-23.4254
 20
30.5883
 30
0.0
 10
-23.4451
 20
30.48
 30
0.0
 10
-23.4451
 20
30.48
 30
0.0
 10
-23.4451
 20
30.48
 30
0.0
 10
-23.4537
 20
30.4562
 30
0.0
 10
-23.4545
 20
30.4136
 30
0.0
 10
-23.4723
 20
30.3958
 30
0.0
 10
-23.4723
 20
30.3958
 30
0.0
 10
-23.4709
 20
30.3728
 30
0.0
 10
-23.4728
 20
30.3634
 30
0.0
 10
-23.4841
 20
30.3429
 30
0.0
 10
-23.4841
 20
30.3429
 30
0.0
 10
-23.4841
 20
30.3429
 30
0.0
 10
-23.495
 20
30.3077
 30
0.0
 10
-23.495
 20
30.3077
 30
0.0
 10
-23.495
 20
30.3077
 30
0.0
 10
-23.495
 20
30.3077
 30
0.0
 10
-23.5259
 20
30.2113
 30
0.0
 10
-23.5259
 20
30.2113
 30
0.0
 10
-23.5259
 20
30.2113
 30
0.0
 10
-23.5259
 20
30.2113
 30
0.0
 10
-23.5628
 20
30.126
 30
0.0
 10
-23.5628
 20
30.126
 30
0.0
 10
-23.5628
 20
30.126
 30
0.0
 10
-23.5628
 20
30.126
 30
0.0
 10
-23.5759
 20
30.0864
 30
0.0
 10
-23.5759
 20
30.0864
 30
0.0
 10
-23.5759
 20
30.0864
 30
0.0
 10
-23.5759
 20
30.0864
 30
0.0
 10
-23.6074
 20
30.0265
 30
0.0
 10
-23.6074
 20
30.0265
 30
0.0
 10
-23.6074
 20
30.0265
 30
0.0
 10
-23.6074
 20
30.0265
 30
0.0
 10
-23.6527
 20
29.9368
 30
0.0
 10
-23.6527
 20
29.9368
 30
0.0
 10
-23.6527
 20
29.9368
 30
0.0
 10
-23.6527
 20
29.9368
 30
0.0
 10
-23.669
 20
29.9058
 30
0.0
 10
-23.669
 20
29.9058
 30
0.0
 10
-23.669
 20
29.9058
 30
0.0
 10
-23.669
 20
29.9058
 30
0.0
 10
-23.7058
 20
29.8365
 30
0.0
 10
-23.7058
 20
29.8365
 30
0.0
 10
-23.7058
 20
29.8365
 30
0.0
 10
-23.7203
 20
29.8112
 30
0.0
 10
-23.7517
 20
29.7518
 30
0.0
 10
-23.7741
 20
29.7421
 30
0.0
 10
-23.7741
 20
29.7421
 30
0.0
 10
-23.7763
 20
29.721
 30
0.0
 10
-23.7852
 20
29.7141
 30
0.0
 10
-23.8005
 20
29.6936
 30
0.0
 10
-23.8005
 20
29.6936
 30
0.0
 10
-23.8103
 20
29.6804
 30
0.0
 10
-23.8215
 20
29.6617
 30
0.0
 10
-23.8323
 20
29.6517
 30
0.0
 10
-23.8323
 20
29.6517
 30
0.0
 10
-23.8323
 20
29.6517
 30
0.0
 10
-23.8629
 20
29.6119
 30
0.0
 10
-23.8629
 20
29.6119
 30
0.0
 10
-23.8629
 20
29.6119
 30
0.0
 10
-23.8629
 20
29.6119
 30
0.0
 10
-23.9072
 20
29.5565
 30
0.0
 10
-23.9072
 20
29.5565
 30
0.0
 10
-23.9072
 20
29.5565
 30
0.0
 10
-23.9072
 20
29.5565
 30
0.0
 10
-23.9566
 20
29.4995
 30
0.0
 10
-23.9566
 20
29.4995
 30
0.0
 10
-23.9566
 20
29.4995
 30
0.0
 10
-23.9566
 20
29.4995
 30
0.0
 10
-23.9941
 20
29.4568
 30
0.0
 10
-23.9941
 20
29.4568
 30
0.0
 10
-23.9941
 20
29.4568
 30
0.0
 10
-23.9941
 20
29.4568
 30
0.0
 10
-24.0503
 20
29.3995
 30
0.0
 10
-24.0503
 20
29.3995
 30
0.0
 10
-24.0503
 20
29.3995
 30
0.0
 10
-24.0503
 20
29.3995
 30
0.0
 10
-24.0821
 20
29.3691
 30
0.0
 10
-24.0821
 20
29.3691
 30
0.0
 10
-24.0821
 20
29.3691
 30
0.0
 10
-24.0951
 20
29.3495
 30
0.0
 10
-24.1244
 20
29.3194
 30
0.0
 10
-24.144
 20
29.3121
 30
0.0
 10
-24.144
 20
29.3121
 30
0.0
 10
-24.144
 20
29.3121
 30
0.0
 10
-24.1875
 20
29.274
 30
0.0
 10
-24.1875
 20
29.274
 30
0.0
 10
-24.1875
 20
29.274
 30
0.0
 10
-24.1875
 20
29.274
 30
0.0
 10
-24.2397
 20
29.2317
 30
0.0
 10
-24.2397
 20
29.2317
 30
0.0
 10
-24.2397
 20
29.2317
 30
0.0
 10
-24.2397
 20
29.2317
 30
0.0
 10
-24.3061
 20
29.1803
 30
0.0
 10
-24.3061
 20
29.1803
 30
0.0
 10
-24.3061
 20
29.1803
 30
0.0
 10
-24.3061
 20
29.1803
 30
0.0
 10
-24.3314
 20
29.1621
 30
0.0
 10
-24.3314
 20
29.1621
 30
0.0
 10
-24.3314
 20
29.1621
 30
0.0
 10
-24.3533
 20
29.1434
 30
0.0
 10
-24.3983
 20
29.1083
 30
0.0
 10
-24.4247
 20
29.0997
 30
0.0
 10
-24.4247
 20
29.0997
 30
0.0
 10
-24.4247
 20
29.0997
 30
0.0
 10
-24.4436
 20
29.087
 30
0.0
 10
-24.4436
 20
29.087
 30
0.0
 10
-24.4436
 20
29.087
 30
0.0
 10
-24.4436
 20
29.087
 30
0.0
 10
-24.5248
 20
29.0392
 30
0.0
 10
-24.5248
 20
29.0392
 30
0.0
 10
-24.5248
 20
29.0392
 30
0.0
 10
-24.538
 20
29.0227
 30
0.0
 10
-24.5899
 20
28.9979
 30
0.0
 10
-24.6112
 20
28.9924
 30
0.0
 10
-24.6112
 20
28.9924
 30
0.0
 10
-24.6264
 20
28.9769
 30
0.0
 10
-24.694
 20
28.948
 30
0.0
 10
-24.7082
 20
28.9443
 30
0.0
 10
-24.7082
 20
28.9443
 30
0.0
 10
-24.7082
 20
28.9443
 30
0.0
 10
-24.793
 20
28.9053
 30
0.0
 10
-24.793
 20
28.9053
 30
0.0
 10
-24.793
 20
28.9053
 30
0.0
 10
-24.793
 20
28.9053
 30
0.0
 10
-24.8286
 20
28.8978
 30
0.0
 10
-24.8286
 20
28.8978
 30
0.0
 10
-24.8286
 20
28.8978
 30
0.0
 10
-24.84
 20
28.8822
 30
0.0
 10
-24.8718
 20
28.8751
 30
0.0
 10
-24.8934
 20
28.871
 30
0.0
 10
-24.8934
 20
28.871
 30
0.0
 10
-24.9045
 20
28.8574
 30
0.0
 10
-24.9664
 20
28.8419
 30
0.0
 10
-24.9875
 20
28.8377
 30
0.0
 10
-24.9875
 20
28.8377
 30
0.0
 10
-24.9875
 20
28.8377
 30
0.0
 10
-25.0741
 20
28.8128
 30
0.0
 10
-25.0741
 20
28.8128
 30
0.0
 10
-25.0741
 20
28.8128
 30
0.0
 10
-25.0741
 20
28.8128
 30
0.0
 10
-25.1324
 20
28.7998
 30
0.0
 10
-25.1324
 20
28.7998
 30
0.0
 10
-25.1324
 20
28.7998
 30
0.0
 10
-25.1324
 20
28.7998
 30
0.0
 10
-25.174
 20
28.7883
 30
0.0
 10
-25.174
 20
28.7883
 30
0.0
 10
-25.174
 20
28.7883
 30
0.0
 10
-25.2063
 20
28.7849
 30
0.0
 10
-25.2255
 20
28.7748
 30
0.0
 10
-25.2586
 20
28.7779
 30
0.0
 10
-25.2586
 20
28.7779
 30
0.0
 10
-25.2752
 20
28.7636
 30
0.0
 10
-25.3408
 20
28.7604
 30
0.0
 10
-25.3677
 20
28.757
 30
0.0
 10
-25.3677
 20
28.757
 30
0.0
 10
-25.3677
 20
28.757
 30
0.0
 10
-25.4635
 20
28.7498
 30
0.0
 10
-25.4635
 20
28.7498
 30
0.0
 10
-25.4635
 20
28.7498
 30
0.0
 10
-25.4635
 20
28.7498
 30
0.0
 10
-25.5488
 20
28.7436
 30
0.0
 10
-25.5488
 20
28.7436
 30
0.0
 10
-25.5488
 20
28.7436
 30
0.0
 10
-25.5488
 20
28.7436
 30
0.0
 10
-25.6021
 20
28.7467
 30
0.0
 10
-25.6021
 20
28.7467
 30
0.0
 10
-25.6021
 20
28.7467
 30
0.0
 10
-25.6229
 20
28.7301
 30
0.0
 10
-25.6983
 20
28.7415
 30
0.0
 10
-25.73
 20
28.744
 30
0.0
 10
-25.73
 20
28.744
 30
0.0
 10
-25.73
 20
28.744
 30
0.0
 10
-25.8433
 20
28.7508
 30
0.0
 10
-25.8433
 20
28.7508
 30
0.0
 10
-25.8433
 20
28.7508
 30
0.0
 10
-25.8684
 20
28.7526
 30
0.0
 10
-25.9106
 20
28.7509
 30
0.0
 10
-25.9274
 20
28.7655
 30
0.0
 10
-25.9274
 20
28.7655
 30
0.0
 10
-25.9576
 20
28.7616
 30
0.0
 10
-25.9918
 20
28.7675
 30
0.0
 10
-26.0182
 20
28.7735
 30
0.0
 10
-26.0182
 20
28.7735
 30
0.0
 10
-26.0516
 20
28.7783
 30
0.0
 10
-26.1954
 20
28.8024
 30
0.0
 10
-26.2147
 20
28.8217
 30
0.0
 10
-26.2147
 20
28.8217
 30
0.0
 10
-26.2387
 20
28.8203
 30
0.0
 10
-26.2716
 20
28.8279
 30
0.0
 10
-26.2926
 20
28.8404
 30
0.0
 10
-26.2926
 20
28.8404
 30
0.0
 10
-26.3214
 20
28.8454
 30
0.0
 10
-26.3787
 20
28.858
 30
0.0
 10
-26.3948
 20
28.8783
 30
0.0
 10
-26.3948
 20
28.8783
 30
0.0
 10
-26.4201
 20
28.8779
 30
0.0
 10
-26.4318
 20
28.885
 30
0.0
 10
-26.4554
 20
28.8945
 30
0.0
 10
-26.4554
 20
28.8945
 30
0.0
 10
-26.4554
 20
28.8945
 30
0.0
 10
-26.4925
 20
28.9121
 30
0.0
 10
-26.4925
 20
28.9121
 30
0.0
 10
-26.4925
 20
28.9121
 30
0.0
 10
-26.5114
 20
28.9157
 30
0.0
 10
-26.5686
 20
28.9384
 30
0.0
 10
-26.5799
 20
28.9517
 30
0.0
 10
-26.5799
 20
28.9517
 30
0.0
 10
-26.5799
 20
28.9517
 30
0.0
 10
-26.6674
 20
28.9933
 30
0.0
 10
-26.6674
 20
28.9933
 30
0.0
 10
-26.6674
 20
28.9933
 30
0.0
 10
-26.6674
 20
28.9933
 30
0.0
 10
-26.674
 20
28.994
 30
0.0
 10
-26.674
 20
28.994
 30
0.0
 10
-26.674
 20
28.994
 30
0.0
 10
-26.7043
 20
29.0096
 30
0.0
 10
-26.75
 20
29.0297
 30
0.0
 10
-26.7696
 20
29.0532
 30
0.0
 10
-26.7696
 20
29.0532
 30
0.0
 10
-26.7918
 20
29.0573
 30
0.0
 10
-26.8105
 20
29.0675
 30
0.0
 10
-26.8235
 20
29.0834
 30
0.0
 10
-26.8235
 20
29.0834
 30
0.0
 10
-26.8235
 20
29.0834
 30
0.0
 10
-26.8608
 20
29.1059
 30
0.0
 10
-26.8608
 20
29.1059
 30
0.0
 10
-26.8608
 20
29.1059
 30
0.0
 10
-26.886
 20
29.1149
 30
0.0
 10
-27.0323
 20
29.2186
 30
0.0
 10
-27.0422
 20
29.2391
 30
0.0
 10
-27.0422
 20
29.2391
 30
0.0
 10
-27.0422
 20
29.2391
 30
0.0
 10
-27.0794
 20
29.2683
 30
0.0
 10
-27.0794
 20
29.2683
 30
0.0
 10
-27.0794
 20
29.2683
 30
0.0
 10
-27.0971
 20
29.2746
 30
0.0
 10
-27.1344
 20
29.3052
 30
0.0
 10
-27.1359
 20
29.319
 30
0.0
 10
-27.1359
 20
29.319
 30
0.0
 10
-27.1359
 20
29.319
 30
0.0
 10
-27.1921
 20
29.3681
 30
0.0
 10
-27.1921
 20
29.3681
 30
0.0
 10
-27.1921
 20
29.3681
 30
0.0
 10
-27.1921
 20
29.3681
 30
0.0
 10
-27.236
 20
29.412
 30
0.0
 10
-27.236
 20
29.412
 30
0.0
 10
-27.236
 20
29.412
 30
0.0
 10
-27.236
 20
29.412
 30
0.0
 10
-27.2847
 20
29.4622
 30
0.0
 10
-27.2847
 20
29.4622
 30
0.0
 10
-27.2847
 20
29.4622
 30
0.0
 10
-27.3054
 20
29.4804
 30
0.0
 10
-27.3162
 20
29.4874
 30
0.0
 10
-27.3297
 20
29.512
 30
0.0
 10
-27.3297
 20
29.512
 30
0.0
 10
-27.3407
 20
29.5216
 30
0.0
 10
-27.361
 20
29.5463
 30
0.0
 10
-27.367
 20
29.5555
 30
0.0
 10
-27.367
 20
29.5555
 30
0.0
 10
-27.3882
 20
29.5757
 30
0.0
 10
-27.4139
 20
29.6014
 30
0.0
 10
-27.4197
 20
29.6285
 30
0.0
 10
-27.4197
 20
29.6285
 30
0.0
 10
-27.4197
 20
29.6285
 30
0.0
 10
-27.4409
 20
29.6504
 30
0.0
 10
-27.4409
 20
29.6504
 30
0.0
 10
-27.4409
 20
29.6504
 30
0.0
 10
-27.4605
 20
29.6652
 30
0.0
 10
-27.497
 20
29.7176
 30
0.0
 10
-27.5009
 20
29.7409
 30
0.0
 10
-27.5009
 20
29.7409
 30
0.0
 10
-27.5189
 20
29.7505
 30
0.0
 10
-27.5125
 20
29.7465
 30
0.0
 10
-27.5212
 20
29.7682
 30
0.0
 10
-27.5212
 20
29.7682
 30
0.0
 10
-27.5378
 20
29.776
 30
0.0
 10
-27.5598
 20
29.8168
 30
0.0
 10
-27.5661
 20
29.8376
 30
0.0
 10
-27.5661
 20
29.8376
 30
0.0
 10
-27.5837
 20
29.8546
 30
0.0
 10
-27.66
 20
29.996
 30
0.0
 10
-27.6668
 20
30.0241
 30
0.0
 10
-27.6668
 20
30.0241
 30
0.0
 10
-27.6895
 20
30.0582
 30
0.0
 10
-27.741
 20
30.1768
 30
0.0
 10
-27.748
 20
30.2182
 30
0.0
 10
-27.748
 20
30.2182
 30
0.0
 10
-27.748
 20
30.2182
 30
0.0
 10
-27.7787
 20
30.2988
 30
0.0
 10
-27.7787
 20
30.2988
 30
0.0
 10
-27.7787
 20
30.2988
 30
0.0
 10
-27.7922
 20
30.335
 30
0.0
 10
-27.8283
 20
30.4559
 30
0.0
 10
-27.8257
 20
30.4906
 30
0.0
 10
-27.8257
 20
30.4906
 30
0.0
 10
-27.8438
 20
30.5068
 30
0.0
 10
-27.8476
 20
30.5648
 30
0.0
 10
-27.8511
 20
30.5928
 30
0.0
 10
-27.8511
 20
30.5928
 30
0.0
 10
-27.8511
 20
30.5928
 30
0.0
 10
-27.8663
 20
30.687
 30
0.0
 10
-27.8663
 20
30.687
 30
0.0
 10
-27.8663
 20
30.687
 30
0.0
 10
-27.8663
 20
30.687
 30
0.0
 10
-27.8783
 20
30.7798
 30
0.0
 10
-27.8783
 20
30.7798
 30
0.0
 10
-27.8783
 20
30.7798
 30
0.0
 10
-27.8783
 20
30.7798
 30
0.0
 10
-27.8845
 20
30.8619
 30
0.0
 10
-27.8845
 20
30.8619
 30
0.0
  0
SPLINE
  5
74
330
1F
100
AcDbEntity
  8
layer 1
 62
   142
370
     9
100
AcDbSpline
210
0.0
220
0.0
230
1.0
 70
    11
 71
     3
 72
   736
 73
   732
 74
     0
 42
0.000000001
 43
0.0000000001
 40
0.0
 40
0.0
 40
0.0
 40
0.0
 40
0.0054347826086957
 40
0.0054347826086957
 40
0.0054347826086957
 40
0.0054347826086957
 40
0.0108695652173913
 40
0.0108695652173913
 40
0.0108695652173913
 40
0.0108695652173913
 40
0.016304347826087
 40
0.016304347826087
 40
0.016304347826087
 40
0.016304347826087
 40
0.0217391304347826
 40
0.0217391304347826
 40
0.0217391304347826
 40
0.0217391304347826
 40
0.0271739130434783
 40
0.0271739130434783
 40
0.0271739130434783
 40
0.0271739130434783
 40
0.0326086956521739
 40
0.0326086956521739
 40
0.0326086956521739
 40
0.0326086956521739
 40
0.0380434782608696
 40
0.0380434782608696
 40
0.0380434782608696
 40
0.0380434782608696
 40
0.0434782608695652
 40
0.0434782608695652
 40
0.0434782608695652
 40
0.0434782608695652
 40
0.0489130434782609
 40
0.0489130434782609
 40
0.0489130434782609
 40
0.0489130434782609
 40
0.0543478260869565
 40
0.0543478260869565
 40
0.0543478260869565
 40
0.0543478260869565
 40
0.0597826086956522
 40
0.0597826086956522
 40
0.0597826086956522
 40
0.0597826086956522
 40
0.0652173913043478
 40
0.0652173913043478
 40
0.0652173913043478
 40
0.0652173913043478
 40
0.0706521739130435
 40
0.0706521739130435
 40
0.0706521739130435
 40
0.0706521739130435
 40
0.0760869565217391
 40
0.0760869565217391
 40
0.0760869565217391
 40
0.0760869565217391
 40
0.0815217391304348
 40
0.0815217391304348
 40
0.0815217391304348
 40
0.0815217391304348
 40
0.0869565217391304
 40
0.0869565217391304
 40
0.0869565217391304
 40
0.0869565217391304
 40
0.0923913043478261
 40
0.0923913043478261
 40
0.0923913043478261
 40
0.0923913043478261
 40
0.0978260869565217
 40
0.0978260869565217
 40
0.0978260869565217
 40
0.0978260869565217
 40
0.1032608695652174
 40
0.1032608695652174
 40
0.1032608695652174
 40
0.1032608695652174
 40
0.108695652173913
 40
0.108695652173913
 40
0.108695652173913
 40
0.108695652173913
 40
0.1141304347826087
 40
0.1141304347826087
 40
0.1141304347826087
 40
0.1141304347826087
 40
0.1195652173913044
 40
0.1195652173913044
 40
0.1195652173913044
 40
0.1195652173913044
 40
0.125
 40
0.125
 40
0.125
 40
0.125
 40
0.1304347826086956
 40
0.1304347826086956
 40
0.1304347826086956
 40
0.1304347826086956
 40
0.1358695652173913
 40
0.1358695652173913
 40
0.1358695652173913
 40
0.1358695652173913
 40
0.1413043478260869
 40
0.1413043478260869
 40
0.1413043478260869
 40
0.1413043478260869
 40
0.1467391304347826
 40
0.1467391304347826
 40
0.1467391304347826
 40
0.1467391304347826
 40
0.1521739130434783
 40
0.1521739130434783
 40
0.1521739130434783
 40
0.1521739130434783
 40
0.1576086956521739
 40
0.1576086956521739
 40
0.1576086956521739
 40
0.1576086956521739
 40
0.1630434782608696
 40
0.1630434782608696
 40
0.1630434782608696
 40
0.1630434782608696
 40
0.1684782608695652
 40
0.1684782608695652
 40
0.1684782608695652
 40
0.1684782608695652
 40
0.1739130434782609
 40
0.1739130434782609
 40
0.1739130434782609
 40
0.1739130434782609
 40
0.1793478260869565
 40
0.1793478260869565
 40
0.1793478260869565
 40
0.1793478260869565
 40
0.1847826086956522
 40
0.1847826086956522
 40
0.1847826086956522
 40
0.1847826086956522
 40
0.1902173913043478
 40
0.1902173913043478
 40
0.1902173913043478
 40
0.1902173913043478
 40
0.1956521739130435
 40
0.1956521739130435
 40
0.1956521739130435
 40
0.1956521739130435
 40
0.2010869565217391
 40
0.2010869565217391
 40
0.2010869565217391
 40
0.2010869565217391
 40
0.2065217391304348
 40
0.2065217391304348
 40
0.2065217391304348
 40
0.2065217391304348
 40
0.2119565217391304
 40
0.2119565217391304
 40
0.2119565217391304
 40
0.2119565217391304
 40
0.2173913043478261
 40
0.2173913043478261
 40
0.2173913043478261
 40
0.2173913043478261
 40
0.2228260869565217
 40
0.2228260869565217
 40
0.2228260869565217
 40
0.2228260869565217
 40
0.2282608695652174
 40
0.2282608695652174
 40
0.2282608695652174
 40
0.2282608695652174
 40
0.2336956521739131
 40
0.2336956521739131
 40
0.2336956521739131
 40
0.2336956521739131
 40
0.2391304347826087
 40
0.2391304347826087
 40
0.2391304347826087
 40
0.2391304347826087
 40
0.2445652173913044
 40
0.2445652173913044
 40
0.2445652173913044
 40
0.2445652173913044
 40
0.25
 40
0.25
 40
0.25
 40
0.25
 40
0.2554347826086957
 40
0.2554347826086957
 40
0.2554347826086957
 40
0.2554347826086957
 40
0.2608695652173913
 40
0.2608695652173913
 40
0.2608695652173913
 40
0.2608695652173913
 40
0.266304347826087
 40
0.266304347826087
 40
0.266304347826087
 40
0.266304347826087
 40
0.2717391304347826
 40
0.2717391304347826
 40
0.2717391304347826
 40
0.2717391304347826
 40
0.2771739130434783
 40
0.2771739130434783
 40
0.2771739130434783
 40
0.2771739130434783
 40
0.2826086956521739
 40
0.2826086956521739
 40
0.2826086956521739
 40
0.2826086956521739
 40
0.2880434782608696
 40
0.2880434782608696
 40
0.2880434782608696
 40
0.2880434782608696
 40
0.2934782608695652
 40
0.2934782608695652
 40
0.2934782608695652
 40
0.2934782608695652
 40
0.2989130434782609
 40
0.2989130434782609
 40
0.2989130434782609
 40
0.2989130434782609
 40
0.3043478260869565
 40
0.3043478260869565
 40
0.3043478260869565
 40
0.3043478260869565
 40
0.3097826086956522
 40
0.3097826086956522
 40
0.3097826086956522
 40
0.3097826086956522
 40
0.3152173913043478
 40
0.3152173913043478
 40
0.3152173913043478
 40
0.3152173913043478
 40
0.3206521739130435
 40
0.3206521739130435
 40
0.3206521739130435
 40
0.3206521739130435
 40
0.3260869565217391
 40
0.3260869565217391
 40
0.3260869565217391
 40
0.3260869565217391
 40
0.3315217391304348
 40
0.3315217391304348
 40
0.3315217391304348
 40
0.3315217391304348
 40
0.3369565217391304
 40
0.3369565217391304
 40
0.3369565217391304
 40
0.3369565217391304
 40
0.3423913043478261
 40
0.3423913043478261
 40
0.3423913043478261
 40
0.3423913043478261
 40
0.3478260869565217
 40
0.3478260869565217
 40
0.3478260869565217
 40
0.3478260869565217
 40
0.3532608695652174
 40
0.3532608695652174
 40
0.3532608695652174
 40
0.3532608695652174
 40
0.358695652173913
 40
0.358695652173913
 40
0.358695652173913
 40
0.358695652173913
 40
0.3641304347826087
 40
0.3641304347826087
 40
0.3641304347826087
 40
0.3641304347826087
 40
0.3695652173913043
 40
0.3695652173913043
 40
0.3695652173913043
 40
0.3695652173913043
 40
0.375
 40
0.375
 40
0.375
 40
0.375
 40
0.3804347826086957
 40
0.3804347826086957
 40
0.3804347826086957
 40
0.3804347826086957
 40
0.3858695652173913
 40
0.3858695652173913
 40
0.3858695652173913
 40
0.3858695652173913
 40
0.391304347826087
 40
0.391304347826087
 40
0.391304347826087
 40
0.391304347826087
 40
0.3967391304347826
 40
0.3967391304347826
 40
0.3967391304347826
 40
0.3967391304347826
 40
0.4021739130434783
 40
0.4021739130434783
 40
0.4021739130434783
 40
0.4021739130434783
 40
0.4076086956521739
 40
0.4076086956521739
 40
0.4076086956521739
 40
0.4076086956521739
 40
0.4130434782608696
 40
0.4130434782608696
 40
0.4130434782608696
 40
0.4130434782608696
 40
0.4184782608695652
 40
0.4184782608695652
 40
0.4184782608695652
 40
0.4184782608695652
 40
0.4239130434782609
 40
0.4239130434782609
 40
0.4239130434782609
 40
0.4239130434782609
 40
0.4293478260869565
 40
0.4293478260869565
 40
0.4293478260869565
 40
0.4293478260869565
 40
0.4347826086956522
 40
0.4347826086956522
 40
0.4347826086956522
 40
0.4347826086956522
 40
0.4402173913043478
 40
0.4402173913043478
 40
0.4402173913043478
 40
0.4402173913043478
 40
0.4456521739130435
 40
0.4456521739130435
 40
0.4456521739130435
 40
0.4456521739130435
 40
0.4510869565217391
 40
0.4510869565217391
 40
0.4510869565217391
 40
0.4510869565217391
 40
0.4565217391304348
 40
0.4565217391304348
 40
0.4565217391304348
 40
0.4565217391304348
 40
0.4619565217391304
 40
0.4619565217391304
 40
0.4619565217391304
 40
0.4619565217391304
 40
0.4673913043478261
 40
0.4673913043478261
 40
0.4673913043478261
 40
0.4673913043478261
 40
0.4728260869565217
 40
0.4728260869565217
 40
0.4728260869565217
 40
0.4728260869565217
 40
0.4782608695652174
 40
0.4782608695652174
 40
0.4782608695652174
 40
0.4782608695652174
 40
0.483695652173913
 40
0.483695652173913
 40
0.483695652173913
 40
0.483695652173913
 40
0.4891304347826087
 40
0.4891304347826087
 40
0.4891304347826087
 40
0.4891304347826087
 40
0.4945652173913043
 40
0.4945652173913043
 40
0.4945652173913043
 40
0.4945652173913043
 40
0.5
 40
0.5
 40
0.5
 40
0.5
 40
0.5054347826086957
 40
0.5054347826086957
 40
0.5054347826086957
 40
0.5054347826086957
 40
0.5108695652173914
 40
0.5108695652173914
 40
0.5108695652173914
 40
0.5108695652173914
 40
0.5163043478260869
 40
0.5163043478260869
 40
0.5163043478260869
 40
0.5163043478260869
 40
0.5217391304347826
 40
0.5217391304347826
 40
0.5217391304347826
 40
0.5217391304347826
 40
0.5271739130434783
 40
0.5271739130434783
 40
0.5271739130434783
 40
0.5271739130434783
 40
0.532608695652174
 40
0.532608695652174
 40
0.532608695652174
 40
0.532608695652174
 40
0.5380434782608695
 40
0.5380434782608695
 40
0.5380434782608695
 40
0.5380434782608695
 40
0.5434782608695652
 40
0.5434782608695652
 40
0.5434782608695652
 40
0.5434782608695652
 40
0.5489130434782609
 40
0.5489130434782609
 40
0.5489130434782609
 40
0.5489130434782609
 40
0.5543478260869565
 40
0.5543478260869565
 40
0.5543478260869565
 40
0.5543478260869565
 40
0.5597826086956522
 40
0.5597826086956522
 40
0.5597826086956522
 40
0.5597826086956522
 40
0.5652173913043478
 40
0.5652173913043478
 40
0.5652173913043478
 40
0.5652173913043478
 40
0.5706521739130435
 40
0.5706521739130435
 40
0.5706521739130435
 40
0.5706521739130435
 40
0.5760869565217391
 40
0.5760869565217391
 40
0.5760869565217391
 40
0.5760869565217391
 40
0.5815217391304348
 40
0.5815217391304348
 40
0.5815217391304348
 40
0.5815217391304348
 40
0.5869565217391305
 40
0.5869565217391305
 40
0.5869565217391305
 40
0.5869565217391305
 40
0.592391304347826
 40
0.592391304347826
 40
0.592391304347826
 40
0.592391304347826
 40
0.5978260869565217
 40
0.5978260869565217
 40
0.5978260869565217
 40
0.5978260869565217
 40
0.6032608695652174
 40
0.6032608695652174
 40
0.6032608695652174
 40
0.6032608695652174
 40
0.6086956521739131
 40
0.6086956521739131
 40
0.6086956521739131
 40
0.6086956521739131
 40
0.6141304347826086
 40
0.6141304347826086
 40
0.6141304347826086
 40
0.6141304347826086
 40
0.6195652173913043
 40
0.6195652173913043
 40
0.6195652173913043
 40
0.6195652173913043
 40
0.625
 40
0.625
 40
0.625
 40
0.625
 40
0.6304347826086957
 40
0.6304347826086957
 40
0.6304347826086957
 40
0.6304347826086957
 40
0.6358695652173914
 40
0.6358695652173914
 40
0.6358695652173914
 40
0.6358695652173914
 40
0.6413043478260869
 40
0.6413043478260869
 40
0.6413043478260869
 40
0.6413043478260869
 40
0.6467391304347826
 40
0.6467391304347826
 40
0.6467391304347826
 40
0.6467391304347826
 40
0.6521739130434783
 40
0.6521739130434783
 40
0.6521739130434783
 40
0.6521739130434783
 40
0.657608695652174
 40
0.657608695652174
 40
0.657608695652174
 40
0.657608695652174
 40
0.6630434782608695
 40
0.6630434782608695
 40
0.6630434782608695
 40
0.6630434782608695
 40
0.6684782608695652
 40
0.6684782608695652
 40
0.6684782608695652
 40
0.6684782608695652
 40
0.6739130434782609
 40
0.6739130434782609
 40
0.6739130434782609
 40
0.6739130434782609
 40
0.6793478260869565
 40
0.6793478260869565
 40
0.6793478260869565
 40
0.6793478260869565
 40
0.6847826086956522
 40
0.6847826086956522
 40
0.6847826086956522
 40
0.6847826086956522
 40
0.6902173913043478
 40
0.6902173913043478
 40
0.6902173913043478
 40
0.6902173913043478
 40
0.6956521739130435
 40
0.6956521739130435
 40
0.6956521739130435
 40
0.6956521739130435
 40
0.7010869565217391
 40
0.7010869565217391
 40
0.7010869565217391
 40
0.7010869565217391
 40
0.7065217391304348
 40
0.7065217391304348
 40
0.7065217391304348
 40
0.7065217391304348
 40
0.7119565217391305
 40
0.7119565217391305
 40
0.7119565217391305
 40
0.7119565217391305
 40
0.717391304347826
 40
0.717391304347826
 40
0.717391304347826
 40
0.717391304347826
 40
0.7228260869565217
 40
0.7228260869565217
 40
0.7228260869565217
 40
0.7228260869565217
 40
0.7282608695652174
 40
0.7282608695652174
 40
0.7282608695652174
 40
0.7282608695652174
 40
0.7336956521739131
 40
0.7336956521739131
 40
0.7336956521739131
 40
0.7336956521739131
 40
0.7391304347826086
 40
0.7391304347826086
 40
0.7391304347826086
 40
0.7391304347826086
 40
0.7445652173913043
 40
0.7445652173913043
 40
0.7445652173913043
 40
0.7445652173913043
 40
0.75
 40
0.75
 40
0.75
 40
0.75
 40
0.7554347826086957
 40
0.7554347826086957
 40
0.7554347826086957
 40
0.7554347826086957
 40
0.7608695652173914
 40
0.7608695652173914
 40
0.7608695652173914
 40
0.7608695652173914
 40
0.7663043478260869
 40
0.7663043478260869
 40
0.7663043478260869
 40
0.7663043478260869
 40
0.7717391304347826
 40
0.7717391304347826
 40
0.7717391304347826
 40
0.7717391304347826
 40
0.7771739130434783
 40
0.7771739130434783
 40
0.7771739130434783
 40
0.7771739130434783
 40
0.782608695652174
 40
0.782608695652174
 40
0.782608695652174
 40
0.782608695652174
 40
0.7880434782608695
 40
0.7880434782608695
 40
0.7880434782608695
 40
0.7880434782608695
 40
0.7934782608695652
 40
0.7934782608695652
 40
0.7934782608695652
 40
0.7934782608695652
 40
0.7989130434782609
 40
0.7989130434782609
 40
0.7989130434782609
 40
0.7989130434782609
 40
0.8043478260869565
 40
0.8043478260869565
 40
0.8043478260869565
 40
0.8043478260869565
 40
0.8097826086956522
 40
0.8097826086956522
 40
0.8097826086956522
 40
0.8097826086956522
 40
0.8152173913043478
 40
0.8152173913043478
 40
0.8152173913043478
 40
0.8152173913043478
 40
0.8206521739130435
 40
0.8206521739130435
 40
0.8206521739130435
 40
0.8206521739130435
 40
0.8260869565217391
 40
0.8260869565217391
 40
0.8260869565217391
 40
0.8260869565217391
 40
0.8315217391304348
 40
0.8315217391304348
 40
0.8315217391304348
 40
0.8315217391304348
 40
0.8369565217391305
 40
0.8369565217391305
 40
0.8369565217391305
 40
0.8369565217391305
 40
0.842391304347826
 40
0.842391304347826
 40
0.842391304347826
 40
0.842391304347826
 40
0.8478260869565217
 40
0.8478260869565217
 40
0.8478260869565217
 40
0.8478260869565217
 40
0.8532608695652174
 40
0.8532608695652174
 40
0.8532608695652174
 40
0.8532608695652174
 40
0.8586956521739131
 40
0.8586956521739131
 40
0.8586956521739131
 40
0.8586956521739131
 40
0.8641304347826086
 40
0.8641304347826086
 40
0.8641304347826086
 40
0.8641304347826086
 40
0.8695652173913043
 40
0.8695652173913043
 40
0.8695652173913043
 40
0.8695652173913043
 40
0.875
 40
0.875
 40
0.875
 40
0.875
 40
0.8804347826086957
 40
0.8804347826086957
 40
0.8804347826086957
 40
0.8804347826086957
 40
0.8858695652173914
 40
0.8858695652173914
 40
0.8858695652173914
 40
0.8858695652173914
 40
0.8913043478260869
 40
0.8913043478260869
 40
0.8913043478260869
 40
0.8913043478260869
 40
0.8967391304347826
 40
0.8967391304347826
 40
0.8967391304347826
 40
0.8967391304347826
 40
0.9021739130434783
 40
0.9021739130434783
 40
0.9021739130434783
 40
0.9021739130434783
 40
0.907608695652174
 40
0.907608695652174
 40
0.907608695652174
 40
0.907608695652174
 40
0.9130434782608695
 40
0.9130434782608695
 40
0.9130434782608695
 40
0.9130434782608695
 40
0.9184782608695652
 40
0.9184782608695652
 40
0.9184782608695652
 40
0.9184782608695652
 40
0.9239130434782609
 40
0.9239130434782609
 40
0.9239130434782609
 40
0.9239130434782609
 40
0.9293478260869565
 40
0.9293478260869565
 40
0.9293478260869565
 40
0.9293478260869565
 40
0.9347826086956522
 40
0.9347826086956522
 40
0.9347826086956522
 40
0.9347826086956522
 40
0.9402173913043478
 40
0.9402173913043478
 40
0.9402173913043478
 40
0.9402173913043478
 40
0.9456521739130435
 40
0.9456521739130435
 40
0.9456521739130435
 40
0.9456521739130435
 40
0.9510869565217391
 40
0.9510869565217391
 40
0.9510869565217391
 40
0.9510869565217391
 40
0.9565217391304348
 40
0.9565217391304348
 40
0.9565217391304348
 40
0.9565217391304348
 40
0.9619565217391305
 40
0.9619565217391305
 40
0.9619565217391305
 40
0.9619565217391305
 40
0.967391304347826
 40
0.967391304347826
 40
0.967391304347826
 40
0.967391304347826
 40
0.9728260869565217
 40
0.9728260869565217
 40
0.9728260869565217
 40
0.9728260869565217
 40
0.9782608695652174
 40
0.9782608695652174
 40
0.9782608695652174
 40
0.9782608695652174
 40
0.9836956521739131
 40
0.9836956521739131
 40
0.9836956521739131
 40
0.9836956521739131
 40
0.9891304347826086
 40
0.9891304347826086
 40
0.9891304347826086
 40
0.9891304347826086
 40
1.0
 40
1.0
 40
1.0
 40
1.0
 10
-26.0081
 20
33.4697
 30
0.0
 10
-26.0268
 20
33.4535
 30
0.0
 10
-26.0716
 20
33.4554
 30
0.0
 10
-26.0985
 20
33.4487
 30
0.0
 10
-26.0985
 20
33.4487
 30
0.0
 10
-26.1326
 20
33.4428
 30
0.0
 10
-26.1688
 20
33.43
 30
0.0
 10
-26.2028
 20
33.4326
 30
0.0
 10
-26.2028
 20
33.4326
 30
0.0
 10
-26.2196
 20
33.4148
 30
0.0
 10
-26.2688
 20
33.4135
 30
0.0
 10
-26.2921
 20
33.405
 30
0.0
 10
-26.2921
 20
33.405
 30
0.0
 10
-26.2921
 20
33.405
 30
0.0
 10
-26.3447
 20
33.3924
 30
0.0
 10
-26.3447
 20
33.3924
 30
0.0
 10
-26.3447
 20
33.3924
 30
0.0
 10
-26.3447
 20
33.3924
 30
0.0
 10
-26.3987
 20
33.3752
 30
0.0
 10
-26.3987
 20
33.3752
 30
0.0
 10
-26.3987
 20
33.3752
 30
0.0
 10
-26.4215
 20
33.3608
 30
0.0
 10
-26.4569
 20
33.35
 30
0.0
 10
-26.4828
 20
33.351
 30
0.0
 10
-26.4828
 20
33.351
 30
0.0
 10
-26.5011
 20
33.3314
 30
0.0
 10
-26.551
 20
33.3168
 30
0.0
 10
-26.5803
 20
33.3103
 30
0.0
 10
-26.5803
 20
33.3103
 30
0.0
 10
-26.5803
 20
33.3103
 30
0.0
 10
-26.6071
 20
33.2987
 30
0.0
 10
-26.6071
 20
33.2987
 30
0.0
 10
-26.6071
 20
33.2987
 30
0.0
 10
-26.6071
 20
33.2987
 30
0.0
 10
-26.6732
 20
33.2671
 30
0.0
 10
-26.6732
 20
33.2671
 30
0.0
 10
-26.6732
 20
33.2671
 30
0.0
 10
-26.6732
 20
33.2671
 30
0.0
 10
-26.7695
 20
33.2237
 30
0.0
 10
-26.7695
 20
33.2237
 30
0.0
 10
-26.7695
 20
33.2237
 30
0.0
 10
-26.7695
 20
33.2237
 30
0.0
 10
-26.8047
 20
33.2066
 30
0.0
 10
-26.8047
 20
33.2066
 30
0.0
 10
-26.8047
 20
33.2066
 30
0.0
 10
-26.8047
 20
33.2066
 30
0.0
 10
-26.8632
 20
33.1737
 30
0.0
 10
-26.8632
 20
33.1737
 30
0.0
 10
-26.8632
 20
33.1737
 30
0.0
 10
-26.8862
 20
33.1586
 30
0.0
 10
-26.9316
 20
33.1255
 30
0.0
 10
-26.9564
 20
33.1203
 30
0.0
 10
-26.9564
 20
33.1203
 30
0.0
 10
-26.9564
 20
33.1203
 30
0.0
 10
-27.0546
 20
33.0562
 30
0.0
 10
-27.0546
 20
33.0562
 30
0.0
 10
-27.0546
 20
33.0562
 30
0.0
 10
-27.0623
 20
33.0403
 30
0.0
 10
-27.0818
 20
33.0301
 30
0.0
 10
-27.0983
 20
33.0228
 30
0.0
 10
-27.0983
 20
33.0228
 30
0.0
 10
-27.1205
 20
33.0048
 30
0.0
 10
-27.1169
 20
33.004
 30
0.0
 10
-27.142
 20
32.9937
 30
0.0
 10
-27.142
 20
32.9937
 30
0.0
 10
-27.1462
 20
32.9836
 30
0.0
 10
-27.3176
 20
32.8397
 30
0.0
 10
-27.3296
 20
32.8358
 30
0.0
 10
-27.3296
 20
32.8358
 30
0.0
 10
-27.3296
 20
32.8358
 30
0.0
 10
-27.4179
 20
32.749
 30
0.0
 10
-27.4179
 20
32.749
 30
0.0
 10
-27.4179
 20
32.749
 30
0.0
 10
-27.4179
 20
32.749
 30
0.0
 10
-27.4239
 20
32.7426
 30
0.0
 10
-27.4239
 20
32.7426
 30
0.0
 10
-27.4239
 20
32.7426
 30
0.0
 10
-27.4462
 20
32.7088
 30
0.0
 10
-27.5159
 20
32.6402
 30
0.0
 10
-27.5474
 20
32.6038
 30
0.0
 10
-27.5474
 20
32.6038
 30
0.0
 10
-27.5855
 20
32.5595
 30
0.0
 10
-27.6278
 20
32.5073
 30
0.0
 10
-27.6597
 20
32.4603
 30
0.0
 10
-27.6597
 20
32.4603
 30
0.0
 10
-27.6597
 20
32.4603
 30
0.0
 10
-27.6979
 20
32.411
 30
0.0
 10
-27.6979
 20
32.411
 30
0.0
 10
-27.6979
 20
32.411
 30
0.0
 10
-27.6979
 20
32.411
 30
0.0
 10
-27.7253
 20
32.3733
 30
0.0
 10
-27.7253
 20
32.3733
 30
0.0
 10
-27.7253
 20
32.3733
 30
0.0
 10
-27.7328
 20
32.353
 30
0.0
 10
-27.8342
 20
32.1853
 30
0.0
 10
-27.8451
 20
32.1774
 30
0.0
 10
-27.8451
 20
32.1774
 30
0.0
 10
-27.8472
 20
32.1417
 30
0.0
 10
-27.9102
 20
32.0302
 30
0.0
 10
-27.9283
 20
31.9918
 30
0.0
 10
-27.9283
 20
31.9918
 30
0.0
 10
-27.9283
 20
31.9918
 30
0.0
 10
-27.9665
 20
31.9064
 30
0.0
 10
-27.9665
 20
31.9064
 30
0.0
 10
-27.9665
 20
31.9064
 30
0.0
 10
-27.9665
 20
31.9064
 30
0.0
 10
-27.9814
 20
31.8673
 30
0.0
 10
-27.9814
 20
31.8673
 30
0.0
 10
-27.9814
 20
31.8673
 30
0.0
 10
-27.9862
 20
31.8456
 30
0.0
 10
-27.9933
 20
31.8156
 30
0.0
 10
-28.0075
 20
31.8025
 30
0.0
 10
-28.0075
 20
31.8025
 30
0.0
 10
-28.0072
 20
31.7803
 30
0.0
 10
-28.0206
 20
31.7379
 30
0.0
 10
-28.0314
 20
31.7173
 30
0.0
 10
-28.0314
 20
31.7173
 30
0.0
 10
-28.0371
 20
31.6914
 30
0.0
 10
-28.0485
 20
31.6295
 30
0.0
 10
-28.0638
 20
31.6151
 30
0.0
 10
-28.0638
 20
31.6151
 30
0.0
 10
-28.0619
 20
31.5875
 30
0.0
 10
-28.0683
 20
31.5752
 30
0.0
 10
-28.0737
 20
31.5482
 30
0.0
 10
-28.0737
 20
31.5482
 30
0.0
 10
-28.0737
 20
31.5482
 30
0.0
 10
-28.0789
 20
31.5378
 30
0.0
 10
-28.0789
 20
31.5378
 30
0.0
 10
-28.0789
 20
31.5378
 30
0.0
 10
-28.0789
 20
31.5378
 30
0.0
 10
-28.0986
 20
31.4295
 30
0.0
 10
-28.0986
 20
31.4295
 30
0.0
 10
-28.0986
 20
31.4295
 30
0.0
 10
-28.1017
 20
31.4041
 30
0.0
 10
-28.1065
 20
31.3418
 30
0.0
 10
-28.1196
 20
31.3267
 30
0.0
 10
-28.1196
 20
31.3267
 30
0.0
 10
-28.1153
 20
31.2934
 30
0.0
 10
-28.1226
 20
31.2752
 30
0.0
 10
-28.1236
 20
31.2421
 30
0.0
 10
-28.1236
 20
31.2421
 30
0.0
 10
-28.1282
 20
31.2077
 30
0.0
 10
-28.121
 20
31.1447
 30
0.0
 10
-28.1383
 20
31.1205
 30
0.0
 10
-28.1383
 20
31.1205
 30
0.0
 10
-28.1383
 20
31.1205
 30
0.0
 10
-28.1361
 20
31.0172
 30
0.0
 10
-28.1361
 20
31.0172
 30
0.0
 10
-28.1361
 20
31.0172
 30
0.0
 10
-28.1361
 20
31.0172
 30
0.0
 10
-28.1361
 20
30.9681
 30
0.0
 10
-28.1361
 20
30.9681
 30
0.0
 10
-28.1361
 20
30.9681
 30
0.0
 10
-28.1361
 20
30.9681
 30
0.0
 10
-28.1352
 20
30.8661
 30
0.0
 10
-28.1352
 20
30.8661
 30
0.0
 10
-28.1352
 20
30.8661
 30
0.0
 10
-28.1352
 20
30.8661
 30
0.0
 10
-28.1289
 20
30.7807
 30
0.0
 10
-28.1289
 20
30.7807
 30
0.0
 10
-28.1289
 20
30.7807
 30
0.0
 10
-28.1289
 20
30.7807
 30
0.0
 10
-28.1168
 20
30.6736
 30
0.0
 10
-28.1168
 20
30.6736
 30
0.0
 10
-28.1168
 20
30.6736
 30
0.0
 10
-28.1168
 20
30.6736
 30
0.0
 10
-28.1049
 20
30.5933
 30
0.0
 10
-28.1049
 20
30.5933
 30
0.0
 10
-28.1049
 20
30.5933
 30
0.0
 10
-28.1049
 20
30.5933
 30
0.0
 10
-28.0861
 20
30.4925
 30
0.0
 10
-28.0861
 20
30.4925
 30
0.0
 10
-28.0861
 20
30.4925
 30
0.0
 10
-28.0822
 20
30.4585
 30
0.0
 10
-28.0704
 20
30.4279
 30
0.0
 10
-28.0646
 20
30.3949
 30
0.0
 10
-28.0646
 20
30.3949
 30
0.0
 10
-28.0592
 20
30.3641
 30
0.0
 10
-28.0489
 20
30.3366
 30
0.0
 10
-28.042
 20
30.3059
 30
0.0
 10
-28.042
 20
30.3059
 30
0.0
 10
-28.0317
 20
30.2774
 30
0.0
 10
-28.0186
 20
30.2443
 30
0.0
 10
-28.0196
 20
30.2151
 30
0.0
 10
-28.0196
 20
30.2151
 30
0.0
 10
-28.0008
 20
30.1974
 30
0.0
 10
-27.9885
 20
30.1459
 30
0.0
 10
-27.9814
 20
30.1181
 30
0.0
 10
-27.9814
 20
30.1181
 30
0.0
 10
-27.9814
 20
30.1181
 30
0.0
 10
-27.9798
 20
30.1096
 30
0.0
 10
-27.9798
 20
30.1096
 30
0.0
 10
-27.9798
 20
30.1096
 30
0.0
 10
-27.9798
 20
30.1096
 30
0.0
 10
-27.9425
 20
30.0248
 30
0.0
 10
-27.9425
 20
30.0248
 30
0.0
 10
-27.9425
 20
30.0248
 30
0.0
 10
-27.9311
 20
29.9987
 30
0.0
 10
-27.9091
 20
29.959
 30
0.0
 10
-27.9076
 20
29.9329
 30
0.0
 10
-27.9076
 20
29.9329
 30
0.0
 10
-27.8935
 20
29.923
 30
0.0
 10
-27.896
 20
29.9237
 30
0.0
 10
-27.891
 20
29.9057
 30
0.0
 10
-27.891
 20
29.9057
 30
0.0
 10
-27.891
 20
29.9057
 30
0.0
 10
-27.8541
 20
29.8305
 30
0.0
 10
-27.8541
 20
29.8305
 30
0.0
 10
-27.8541
 20
29.8305
 30
0.0
 10
-27.8541
 20
29.8305
 30
0.0
 10
-27.8034
 20
29.7436
 30
0.0
 10
-27.8034
 20
29.7436
 30
0.0
 10
-27.8034
 20
29.7436
 30
0.0
 10
-27.8034
 20
29.7436
 30
0.0
 10
-27.7977
 20
29.7308
 30
0.0
 10
-27.7977
 20
29.7308
 30
0.0
 10
-27.7977
 20
29.7308
 30
0.0
 10
-27.7977
 20
29.7308
 30
0.0
 10
-27.749
 20
29.6486
 30
0.0
 10
-27.749
 20
29.6486
 30
0.0
 10
-27.749
 20
29.6486
 30
0.0
 10
-27.749
 20
29.6486
 30
0.0
 10
-27.6987
 20
29.5738
 30
0.0
 10
-27.6987
 20
29.5738
 30
0.0
 10
-27.6987
 20
29.5738
 30
0.0
 10
-27.6987
 20
29.5738
 30
0.0
 10
-27.6854
 20
29.556
 30
0.0
 10
-27.6854
 20
29.556
 30
0.0
 10
-27.6854
 20
29.556
 30
0.0
 10
-27.6854
 20
29.556
 30
0.0
 10
-27.6167
 20
29.4619
 30
0.0
 10
-27.6167
 20
29.4619
 30
0.0
 10
-27.6167
 20
29.4619
 30
0.0
 10
-27.6167
 20
29.4619
 30
0.0
 10
-27.6035
 20
29.45
 30
0.0
 10
-27.6035
 20
29.45
 30
0.0
 10
-27.6035
 20
29.45
 30
0.0
 10
-27.5846
 20
29.4223
 30
0.0
 10
-27.553
 20
29.3944
 30
0.0
 10
-27.5417
 20
29.3682
 30
0.0
 10
-27.5417
 20
29.3682
 30
0.0
 10
-27.5236
 20
29.3555
 30
0.0
 10
-27.5294
 20
29.3511
 30
0.0
 10
-27.5098
 20
29.3376
 30
0.0
 10
-27.5098
 20
29.3376
 30
0.0
 10
-27.5098
 20
29.3376
 30
0.0
 10
-27.4608
 20
29.2799
 30
0.0
 10
-27.4608
 20
29.2799
 30
0.0
 10
-27.4608
 20
29.2799
 30
0.0
 10
-27.4514
 20
29.2687
 30
0.0
 10
-27.4512
 20
29.2683
 30
0.0
 10
-27.4405
 20
29.2579
 30
0.0
 10
-27.4405
 20
29.2579
 30
0.0
 10
-27.4307
 20
29.2483
 30
0.0
 10
-27.4373
 20
29.256
 30
0.0
 10
-27.4273
 20
29.2443
 30
0.0
 10
-27.4273
 20
29.2443
 30
0.0
 10
-27.4236
 20
29.2398
 30
0.0
 10
-27.421
 20
29.2355
 30
0.0
 10
-27.4176
 20
29.231
 30
0.0
 10
-27.4176
 20
29.231
 30
0.0
 10
-27.4031
 20
29.2303
 30
0.0
 10
-27.4045
 20
29.2285
 30
0.0
 10
-27.3908
 20
29.2135
 30
0.0
 10
-27.3908
 20
29.2135
 30
0.0
 10
-27.3829
 20
29.2049
 30
0.0
 10
-27.3754
 20
29.1954
 30
0.0
 10
-27.3678
 20
29.1862
 30
0.0
 10
-27.3678
 20
29.1862
 30
0.0
 10
-27.3529
 20
29.1696
 30
0.0
 10
-27.342
 20
29.1656
 30
0.0
 10
-27.3302
 20
29.149
 30
0.0
 10
-27.3302
 20
29.149
 30
0.0
 10
-27.3302
 20
29.149
 30
0.0
 10
-27.2607
 20
29.0871
 30
0.0
 10
-27.2607
 20
29.0871
 30
0.0
 10
-27.2607
 20
29.0871
 30
0.0
 10
-27.2607
 20
29.0871
 30
0.0
 10
-27.2365
 20
29.0677
 30
0.0
 10
-27.2365
 20
29.0677
 30
0.0
 10
-27.2365
 20
29.0677
 30
0.0
 10
-27.2365
 20
29.0677
 30
0.0
 10
-27.1427
 20
28.9929
 30
0.0
 10
-27.1427
 20
28.9929
 30
0.0
 10
-27.1427
 20
28.9929
 30
0.0
 10
-27.1222
 20
28.9834
 30
0.0
 10
-27.0582
 20
28.9396
 30
0.0
 10
-27.0483
 20
28.9229
 30
0.0
 10
-27.0483
 20
28.9229
 30
0.0
 10
-27.0483
 20
28.9229
 30
0.0
 10
-27.0108
 20
28.9001
 30
0.0
 10
-27.0108
 20
28.9001
 30
0.0
 10
-27.0108
 20
28.9001
 30
0.0
 10
-26.9948
 20
28.8943
 30
0.0
 10
-26.9687
 20
28.8807
 30
0.0
 10
-26.9609
 20
28.8662
 30
0.0
 10
-26.9609
 20
28.8662
 30
0.0
 10
-26.9295
 20
28.8548
 30
0.0
 10
-26.8957
 20
28.8304
 30
0.0
 10
-26.8656
 20
28.814
 30
0.0
 10
-26.8656
 20
28.814
 30
0.0
 10
-26.8346
 20
28.7972
 30
0.0
 10
-26.7966
 20
28.7787
 30
0.0
 10
-26.7677
 20
28.7616
 30
0.0
 10
-26.7677
 20
28.7616
 30
0.0
 10
-26.7677
 20
28.7616
 30
0.0
 10
-26.6725
 20
28.7135
 30
0.0
 10
-26.6725
 20
28.7135
 30
0.0
 10
-26.6725
 20
28.7135
 30
0.0
 10
-26.6725
 20
28.7135
 30
0.0
 10
-26.5795
 20
28.6757
 30
0.0
 10
-26.5795
 20
28.6757
 30
0.0
 10
-26.5795
 20
28.6757
 30
0.0
 10
-26.55
 20
28.6615
 30
0.0
 10
-26.5037
 20
28.6536
 30
0.0
 10
-26.4839
 20
28.634
 30
0.0
 10
-26.4839
 20
28.634
 30
0.0
 10
-26.4636
 20
28.6332
 30
0.0
 10
-26.4608
 20
28.6342
 30
0.0
 10
-26.4424
 20
28.6226
 30
0.0
 10
-26.4424
 20
28.6226
 30
0.0
 10
-26.4424
 20
28.6226
 30
0.0
 10
-26.3942
 20
28.6063
 30
0.0
 10
-26.3942
 20
28.6063
 30
0.0
 10
-26.3942
 20
28.6063
 30
0.0
 10
-26.3942
 20
28.6063
 30
0.0
 10
-26.2984
 20
28.5808
 30
0.0
 10
-26.2984
 20
28.5808
 30
0.0
 10
-26.2984
 20
28.5808
 30
0.0
 10
-26.2984
 20
28.5808
 30
0.0
 10
-26.213
 20
28.5563
 30
0.0
 10
-26.213
 20
28.5563
 30
0.0
 10
-26.213
 20
28.5563
 30
0.0
 10
-26.213
 20
28.5563
 30
0.0
 10
-26.111
 20
28.5366
 30
0.0
 10
-26.111
 20
28.5366
 30
0.0
 10
-26.111
 20
28.5366
 30
0.0
 10
-26.111
 20
28.5366
 30
0.0
 10
-26.0943
 20
28.5313
 30
0.0
 10
-26.0943
 20
28.5313
 30
0.0
 10
-26.0943
 20
28.5313
 30
0.0
 10
-26.0943
 20
28.5313
 30
0.0
 10
-25.9986
 20
28.5179
 30
0.0
 10
-25.9986
 20
28.5179
 30
0.0
 10
-25.9986
 20
28.5179
 30
0.0
 10
-25.9743
 20
28.5144
 30
0.0
 10
-25.9358
 20
28.5155
 30
0.0
 10
-25.9207
 20
28.5032
 30
0.0
 10
-25.9207
 20
28.5032
 30
0.0
 10
-25.8735
 20
28.5084
 30
0.0
 10
-25.8117
 20
28.496
 30
0.0
 10
-25.7619
 20
28.4938
 30
0.0
 10
-25.7619
 20
28.4938
 30
0.0
 10
-25.7063
 20
28.4913
 30
0.0
 10
-25.6424
 20
28.4911
 30
0.0
 10
-25.5867
 20
28.4922
 30
0.0
 10
-25.5867
 20
28.4922
 30
0.0
 10
-25.4741
 20
28.4944
 30
0.0
 10
-25.3774
 20
28.5091
 30
0.0
 10
-25.2677
 20
28.5184
 30
0.0
 10
-25.2677
 20
28.5184
 30
0.0
 10
-25.2677
 20
28.5184
 30
0.0
 10
-25.0746
 20
28.5539
 30
0.0
 10
-25.0746
 20
28.5539
 30
0.0
 10
-25.0746
 20
28.5539
 30
0.0
 10
-25.0746
 20
28.5539
 30
0.0
 10
-24.9854
 20
28.5751
 30
0.0
 10
-24.9854
 20
28.5751
 30
0.0
 10
-24.9854
 20
28.5751
 30
0.0
 10
-24.9854
 20
28.5751
 30
0.0
 10
-24.8872
 20
28.6038
 30
0.0
 10
-24.8872
 20
28.6038
 30
0.0
 10
-24.8872
 20
28.6038
 30
0.0
 10
-24.8872
 20
28.6038
 30
0.0
 10
-24.823
 20
28.625
 30
0.0
 10
-24.823
 20
28.625
 30
0.0
 10
-24.823
 20
28.625
 30
0.0
 10
-24.823
 20
28.625
 30
0.0
 10
-24.7935
 20
28.6351
 30
0.0
 10
-24.7935
 20
28.6351
 30
0.0
 10
-24.7935
 20
28.6351
 30
0.0
 10
-24.7795
 20
28.6484
 30
0.0
 10
-24.7281
 20
28.6643
 30
0.0
 10
-24.7083
 20
28.6652
 30
0.0
 10
-24.7083
 20
28.6652
 30
0.0
 10
-24.6941
 20
28.6813
 30
0.0
 10
-24.6309
 20
28.7045
 30
0.0
 10
-24.6061
 20
28.7105
 30
0.0
 10
-24.6061
 20
28.7105
 30
0.0
 10
-24.6061
 20
28.7105
 30
0.0
 10
-24.6032
 20
28.7093
 30
0.0
 10
-24.6032
 20
28.7093
 30
0.0
 10
-24.6032
 20
28.7093
 30
0.0
 10
-24.6032
 20
28.7093
 30
0.0
 10
-24.519
 20
28.7557
 30
0.0
 10
-24.519
 20
28.7557
 30
0.0
 10
-24.519
 20
28.7557
 30
0.0
 10
-24.519
 20
28.7557
 30
0.0
 10
-24.4312
 20
28.8001
 30
0.0
 10
-24.4312
 20
28.8001
 30
0.0
 10
-24.4312
 20
28.8001
 30
0.0
 10
-24.4312
 20
28.8001
 30
0.0
 10
-24.4187
 20
28.8068
 30
0.0
 10
-24.4187
 20
28.8068
 30
0.0
 10
-24.4187
 20
28.8068
 30
0.0
 10
-24.4053
 20
28.8208
 30
0.0
 10
-24.3943
 20
28.8218
 30
0.0
 10
-24.3769
 20
28.8328
 30
0.0
 10
-24.3769
 20
28.8328
 30
0.0
 10
-24.3701
 20
28.8372
 30
0.0
 10
-24.3661
 20
28.841
 30
0.0
 10
-24.3583
 20
28.8449
 30
0.0
 10
-24.3583
 20
28.8449
 30
0.0
 10
-24.3356
 20
28.8561
 30
0.0
 10
-24.3508
 20
28.8493
 30
0.0
 10
-24.3335
 20
28.8526
 30
0.0
 10
-24.3335
 20
28.8526
 30
0.0
 10
-24.3335
 20
28.8526
 30
0.0
 10
-24.2626
 20
28.9005
 30
0.0
 10
-24.2626
 20
28.9005
 30
0.0
 10
-24.2626
 20
28.9005
 30
0.0
 10
-24.2626
 20
28.9005
 30
0.0
 10
-24.2368
 20
28.9178
 30
0.0
 10
-24.2368
 20
28.9178
 30
0.0
 10
-24.2368
 20
28.9178
 30
0.0
 10
-24.2368
 20
28.9178
 30
0.0
 10
-24.1443
 20
28.9881
 30
0.0
 10
-24.1443
 20
28.9881
 30
0.0
 10
-24.1443
 20
28.9881
 30
0.0
 10
-24.1443
 20
28.9881
 30
0.0
 10
-24.1314
 20
28.9938
 30
0.0
 10
-24.1314
 20
28.9938
 30
0.0
 10
-24.1314
 20
28.9938
 30
0.0
 10
-24.1314
 20
28.9938
 30
0.0
 10
-24.0439
 20
29.0603
 30
0.0
 10
-24.0439
 20
29.0603
 30
0.0
 10
-24.0439
 20
29.0603
 30
0.0
 10
-24.038
 20
29.0742
 30
0.0
 10
-24.021
 20
29.0883
 30
0.0
 10
-24.0062
 20
29.0936
 30
0.0
 10
-24.0062
 20
29.0936
 30
0.0
 10
-24.0062
 20
29.0936
 30
0.0
 10
-23.9565
 20
29.1366
 30
0.0
 10
-23.9565
 20
29.1366
 30
0.0
 10
-23.9565
 20
29.1366
 30
0.0
 10
-23.9524
 20
29.1513
 30
0.0
 10
-23.9208
 20
29.1782
 30
0.0
 10
-23.9025
 20
29.183
 30
0.0
 10
-23.9025
 20
29.183
 30
0.0
 10
-23.9025
 20
29.183
 30
0.0
 10
-23.8586
 20
29.227
 30
0.0
 10
-23.8586
 20
29.227
 30
0.0
 10
-23.8586
 20
29.227
 30
0.0
 10
-23.8519
 20
29.2444
 30
0.0
 10
-23.834
 20
29.2626
 30
0.0
 10
-23.818
 20
29.2745
 30
0.0
 10
-23.818
 20
29.2745
 30
0.0
 10
-23.818
 20
29.2745
 30
0.0
 10
-23.7649
 20
29.3269
 30
0.0
 10
-23.7649
 20
29.3269
 30
0.0
 10
-23.7649
 20
29.3269
 30
0.0
 10
-23.7605
 20
29.3433
 30
0.0
 10
-23.7504
 20
29.3585
 30
0.0
 10
-23.7372
 20
29.3622
 30
0.0
 10
-23.7372
 20
29.3622
 30
0.0
 10
-23.7242
 20
29.3785
 30
0.0
 10
-23.6907
 20
29.4293
 30
0.0
 10
-23.6712
 20
29.4394
 30
0.0
 10
-23.6712
 20
29.4394
 30
0.0
 10
-23.6671
 20
29.4562
 30
0.0
 10
-23.671
 20
29.4552
 30
0.0
 10
-23.6547
 20
29.4621
 30
0.0
 10
-23.6547
 20
29.4621
 30
0.0
 10
-23.6547
 20
29.4621
 30
0.0
 10
-23.5255
 20
29.6493
 30
0.0
 10
-23.5255
 20
29.6493
 30
0.0
 10
-23.5255
 20
29.6493
 30
0.0
 10
-23.5255
 20
29.6493
 30
0.0
 10
-23.4937
 20
29.7062
 30
0.0
 10
-23.4937
 20
29.7062
 30
0.0
 10
-23.4937
 20
29.7062
 30
0.0
 10
-23.4937
 20
29.7062
 30
0.0
 10
-23.4693
 20
29.743
 30
0.0
 10
-23.4693
 20
29.743
 30
0.0
 10
-23.4693
 20
29.743
 30
0.0
 10
-23.4693
 20
29.743
 30
0.0
 10
-23.4201
 20
29.8373
 30
0.0
 10
-23.4201
 20
29.8373
 30
0.0
 10
-23.4201
 20
29.8373
 30
0.0
 10
-23.4201
 20
29.8373
 30
0.0
 10
-23.3908
 20
29.8829
 30
0.0
 10
-23.3908
 20
29.8829
 30
0.0
 10
-23.3908
 20
29.8829
 30
0.0
 10
-23.3898
 20
29.9006
 30
0.0
 10
-23.3887
 20
29.9127
 30
0.0
 10
-23.3732
 20
29.9244
 30
0.0
 10
-23.3732
 20
29.9244
 30
0.0
 10
-23.3732
 20
29.9244
 30
0.0
 10
-23.3315
 20
30.0239
 30
0.0
 10
-23.3315
 20
30.0239
 30
0.0
 10
-23.3315
 20
30.0239
 30
0.0
 10
-23.3315
 20
30.0239
 30
0.0
 10
-23.3045
 20
30.0868
 30
0.0
 10
-23.3045
 20
30.0868
 30
0.0
 10
-23.3045
 20
30.0868
 30
0.0
 10
-23.3045
 20
30.0868
 30
0.0
 10
-23.294
 20
30.1176
 30
0.0
 10
-23.294
 20
30.1176
 30
0.0
 10
-23.294
 20
30.1176
 30
0.0
 10
-23.294
 20
30.1176
 30
0.0
 10
-23.2622
 20
30.2122
 30
0.0
 10
-23.2622
 20
30.2122
 30
0.0
 10
-23.2622
 20
30.2122
 30
0.0
 10
-23.2622
 20
30.2122
 30
0.0
 10
-23.2311
 20
30.3033
 30
0.0
 10
-23.2311
 20
30.3033
 30
0.0
 10
-23.2311
 20
30.3033
 30
0.0
 10
-23.2311
 20
30.3033
 30
0.0
 10
-23.2122
 20
30.3871
 30
0.0
 10
-23.2122
 20
30.3871
 30
0.0
 10
-23.2122
 20
30.3871
 30
0.0
 10
-23.2122
 20
30.3871
 30
0.0
 10
-23.207
 20
30.3975
 30
0.0
 10
-23.207
 20
30.3975
 30
0.0
 10
-23.207
 20
30.3975
 30
0.0
 10
-23.207
 20
30.3975
 30
0.0
 10
-23.1873
 20
30.4933
 30
0.0
 10
-23.1873
 20
30.4933
 30
0.0
 10
-23.1873
 20
30.4933
 30
0.0
 10
-23.1873
 20
30.4933
 30
0.0
 10
-23.1695
 20
30.5849
 30
0.0
 10
-23.1695
 20
30.5849
 30
0.0
 10
-23.1695
 20
30.5849
 30
0.0
 10
-23.1695
 20
30.5849
 30
0.0
 10
-23.156
 20
30.687
 30
0.0
 10
-23.156
 20
30.687
 30
0.0
 10
-23.156
 20
30.687
 30
0.0
 10
-23.154
 20
30.7147
 30
0.0
 10
-23.1558
 20
30.7648
 30
0.0
 10
-23.1413
 20
30.7836
 30
0.0
 10
-23.1413
 20
30.7836
 30
0.0
 10
-23.1413
 20
30.7836
 30
0.0
 10
-23.1429
 20
30.8575
 30
0.0
 10
-23.1429
 20
30.8575
 30
0.0
 10
-23.1429
 20
30.8575
 30
0.0
 10
-23.1429
 20
30.8575
 30
0.0
 10
-23.1414
 20
30.8615
 30
0.0
 10
-23.1414
 20
30.8615
 30
0.0
 10
-23.1414
 20
30.8615
 30
0.0
 10
-23.1414
 20
30.8615
 30
0.0
 10
-23.1382
 20
30.961
 30
0.0
 10
-23.1382
 20
30.961
 30
0.0
 10
-23.1382
 20
30.961
 30
0.0
 10
-23.1382
 20
30.961
 30
0.0
 10
-23.1395
 20
31.0556
 30
0.0
 10
-23.1395
 20
31.0556
 30
0.0
 10
-23.1395
 20
31.0556
 30
0.0
 10
-23.1395
 20
31.0556
 30
0.0
 10
-23.1435
 20
31.1484
 30
0.0
 10
-23.1435
 20
31.1484
 30
0.0
 10
-23.1435
 20
31.1484
 30
0.0
 10
-23.1435
 20
31.1484
 30
0.0
 10
-23.1507
 20
31.263
 30
0.0
 10
-23.1507
 20
31.263
 30
0.0
 10
-23.1507
 20
31.263
 30
0.0
 10
-23.1507
 20
31.263
 30
0.0
 10
-23.1623
 20
31.3358
 30
0.0
 10
-23.1623
 20
31.3358
 30
0.0
 10
-23.1623
 20
31.3358
 30
0.0
 10
-23.1623
 20
31.3358
 30
0.0
 10
-23.1757
 20
31.4379
 30
0.0
 10
-23.1757
 20
31.4379
 30
0.0
 10
-23.1757
 20
31.4379
 30
0.0
 10
-23.1757
 20
31.4379
 30
0.0
 10
-23.1935
 20
31.517
 30
0.0
 10
-23.1935
 20
31.517
 30
0.0
 10
-23.1935
 20
31.517
 30
0.0
 10
-23.202
 20
31.56
 30
0.0
 10
-23.2363
 20
31.6711
 30
0.0
 10
-23.2346
 20
31.7026
 30
0.0
 10
-23.2346
 20
31.7026
 30
0.0
 10
-23.254
 20
31.7188
 30
0.0
 10
-23.2669
 20
31.7821
 30
0.0
 10
-23.2732
 20
31.811
 30
0.0
 10
-23.2732
 20
31.811
 30
0.0
 10
-23.2732
 20
31.811
 30
0.0
 10
-23.3444
 20
31.9939
 30
0.0
 10
-23.3444
 20
31.9939
 30
0.0
 10
-23.3444
 20
31.9939
 30
0.0
 10
-23.3444
 20
31.9939
 30
0.0
 10
-23.3888
 20
32.0855
 30
0.0
 10
-23.3888
 20
32.0855
 30
0.0
 10
-23.3888
 20
32.0855
 30
0.0
 10
-23.3888
 20
32.0855
 30
0.0
 10
-23.3908
 20
32.1024
 30
0.0
 10
-23.3908
 20
32.1024
 30
0.0
 10
-23.3908
 20
32.1024
 30
0.0
 10
-23.3908
 20
32.1024
 30
0.0
 10
-23.4375
 20
32.1792
 30
0.0
 10
-23.4375
 20
32.1792
 30
0.0
 10
-23.4375
 20
32.1792
 30
0.0
 10
-23.4375
 20
32.1792
 30
0.0
 10
-23.4878
 20
32.2735
 30
0.0
 10
-23.4878
 20
32.2735
 30
0.0
 10
-23.4878
 20
32.2735
 30
0.0
 10
-23.5078
 20
32.2906
 30
0.0
 10
-23.5383
 20
32.3399
 30
0.0
 10
-23.5407
 20
32.3648
 30
0.0
 10
-23.5407
 20
32.3648
 30
0.0
 10
-23.5609
 20
32.3756
 30
0.0
 10
-23.5722
 20
32.4046
 30
0.0
 10
-23.5887
 20
32.4229
 30
0.0
 10
-23.5887
 20
32.4229
 30
0.0
 10
-23.5887
 20
32.4229
 30
0.0
 10
-23.6121
 20
32.4615
 30
0.0
 10
-23.6121
 20
32.4615
 30
0.0
 10
-23.6121
 20
32.4615
 30
0.0
 10
-23.6347
 20
32.4846
 30
0.0
 10
-23.6661
 20
32.5287
 30
0.0
 10
-23.6868
 20
32.5559
 30
0.0
 10
-23.6868
 20
32.5559
 30
0.0
 10
-23.7037
 20
32.5783
 30
0.0
 10
-23.7525
 20
32.6309
 30
0.0
 10
-23.7618
 20
32.6484
 30
0.0
 10
-23.7618
 20
32.6484
 30
0.0
 10
-23.7618
 20
32.6484
 30
0.0
 10
-23.7689
 20
32.6554
 30
0.0
 10
-23.7689
 20
32.6554
 30
0.0
 10
-23.7689
 20
32.6554
 30
0.0
 10
-23.7689
 20
32.6554
 30
0.0
 10
-23.8492
 20
32.7421
 30
0.0
 10
-23.8492
 20
32.7421
 30
0.0
 10
-23.8492
 20
32.7421
 30
0.0
 10
-23.8492
 20
32.7421
 30
0.0
 10
-23.8626
 20
32.7554
 30
0.0
 10
-23.8626
 20
32.7554
 30
0.0
 10
-23.8626
 20
32.7554
 30
0.0
 10
-23.8626
 20
32.7554
 30
0.0
 10
-23.9433
 20
32.8356
 30
0.0
 10
-23.9433
 20
32.8356
 30
0.0
 10
-23.9433
 20
32.8356
 30
0.0
 10
-23.956
 20
32.8348
 30
0.0
 10
-23.951
 20
32.8298
 30
0.0
 10
-23.9502
 20
32.8425
 30
0.0
 10
-23.9502
 20
32.8425
 30
0.0
 10
-23.9848
 20
32.8686
 30
0.0
 10
-24.0159
 20
32.8954
 30
0.0
 10
-24.0495
 20
32.9233
 30
0.0
 10
-24.0495
 20
32.9233
 30
0.0
 10
-24.0779
 20
32.9468
 30
0.0
 10
-24.1172
 20
32.9733
 30
0.0
 10
-24.1431
 20
32.9988
 30
0.0
 10
-24.1431
 20
32.9988
 30
0.0
 10
-24.1431
 20
32.9988
 30
0.0
 10
-24.1751
 20
33.0224
 30
0.0
 10
-24.1751
 20
33.0224
 30
0.0
 10
-24.1751
 20
33.0224
 30
0.0
 10
-24.1751
 20
33.0224
 30
0.0
 10
-24.2373
 20
33.0667
 30
0.0
 10
-24.2373
 20
33.0667
 30
0.0
 10
-24.2373
 20
33.0667
 30
0.0
 10
-24.257
 20
33.0739
 30
0.0
 10
-24.2982
 20
33.0971
 30
0.0
 10
-24.3063
 20
33.1129
 30
0.0
 10
-24.3063
 20
33.1129
 30
0.0
 10
-24.3063
 20
33.1129
 30
0.0
 10
-24.3365
 20
33.1294
 30
0.0
 10
-24.3365
 20
33.1294
 30
0.0
 10
-24.3365
 20
33.1294
 30
0.0
 10
-24.3365
 20
33.1294
 30
0.0
 10
-24.4253
 20
33.1784
 30
0.0
 10
-24.4253
 20
33.1784
 30
0.0
 10
-24.4253
 20
33.1784
 30
0.0
 10
-24.4253
 20
33.1784
 30
0.0
 10
-24.467
 20
33.2041
 30
0.0
 10
-24.467
 20
33.2041
 30
0.0
 10
-24.467
 20
33.2041
 30
0.0
 10
-24.467
 20
33.2041
 30
0.0
 10
-24.519
 20
33.2284
 30
0.0
 10
-24.519
 20
33.2284
 30
0.0
 10
-24.519
 20
33.2284
 30
0.0
 10
-24.519
 20
33.2284
 30
0.0
 10
-24.6101
 20
33.2737
 30
0.0
 10
-24.6101
 20
33.2737
 30
0.0
 10
-24.6101
 20
33.2737
 30
0.0
 10
-24.6101
 20
33.2737
 30
0.0
 10
-24.6752
 20
33.2988
 30
0.0
 10
-24.6752
 20
33.2988
 30
0.0
 10
-24.6752
 20
33.2988
 30
0.0
 10
-24.6932
 20
33.3077
 30
0.0
 10
-24.697
 20
33.3065
 30
0.0
 10
-24.7083
 20
33.3201
 30
0.0
 10
-24.7083
 20
33.3201
 30
0.0
 10
-24.7386
 20
33.3188
 30
0.0
 10
-24.7707
 20
33.3367
 30
0.0
 10
-24.8001
 20
33.3483
 30
0.0
 10
-24.8001
 20
33.3483
 30
0.0
 10
-24.8001
 20
33.3483
 30
0.0
 10
-24.8855
 20
33.379
 30
0.0
 10
-24.8855
 20
33.379
 30
0.0
 10
-24.8855
 20
33.379
 30
0.0
 10
-24.8855
 20
33.379
 30
0.0
 10
-24.9371
 20
33.394
 30
0.0
 10
-24.9371
 20
33.394
 30
0.0
 10
-24.9371
 20
33.394
 30
0.0
 10
-24.9371
 20
33.394
 30
0.0
 10
-24.9934
 20
33.4101
 30
0.0
 10
-24.9934
 20
33.4101
 30
0.0
 10
-24.9934
 20
33.4101
 30
0.0
 10
-24.9934
 20
33.4101
 30
0.0
 10
-25.0812
 20
33.4296
 30
0.0
 10
-25.0812
 20
33.4296
 30
0.0
 10
-25.0812
 20
33.4296
 30
0.0
 10
-25.0812
 20
33.4296
 30
0.0
 10
-25.1678
 20
33.4482
 30
0.0
 10
-25.1678
 20
33.4482
 30
0.0
 10
-25.1678
 20
33.4482
 30
0.0
 10
-25.1678
 20
33.4482
 30
0.0
 10
-25.2686
 20
33.4652
 30
0.0
 10
-25.2686
 20
33.4652
 30
0.0
 10
-25.2686
 20
33.4652
 30
0.0
 10
-25.2686
 20
33.4652
 30
0.0
 10
-25.5088
 20
33.4916
 30
0.0
 10
-25.5088
 20
33.4916
 30
0.0
 10
-25.5088
 20
33.4916
 30
0.0
 10
-25.5088
 20
33.4916
 30
0.0
 10
-25.734
 20
33.4916
 30
0.0
 10
-25.734
 20
33.4916
 30
0.0
 10
-25.734
 20
33.4916
 30
0.0
 10
-25.7364
 20
33.4905
 30
0.0
 10
-25.9981
 20
33.4683
 30
0.0
 10
-26.0081
 20
33.4697
 30
0.0
  0
SPLINE
  5
75
330
1F
100
AcDbEntity
  8
layer 1
 62
   142
370
     9
100
AcDbSpline
210
0.0
220
0.0
230
1.0
 70
    11
 71
     3
 72
   252
 73
   248
 74
     0
 42
0.000000001
 43
0.0000000001
 40
0.0
 40
0.0
 40
0.0
 40
0.0
 40
0.0158730158730159
 40
0.0158730158730159
 40
0.0158730158730159
 40
0.0158730158730159
 40
0.0317460317460317
 40
0.0317460317460317
 40
0.0317460317460317
 40
0.0317460317460317
 40
0.0476190476190476
 40
0.0476190476190476
 40
0.0476190476190476
 40
0.0476190476190476
 40
0.0634920634920635
 40
0.0634920634920635
 40
0.0634920634920635
 40
0.0634920634920635
 40
0.0793650793650794
 40
0.0793650793650794
 40
0.0793650793650794
 40
0.0793650793650794
 40
0.0952380952380952
 40
0.0952380952380952
 40
0.0952380952380952
 40
0.0952380952380952
 40
0.1111111111111111
 40
0.1111111111111111
 40
0.1111111111111111
 40
0.1111111111111111
 40
0.126984126984127
 40
0.126984126984127
 40
0.126984126984127
 40
0.126984126984127
 40
0.1428571428571428
 40
0.1428571428571428
 40
0.1428571428571428
 40
0.1428571428571428
 40
0.1587301587301587
 40
0.1587301587301587
 40
0.1587301587301587
 40
0.1587301587301587
 40
0.1746031746031746
 40
0.1746031746031746
 40
0.1746031746031746
 40
0.1746031746031746
 40
0.1904761904761905
 40
0.1904761904761905
 40
0.1904761904761905
 40
0.1904761904761905
 40
0.2063492063492063
 40
0.2063492063492063
 40
0.2063492063492063
 40
0.2063492063492063
 40
0.2222222222222222
 40
0.2222222222222222
 40
0.2222222222222222
 40
0.2222222222222222
 40
0.2380952380952381
 40
0.2380952380952381
 40
0.2380952380952381
 40
0.2380952380952381
 40
0.253968253968254
 40
0.253968253968254
 40
0.253968253968254
 40
0.253968253968254
 40
0.2698412698412698
 40
0.2698412698412698
 40
0.2698412698412698
 40
0.2698412698412698
 40
0.2857142857142857
 40
0.2857142857142857
 40
0.2857142857142857
 40
0.2857142857142857
 40
0.3015873015873016
 40
0.3015873015873016
 40
0.3015873015873016
 40
0.3015873015873016
 40
0.3174603174603174
 40
0.3174603174603174
 40
0.3174603174603174
 40
0.3174603174603174
 40
0.3333333333333333
 40
0.3333333333333333
 40
0.3333333333333333
 40
0.3333333333333333
 40
0.3492063492063492
 40
0.3492063492063492
 40
0.3492063492063492
 40
0.3492063492063492
 40
0.3650793650793651
 40
0.3650793650793651
 40
0.3650793650793651
 40
0.3650793650793651
 40
0.3809523809523809
 40
0.3809523809523809
 40
0.3809523809523809
 40
0.3809523809523809
 40
0.3968253968253968
 40
0.3968253968253968
 40
0.3968253968253968
 40
0.3968253968253968
 40
0.4126984126984127
 40
0.4126984126984127
 40
0.4126984126984127
 40
0.4126984126984127
 40
0.4285714285714285
 40
0.4285714285714285
 40
0.4285714285714285
 40
0.4285714285714285
 40
0.4444444444444444
 40
0.4444444444444444
 40
0.4444444444444444
 40
0.4444444444444444
 40
0.4603174603174603
 40
0.4603174603174603
 40
0.4603174603174603
 40
0.4603174603174603
 40
0.4761904761904762
 40
0.4761904761904762
 40
0.4761904761904762
 40
0.4761904761904762
 40
0.492063492063492
 40
0.492063492063492
 40
0.492063492063492
 40
0.492063492063492
 40
0.5079365079365079
 40
0.5079365079365079
 40
0.5079365079365079
 40
0.5079365079365079
 40
0.5238095238095238
 40
0.5238095238095238
 40
0.5238095238095238
 40
0.5238095238095238
 40
0.5396825396825397
 40
0.5396825396825397
 40
0.5396825396825397
 40
0.5396825396825397
 40
0.5555555555555556
 40
0.5555555555555556
 40
0.5555555555555556
 40
0.5555555555555556
 40
0.5714285714285714
 40
0.5714285714285714
 40
0.5714285714285714
 40
0.5714285714285714
 40
0.5873015873015873
 40
0.5873015873015873
 40
0.5873015873015873
 40
0.5873015873015873
 40
0.6031746031746031
 40
0.6031746031746031
 40
0.6031746031746031
 40
0.6031746031746031
 40
0.6190476190476191
 40
0.6190476190476191
 40
0.6190476190476191
 40
0.6190476190476191
 40
0.6349206349206349
 40
0.6349206349206349
 40
0.6349206349206349
 40
0.6349206349206349
 40
0.6507936507936508
 40
0.6507936507936508
 40
0.6507936507936508
 40
0.6507936507936508
 40
0.6666666666666666
 40
0.6666666666666666
 40
0.6666666666666666
 40
0.6666666666666666
 40
0.6825396825396826
 40
0.6825396825396826
 40
0.6825396825396826
 40
0.6825396825396826
 40
0.6984126984126984
 40
0.6984126984126984
 40
0.6984126984126984
 40
0.6984126984126984
 40
0.7142857142857143
 40
0.7142857142857143
 40
0.7142857142857143
 40
0.7142857142857143
 40
0.7301587301587301
 40
0.7301587301587301
 40
0.7301587301587301
 40
0.7301587301587301
 40
0.746031746031746
 40
0.746031746031746
 40
0.746031746031746
 40
0.746031746031746
 40
0.7619047619047619
 40
0.7619047619047619
 40
0.7619047619047619
 40
0.7619047619047619
 40
0.7777777777777778
 40
0.7777777777777778
 40
0.7777777777777778
 40
0.7777777777777778
 40
0.7936507936507936
 40
0.7936507936507936
 40
0.7936507936507936
 40
0.7936507936507936
 40
0.8095238095238095
 40
0.8095238095238095
 40
0.8095238095238095
 40
0.8095238095238095
 40
0.8253968253968254
 40
0.8253968253968254
 40
0.8253968253968254
 40
0.8253968253968254
 40
0.8412698412698413
 40
0.8412698412698413
 40
0.8412698412698413
 40
0.8412698412698413
 40
0.8571428571428571
 40
0.8571428571428571
 40
0.8571428571428571
 40
0.8571428571428571
 40
0.873015873015873
 40
0.873015873015873
 40
0.873015873015873
 40
0.873015873015873
 40
0.8888888888888888
 40
0.8888888888888888
 40
0.8888888888888888
 40
0.8888888888888888
 40
0.9047619047619048
 40
0.9047619047619048
 40
0.9047619047619048
 40
0.9047619047619048
 40
0.9206349206349206
 40
0.9206349206349206
 40
0.9206349206349206
 40
0.9206349206349206
 40
0.9365079365079365
 40
0.9365079365079365
 40
0.9365079365079365
 40
0.9365079365079365
 40
0.9523809523809523
 40
0.9523809523809523
 40
0.9523809523809523
 40
0.9523809523809523
 40
0.9682539682539683
 40
0.9682539682539683
 40
0.9682539682539683
 40
0.9682539682539683
 40
1.0
 40
1.0
 40
1.0
 40
1.0
 10
-26.1176
 20
31.7193
 30
0.0
 10
-26.1175
 20
31.7056
 30
0.0
 10
-26.1157
 20
31.7161
 30
0.0
 10
-26.1249
 20
31.7113
 30
0.0
 10
-26.1249
 20
31.7113
 30
0.0
 10
-26.1449
 20
31.6739
 30
0.0
 10
-26.1464
 20
31.6874
 30
0.0
 10
-26.156
 20
31.6366
 30
0.0
 10
-26.156
 20
31.6366
 30
0.0
 10
-26.156
 20
31.6366
 30
0.0
 10
-26.1559
 20
31.5369
 30
0.0
 10
-26.1559
 20
31.5369
 30
0.0
 10
-26.1559
 20
31.5369
 30
0.0
 10
-26.1559
 20
31.5369
 30
0.0
 10
-26.1614
 20
31.5377
 30
0.0
 10
-26.1614
 20
31.5377
 30
0.0
 10
-26.1614
 20
31.5377
 30
0.0
 10
-26.1614
 20
31.5377
 30
0.0
 10
-26.1993
 20
31.5371
 30
0.0
 10
-26.1993
 20
31.5371
 30
0.0
 10
-26.1993
 20
31.5371
 30
0.0
 10
-26.1993
 20
31.5371
 30
0.0
 10
-26.3046
 20
31.5371
 30
0.0
 10
-26.3046
 20
31.5371
 30
0.0
 10
-26.3046
 20
31.5371
 30
0.0
 10
-26.3046
 20
31.5371
 30
0.0
 10
-26.3867
 20
31.5371
 30
0.0
 10
-26.3867
 20
31.5371
 30
0.0
 10
-26.3867
 20
31.5371
 30
0.0
 10
-26.3867
 20
31.5371
 30
0.0
 10
-26.4858
 20
31.5371
 30
0.0
 10
-26.4858
 20
31.5371
 30
0.0
 10
-26.4858
 20
31.5371
 30
0.0
 10
-26.4858
 20
31.5371
 30
0.0
 10
-26.5816
 20
31.5361
 30
0.0
 10
-26.5816
 20
31.5361
 30
0.0
 10
-26.5816
 20
31.5361
 30
0.0
 10
-26.6018
 20
31.5285
 30
0.0
 10
-26.6551
 20
31.5209
 30
0.0
 10
-26.6824
 20
31.5137
 30
0.0
 10
-26.6824
 20
31.5137
 30
0.0
 10
-26.7135
 20
31.5054
 30
0.0
 10
-26.7383
 20
31.4937
 30
0.0
 10
-26.7669
 20
31.4804
 30
0.0
 10
-26.7669
 20
31.4804
 30
0.0
 10
-26.8026
 20
31.4625
 30
0.0
 10
-26.8362
 20
31.4416
 30
0.0
 10
-26.8677
 20
31.4183
 30
0.0
 10
-26.8677
 20
31.4183
 30
0.0
 10
-26.8986
 20
31.3954
 30
0.0
 10
-26.9189
 20
31.368
 30
0.0
 10
-26.9476
 20
31.3421
 30
0.0
 10
-26.9476
 20
31.3421
 30
0.0
 10
-26.9476
 20
31.3421
 30
0.0
 10
-26.9554
 20
31.337
 30
0.0
 10
-26.9554
 20
31.337
 30
0.0
 10
-26.9554
 20
31.337
 30
0.0
 10
-26.9554
 20
31.337
 30
0.0
 10
-27.0195
 20
31.2488
 30
0.0
 10
-27.0195
 20
31.2488
 30
0.0
 10
-27.0195
 20
31.2488
 30
0.0
 10
-27.0195
 20
31.2488
 30
0.0
 10
-27.0514
 20
31.1892
 30
0.0
 10
-27.0514
 20
31.1892
 30
0.0
 10
-27.0514
 20
31.1892
 30
0.0
 10
-27.0514
 20
31.1892
 30
0.0
 10
-27.0613
 20
31.1484
 30
0.0
 10
-27.0613
 20
31.1484
 30
0.0
 10
-27.0613
 20
31.1484
 30
0.0
 10
-27.0613
 20
31.1484
 30
0.0
 10
-27.0858
 20
31.0568
 30
0.0
 10
-27.0858
 20
31.0568
 30
0.0
 10
-27.0858
 20
31.0568
 30
0.0
 10
-27.0858
 20
31.0568
 30
0.0
 10
-27.093
 20
30.9423
 30
0.0
 10
-27.093
 20
30.9423
 30
0.0
 10
-27.093
 20
30.9423
 30
0.0
 10
-27.093
 20
30.9423
 30
0.0
 10
-27.093
 20
30.8869
 30
0.0
 10
-27.093
 20
30.8869
 30
0.0
 10
-27.093
 20
30.8869
 30
0.0
 10
-27.093
 20
30.8869
 30
0.0
 10
-27.093
 20
30.7548
 30
0.0
 10
-27.093
 20
30.7548
 30
0.0
 10
-27.093
 20
30.7548
 30
0.0
 10
-27.093
 20
30.7548
 30
0.0
 10
-27.093
 20
30.6995
 30
0.0
 10
-27.093
 20
30.6995
 30
0.0
 10
-27.093
 20
30.6995
 30
0.0
 10
-27.093
 20
30.6995
 30
0.0
 10
-27.093
 20
30.5674
 30
0.0
 10
-27.093
 20
30.5674
 30
0.0
 10
-27.093
 20
30.5674
 30
0.0
 10
-27.093
 20
30.5674
 30
0.0
 10
-27.092
 20
30.5304
 30
0.0
 10
-27.092
 20
30.5304
 30
0.0
 10
-27.092
 20
30.5304
 30
0.0
 10
-27.092
 20
30.5304
 30
0.0
 10
-27.0488
 20
30.5304
 30
0.0
 10
-27.0488
 20
30.5304
 30
0.0
 10
-27.0488
 20
30.5304
 30
0.0
 10
-27.0488
 20
30.5304
 30
0.0
 10
-26.9418
 20
30.5304
 30
0.0
 10
-26.9418
 20
30.5304
 30
0.0
 10
-26.9418
 20
30.5304
 30
0.0
 10
-26.9418
 20
30.5304
 30
0.0
 10
-26.8802
 20
30.5304
 30
0.0
 10
-26.8802
 20
30.5304
 30
0.0
 10
-26.8802
 20
30.5304
 30
0.0
 10
-26.8802
 20
30.5304
 30
0.0
 10
-26.7544
 20
30.5304
 30
0.0
 10
-26.7544
 20
30.5304
 30
0.0
 10
-26.7544
 20
30.5304
 30
0.0
 10
-26.7544
 20
30.5304
 30
0.0
 10
-26.6928
 20
30.5304
 30
0.0
 10
-26.6928
 20
30.5304
 30
0.0
 10
-26.6928
 20
30.5304
 30
0.0
 10
-26.6928
 20
30.5304
 30
0.0
 10
-26.567
 20
30.5304
 30
0.0
 10
-26.567
 20
30.5304
 30
0.0
 10
-26.567
 20
30.5304
 30
0.0
 10
-26.567
 20
30.5304
 30
0.0
 10
-26.5054
 20
30.5304
 30
0.0
 10
-26.5054
 20
30.5304
 30
0.0
 10
-26.5054
 20
30.5304
 30
0.0
 10
-26.5054
 20
30.5304
 30
0.0
 10
-26.4458
 20
30.5273
 30
0.0
 10
-26.4458
 20
30.5273
 30
0.0
 10
-26.4458
 20
30.5273
 30
0.0
 10
-26.4458
 20
30.5273
 30
0.0
 10
-26.4457
 20
30.8927
 30
0.0
 10
-26.4457
 20
30.8927
 30
0.0
 10
-26.4457
 20
30.8927
 30
0.0
 10
-26.4457
 20
30.8927
 30
0.0
 10
-26.3858
 20
30.8918
 30
0.0
 10
-26.3858
 20
30.8918
 30
0.0
 10
-26.3858
 20
30.8918
 30
0.0
 10
-26.3858
 20
30.8918
 30
0.0
 10
-26.3055
 20
30.8918
 30
0.0
 10
-26.3055
 20
30.8918
 30
0.0
 10
-26.3055
 20
30.8918
 30
0.0
 10
-26.3055
 20
30.8918
 30
0.0
 10
-26.1984
 20
30.8918
 30
0.0
 10
-26.1984
 20
30.8918
 30
0.0
 10
-26.1984
 20
30.8918
 30
0.0
 10
-26.1644
 20
30.894
 30
0.0
 10
-26.1398
 20
30.8943
 30
0.0
 10
-26.1216
 20
30.8635
 30
0.0
 10
-26.1216
 20
30.8635
 30
0.0
 10
-26.109
 20
30.863
 30
0.0
 10
-26.1148
 20
30.8708
 30
0.0
 10
-26.1114
 20
30.8595
 30
0.0
 10
-26.1114
 20
30.8595
 30
0.0
 10
-26.0865
 20
30.8496
 30
0.0
 10
-26.0267
 20
30.8166
 30
0.0
 10
-26.0154
 20
30.7955
 30
0.0
 10
-26.0154
 20
30.7955
 30
0.0
 10
-25.9967
 20
30.7937
 30
0.0
 10
-25.9868
 20
30.7893
 30
0.0
 10
-25.9748
 20
30.7733
 30
0.0
 10
-25.9748
 20
30.7733
 30
0.0
 10
-25.9533
 20
30.7638
 30
0.0
 10
-25.9352
 20
30.7554
 30
0.0
 10
-25.9217
 20
30.7393
 30
0.0
 10
-25.9217
 20
30.7393
 30
0.0
 10
-25.901
 20
30.7381
 30
0.0
 10
-25.8514
 20
30.7172
 30
0.0
 10
-25.8366
 20
30.7029
 30
0.0
 10
-25.8366
 20
30.7029
 30
0.0
 10
-25.8116
 20
30.6977
 30
0.0
 10
-25.7844
 20
30.6907
 30
0.0
 10
-25.7708
 20
30.6772
 30
0.0
 10
-25.7708
 20
30.6772
 30
0.0
 10
-25.7708
 20
30.6772
 30
0.0
 10
-25.7362
 20
30.6732
 30
0.0
 10
-25.7362
 20
30.6732
 30
0.0
 10
-25.7362
 20
30.6732
 30
0.0
 10
-25.7362
 20
30.6732
 30
0.0
 10
-25.6434
 20
30.6544
 30
0.0
 10
-25.6434
 20
30.6544
 30
0.0
 10
-25.6434
 20
30.6544
 30
0.0
 10
-25.6434
 20
30.6544
 30
0.0
 10
-25.5488
 20
30.6482
 30
0.0
 10
-25.5488
 20
30.6482
 30
0.0
 10
-25.5488
 20
30.6482
 30
0.0
 10
-25.5488
 20
30.6482
 30
0.0
 10
-25.4431
 20
30.6523
 30
0.0
 10
-25.4431
 20
30.6523
 30
0.0
 10
-25.4431
 20
30.6523
 30
0.0
 10
-25.4431
 20
30.6523
 30
0.0
 10
-25.3477
 20
30.6679
 30
0.0
 10
-25.3477
 20
30.6679
 30
0.0
 10
-25.3477
 20
30.6679
 30
0.0
 10
-25.3321
 20
30.6759
 30
0.0
 10
-25.2823
 20
30.6895
 30
0.0
 10
-25.2636
 20
30.6945
 30
0.0
 10
-25.2636
 20
30.6945
 30
0.0
 10
-25.2344
 20
30.7023
 30
0.0
 10
-25.2088
 20
30.7175
 30
0.0
 10
-25.1811
 20
30.7298
 30
0.0
 10
-25.1811
 20
30.7298
 30
0.0
 10
-25.1322
 20
30.7504
 30
0.0
 10
-25.0267
 20
30.8314
 30
0.0
 10
-24.9894
 20
30.8392
 30
0.0
 10
-24.9894
 20
30.8392
 30
0.0
 10
-24.9785
 20
30.8563
 30
0.0
 10
-24.9678
 20
30.8577
 30
0.0
 10
-24.9497
 20
30.8684
 30
0.0
 10
-24.9497
 20
30.8684
 30
0.0
 10
-24.9497
 20
30.8684
 30
0.0
 10
-24.921
 20
30.8958
 30
0.0
 10
-24.921
 20
30.8958
 30
0.0
 10
-24.921
 20
30.8958
 30
0.0
 10
-24.921
 20
30.8958
 30
0.0
 10
-24.3434
 20
30.8987
 30
0.0
 10
-24.3434
 20
30.8987
 30
0.0
 10
-24.3434
 20
30.8987
 30
0.0
 10
-24.3434
 20
30.8987
 30
0.0
 10
-24.3434
 20
31.5302
 30
0.0
 10
-24.3434
 20
31.5302
 30
0.0
 10
-24.3434
 20
31.5302
 30
0.0
 10
-24.41
 20
31.5302
 30
0.0
 10
-24.8882
 20
31.5213
 30
0.0
 10
-24.9118
 20
31.5376
 30
0.0
 10
-24.9118
 20
31.5376
 30
0.0
 10
-24.9227
 20
31.559
 30
0.0
 10
-24.9173
 20
31.592
 30
0.0
 10
-24.9175
 20
31.617
 30
0.0
 10
-24.9175
 20
31.617
 30
0.0
 10
-24.917
 20
31.6615
 30
0.0
 10
-24.9198
 20
31.6701
 30
0.0
 10
-24.9432
 20
31.7059
 30
0.0
 10
-24.9432
 20
31.7059
 30
0.0
 10
-24.9432
 20
31.7059
 30
0.0
 10
-24.9894
 20
31.7396
 30
0.0
 10
-24.9894
 20
31.7396
 30
0.0
 10
-24.9894
 20
31.7396
 30
0.0
 10
-24.9894
 20
31.7396
 30
0.0
 10
-25.0121
 20
31.7391
 30
0.0
 10
-25.0121
 20
31.7391
 30
0.0
 10
-25.0121
 20
31.7391
 30
0.0
 10
-25.0121
 20
31.7391
 30
0.0
 10
-26.0552
 20
31.7386
 30
0.0
 10
-26.0552
 20
31.7386
 30
0.0
 10
-26.0552
 20
31.7386
 30
0.0
 10
-26.0552
 20
31.7386
 30
0.0
 10
-26.1176
 20
31.7193
 30
0.0
 10
-26.1176
 20
31.7193
 30
0.0
  0
SPLINE
  5
76
330
1F
100
AcDbEntity
  8
layer 1
 62
   142
370
     9
100
AcDbSpline
210
0.0
220
0.0
230
1.0
 70
    11
 71
     3
 72
   220
 73
   216
 74
     0
 42
0.000000001
 43
0.0000000001
 40
0.0
 40
0.0
 40
0.0
 40
0.0
 40
0.0181818181818182
 40
0.0181818181818182
 40
0.0181818181818182
 40
0.0181818181818182
 40
0.0363636363636364
 40
0.0363636363636364
 40
0.0363636363636364
 40
0.0363636363636364
 40
0.0545454545454545
 40
0.0545454545454545
 40
0.0545454545454545
 40
0.0545454545454545
 40
0.0727272727272727
 40
0.0727272727272727
 40
0.0727272727272727
 40
0.0727272727272727
 40
0.0909090909090909
 40
0.0909090909090909
 40
0.0909090909090909
 40
0.0909090909090909
 40
0.1090909090909091
 40
0.1090909090909091
 40
0.1090909090909091
 40
0.1090909090909091
 40
0.1272727272727273
 40
0.1272727272727273
 40
0.1272727272727273
 40
0.1272727272727273
 40
0.1454545454545454
 40
0.1454545454545454
 40
0.1454545454545454
 40
0.1454545454545454
 40
0.1636363636363636
 40
0.1636363636363636
 40
0.1636363636363636
 40
0.1636363636363636
 40
0.1818181818181818
 40
0.1818181818181818
 40
0.1818181818181818
 40
0.1818181818181818
 40
0.2
 40
0.2
 40
0.2
 40
0.2
 40
0.2181818181818182
 40
0.2181818181818182
 40
0.2181818181818182
 40
0.2181818181818182
 40
0.2363636363636364
 40
0.2363636363636364
 40
0.2363636363636364
 40
0.2363636363636364
 40
0.2545454545454545
 40
0.2545454545454545
 40
0.2545454545454545
 40
0.2545454545454545
 40
0.2727272727272727
 40
0.2727272727272727
 40
0.2727272727272727
 40
0.2727272727272727
 40
0.2909090909090909
 40
0.2909090909090909
 40
0.2909090909090909
 40
0.2909090909090909
 40
0.3090909090909091
 40
0.3090909090909091
 40
0.3090909090909091
 40
0.3090909090909091
 40
0.3272727272727273
 40
0.3272727272727273
 40
0.3272727272727273
 40
0.3272727272727273
 40
0.3454545454545455
 40
0.3454545454545455
 40
0.3454545454545455
 40
0.3454545454545455
 40
0.3636363636363636
 40
0.3636363636363636
 40
0.3636363636363636
 40
0.3636363636363636
 40
0.3818181818181818
 40
0.3818181818181818
 40
0.3818181818181818
 40
0.3818181818181818
 40
0.4
 40
0.4
 40
0.4
 40
0.4
 40
0.4181818181818182
 40
0.4181818181818182
 40
0.4181818181818182
 40
0.4181818181818182
 40
0.4363636363636363
 40
0.4363636363636363
 40
0.4363636363636363
 40
0.4363636363636363
 40
0.4545454545454545
 40
0.4545454545454545
 40
0.4545454545454545
 40
0.4545454545454545
 40
0.4727272727272727
 40
0.4727272727272727
 40
0.4727272727272727
 40
0.4727272727272727
 40
0.4909090909090909
 40
0.4909090909090909
 40
0.4909090909090909
 40
0.4909090909090909
 40
0.509090909090909
 40
0.509090909090909
 40
0.509090909090909
 40
0.509090909090909
 40
0.5272727272727272
 40
0.5272727272727272
 40
0.5272727272727272
 40
0.5272727272727272
 40
0.5454545454545454
 40
0.5454545454545454
 40
0.5454545454545454
 40
0.5454545454545454
 40
0.5636363636363636
 40
0.5636363636363636
 40
0.5636363636363636
 40
0.5636363636363636
 40
0.5818181818181818
 40
0.5818181818181818
 40
0.5818181818181818
 40
0.5818181818181818
 40
0.6
 40
0.6
 40
0.6
 40
0.6
 40
0.6181818181818182
 40
0.6181818181818182
 40
0.6181818181818182
 40
0.6181818181818182
 40
0.6363636363636364
 40
0.6363636363636364
 40
0.6363636363636364
 40
0.6363636363636364
 40
0.6545454545454545
 40
0.6545454545454545
 40
0.6545454545454545
 40
0.6545454545454545
 40
0.6727272727272727
 40
0.6727272727272727
 40
0.6727272727272727
 40
0.6727272727272727
 40
0.6909090909090909
 40
0.6909090909090909
 40
0.6909090909090909
 40
0.6909090909090909
 40
0.7090909090909091
 40
0.7090909090909091
 40
0.7090909090909091
 40
0.7090909090909091
 40
0.7272727272727273
 40
0.7272727272727273
 40
0.7272727272727273
 40
0.7272727272727273
 40
0.7454545454545455
 40
0.7454545454545455
 40
0.7454545454545455
 40
0.7454545454545455
 40
0.7636363636363637
 40
0.7636363636363637
 40
0.7636363636363637
 40
0.7636363636363637
 40
0.7818181818181819
 40
0.7818181818181819
 40
0.7818181818181819
 40
0.7818181818181819
 40
0.8
 40
0.8
 40
0.8
 40
0.8
 40
0.8181818181818182
 40
0.8181818181818182
 40
0.8181818181818182
 40
0.8181818181818182
 40
0.8363636363636363
 40
0.8363636363636363
 40
0.8363636363636363
 40
0.8363636363636363
 40
0.8545454545454545
 40
0.8545454545454545
 40
0.8545454545454545
 40
0.8545454545454545
 40
0.8727272727272727
 40
0.8727272727272727
 40
0.8727272727272727
 40
0.8727272727272727
 40
0.8909090909090909
 40
0.8909090909090909
 40
0.8909090909090909
 40
0.8909090909090909
 40
0.9090909090909091
 40
0.9090909090909091
 40
0.9090909090909091
 40
0.9090909090909091
 40
0.9272727272727272
 40
0.9272727272727272
 40
0.9272727272727272
 40
0.9272727272727272
 40
0.9454545454545454
 40
0.9454545454545454
 40
0.9454545454545454
 40
0.9454545454545454
 40
0.9636363636363636
 40
0.9636363636363636
 40
0.9636363636363636
 40
0.9636363636363636
 40
1.0
 40
1.0
 40
1.0
 40
1.0
 10
-25.6363
 20
32.5737
 30
0.0
 10
-25.6363
 20
32.5737
 30
0.0
 10
-25.6931
 20
32.5482
 30
0.0
 10
-25.6931
 20
32.5482
 30
0.0
 10
-25.6931
 20
32.5482
 30
0.0
 10
-25.6931
 20
32.5482
 30
0.0
 10
-25.7408
 20
32.5147
 30
0.0
 10
-25.7408
 20
32.5147
 30
0.0
 10
-25.7408
 20
32.5147
 30
0.0
 10
-25.7408
 20
32.5147
 30
0.0
 10
-25.7803
 20
32.452
 30
0.0
 10
-25.7803
 20
32.452
 30
0.0
 10
-25.7803
 20
32.452
 30
0.0
 10
-25.7803
 20
32.452
 30
0.0
 10
-25.8308
 20
32.4607
 30
0.0
 10
-25.8308
 20
32.4607
 30
0.0
 10
-25.8308
 20
32.4607
 30
0.0
 10
-25.8559
 20
32.4634
 30
0.0
 10
-25.9182
 20
32.4693
 30
0.0
 10
-25.9336
 20
32.4826
 30
0.0
 10
-25.9336
 20
32.4826
 30
0.0
 10
-25.9648
 20
32.4789
 30
0.0
 10
-25.9928
 20
32.4876
 30
0.0
 10
-26.0244
 20
32.4929
 30
0.0
 10
-26.0244
 20
32.4929
 30
0.0
 10
-26.0506
 20
32.4985
 30
0.0
 10
-26.0971
 20
32.4986
 30
0.0
 10
-26.1148
 20
32.5138
 30
0.0
 10
-26.1148
 20
32.5138
 30
0.0
 10
-26.1483
 20
32.5106
 30
0.0
 10
-26.1724
 20
32.5202
 30
0.0
 10
-26.2055
 20
32.5241
 30
0.0
 10
-26.2055
 20
32.5241
 30
0.0
 10
-26.2706
 20
32.5245
 30
0.0
 10
-26.2599
 20
32.513
 30
0.0
 10
-26.3023
 20
32.4835
 30
0.0
 10
-26.3023
 20
32.4835
 30
0.0
 10
-26.3023
 20
32.4835
 30
0.0
 10
-26.3105
 20
32.4603
 30
0.0
 10
-26.3105
 20
32.4603
 30
0.0
 10
-26.3105
 20
32.4603
 30
0.0
 10
-26.3288
 20
32.4327
 30
0.0
 10
-26.3344
 20
32.4051
 30
0.0
 10
-26.3425
 20
32.3737
 30
0.0
 10
-26.3425
 20
32.3737
 30
0.0
 10
-26.3425
 20
32.3737
 30
0.0
 10
-26.3518
 20
32.2767
 30
0.0
 10
-26.3518
 20
32.2767
 30
0.0
 10
-26.3518
 20
32.2767
 30
0.0
 10
-26.3518
 20
32.2767
 30
0.0
 10
-26.3262
 20
32.1734
 30
0.0
 10
-26.3262
 20
32.1734
 30
0.0
 10
-26.3262
 20
32.1734
 30
0.0
 10
-26.3262
 20
32.1734
 30
0.0
 10
-26.2925
 20
32.117
 30
0.0
 10
-26.2925
 20
32.117
 30
0.0
 10
-26.2925
 20
32.117
 30
0.0
 10
-26.2925
 20
32.117
 30
0.0
 10
-26.2615
 20
32.0923
 30
0.0
 10
-26.2615
 20
32.0923
 30
0.0
 10
-26.2615
 20
32.0923
 30
0.0
 10
-26.2615
 20
32.0923
 30
0.0
 10
-26.2363
 20
32.0836
 30
0.0
 10
-26.2363
 20
32.0836
 30
0.0
 10
-26.2363
 20
32.0836
 30
0.0
 10
-26.1896
 20
32.0824
 30
0.0
 10
-26.068
 20
32.1069
 30
0.0
 10
-26.0182
 20
32.1163
 30
0.0
 10
-26.0182
 20
32.1163
 30
0.0
 10
-25.9867
 20
32.1218
 30
0.0
 10
-25.959
 20
32.1303
 30
0.0
 10
-25.9274
 20
32.1266
 30
0.0
 10
-25.9274
 20
32.1266
 30
0.0
 10
-25.9129
 20
32.1396
 30
0.0
 10
-25.8601
 20
32.144
 30
0.0
 10
-25.837
 20
32.1475
 30
0.0
 10
-25.837
 20
32.1475
 30
0.0
 10
-25.837
 20
32.1475
 30
0.0
 10
-25.7803
 20
32.1573
 30
0.0
 10
-25.7803
 20
32.1573
 30
0.0
 10
-25.7803
 20
32.1573
 30
0.0
 10
-25.7538
 20
32.0992
 30
0.0
 10
-25.7017
 20
32.0653
 30
0.0
 10
-25.6437
 20
32.0386
 30
0.0
 10
-25.6437
 20
32.0386
 30
0.0
 10
-25.6437
 20
32.0386
 30
0.0
 10
-25.6438
 20
31.9856
 30
0.0
 10
-25.6438
 20
31.9856
 30
0.0
 10
-25.6438
 20
31.9856
 30
0.0
 10
-25.6438
 20
31.9856
 30
0.0
 10
-25.6438
 20
31.9052
 30
0.0
 10
-25.6438
 20
31.9052
 30
0.0
 10
-25.6438
 20
31.9052
 30
0.0
 10
-25.6438
 20
31.9052
 30
0.0
 10
-25.6437
 20
31.8026
 30
0.0
 10
-25.6437
 20
31.8026
 30
0.0
 10
-25.6437
 20
31.8026
 30
0.0
 10
-25.6437
 20
31.8026
 30
0.0
 10
-25.427
 20
31.803
 30
0.0
 10
-25.427
 20
31.803
 30
0.0
 10
-25.427
 20
31.803
 30
0.0
 10
-25.427
 20
31.803
 30
0.0
 10
-25.4297
 20
31.8981
 30
0.0
 10
-25.4297
 20
31.8981
 30
0.0
 10
-25.4297
 20
31.8981
 30
0.0
 10
-25.4297
 20
31.8981
 30
0.0
 10
-25.4297
 20
31.9927
 30
0.0
 10
-25.4297
 20
31.9927
 30
0.0
 10
-25.4297
 20
31.9927
 30
0.0
 10
-25.4297
 20
31.9927
 30
0.0
 10
-25.4289
 20
32.0355
 30
0.0
 10
-25.4289
 20
32.0355
 30
0.0
 10
-25.4289
 20
32.0355
 30
0.0
 10
-25.4289
 20
32.0355
 30
0.0
 10
-25.3617
 20
32.0724
 30
0.0
 10
-25.3617
 20
32.0724
 30
0.0
 10
-25.3617
 20
32.0724
 30
0.0
 10
-25.3503
 20
32.0884
 30
0.0
 10
-25.3564
 20
32.0846
 30
0.0
 10
-25.3425
 20
32.086
 30
0.0
 10
-25.3425
 20
32.086
 30
0.0
 10
-25.3325
 20
32.0975
 30
0.0
 10
-25.3209
 20
32.1084
 30
0.0
 10
-25.3113
 20
32.1224
 30
0.0
 10
-25.3113
 20
32.1224
 30
0.0
 10
-25.2971
 20
32.143
 30
0.0
 10
-25.2977
 20
32.1516
 30
0.0
 10
-25.2748
 20
32.1543
 30
0.0
 10
-25.2748
 20
32.1543
 30
0.0
 10
-25.2748
 20
32.1543
 30
0.0
 10
-25.174
 20
32.1373
 30
0.0
 10
-25.174
 20
32.1373
 30
0.0
 10
-25.174
 20
32.1373
 30
0.0
 10
-25.1488
 20
32.1336
 30
0.0
 10
-25.0863
 20
32.1272
 30
0.0
 10
-25.0712
 20
32.1141
 30
0.0
 10
-25.0712
 20
32.1141
 30
0.0
 10
-25.04
 20
32.1178
 30
0.0
 10
-25.012
 20
32.1091
 30
0.0
 10
-24.9804
 20
32.1038
 30
0.0
 10
-24.9804
 20
32.1038
 30
0.0
 10
-24.9804
 20
32.1038
 30
0.0
 10
-24.9263
 20
32.0923
 30
0.0
 10
-24.9263
 20
32.0923
 30
0.0
 10
-24.9263
 20
32.0923
 30
0.0
 10
-24.9263
 20
32.0923
 30
0.0
 10
-24.9058
 20
32.0891
 30
0.0
 10
-24.9058
 20
32.0891
 30
0.0
 10
-24.9058
 20
32.0891
 30
0.0
 10
-24.7988
 20
32.077
 30
0.0
 10
-24.794
 20
32.0957
 30
0.0
 10
-24.7436
 20
32.178
 30
0.0
 10
-24.7436
 20
32.178
 30
0.0
 10
-24.7329
 20
32.2471
 30
0.0
 10
-24.7212
 20
32.2634
 30
0.0
 10
-24.7248
 20
32.3425
 30
0.0
 10
-24.7248
 20
32.3425
 30
0.0
 10
-24.7248
 20
32.3425
 30
0.0
 10
-24.7286
 20
32.3733
 30
0.0
 10
-24.7286
 20
32.3733
 30
0.0
 10
-24.7286
 20
32.3733
 30
0.0
 10
-24.7386
 20
32.4027
 30
0.0
 10
-24.744
 20
32.4351
 30
0.0
 10
-24.762
 20
32.4612
 30
0.0
 10
-24.762
 20
32.4612
 30
0.0
 10
-24.762
 20
32.4612
 30
0.0
 10
-24.802
 20
32.5142
 30
0.0
 10
-24.802
 20
32.5142
 30
0.0
 10
-24.802
 20
32.5142
 30
0.0
 10
-24.8377
 20
32.522
 30
0.0
 10
-24.8466
 20
32.5223
 30
0.0
 10
-24.8838
 20
32.5263
 30
0.0
 10
-24.8838
 20
32.5263
 30
0.0
 10
-24.9023
 20
32.5103
 30
0.0
 10
-24.9526
 20
32.5097
 30
0.0
 10
-24.9804
 20
32.505
 30
0.0
 10
-24.9804
 20
32.505
 30
0.0
 10
-24.9804
 20
32.505
 30
0.0
 10
-25.0812
 20
32.4866
 30
0.0
 10
-25.0812
 20
32.4866
 30
0.0
 10
-25.0812
 20
32.4866
 30
0.0
 10
-25.0812
 20
32.4866
 30
0.0
 10
-25.174
 20
32.4719
 30
0.0
 10
-25.174
 20
32.4719
 30
0.0
 10
-25.174
 20
32.4719
 30
0.0
 10
-25.1995
 20
32.4649
 30
0.0
 10
-25.2202
 20
32.4608
 30
0.0
 10
-25.2461
 20
32.4638
 30
0.0
 10
-25.2461
 20
32.4638
 30
0.0
 10
-25.2591
 20
32.4526
 30
0.0
 10
-25.2728
 20
32.4547
 30
0.0
 10
-25.2831
 20
32.4515
 30
0.0
 10
-25.2831
 20
32.4515
 30
0.0
 10
-25.3027
 20
32.4636
 30
0.0
 10
-25.3054
 20
32.4802
 30
0.0
 10
-25.3192
 20
32.4974
 30
0.0
 10
-25.3192
 20
32.4974
 30
0.0
 10
-25.332
 20
32.5134
 30
0.0
 10
-25.3462
 20
32.524
 30
0.0
 10
-25.3617
 20
32.5357
 30
0.0
 10
-25.3617
 20
32.5357
 30
0.0
 10
-25.3617
 20
32.5357
 30
0.0
 10
-25.3806
 20
32.5502
 30
0.0
 10
-25.3806
 20
32.5502
 30
0.0
 10
-25.3806
 20
32.5502
 30
0.0
 10
-25.3806
 20
32.5502
 30
0.0
 10
-25.4471
 20
32.5802
 30
0.0
 10
-25.4471
 20
32.5802
 30
0.0
 10
-25.4471
 20
32.5802
 30
0.0
 10
-25.4471
 20
32.5802
 30
0.0
 10
-25.5497
 20
32.5919
 30
0.0
 10
-25.5497
 20
32.5919
 30
0.0
 10
-25.5497
 20
32.5919
 30
0.0
 10
-25.5497
 20
32.5919
 30
0.0
 10
-25.6363
 20
32.5737
 30
0.0
 10
-25.6363
 20
32.5737
 30
0.0
  0
SPLINE
  5
77
330
1F
100
AcDbEntity
  8
layer 1
 62
   142
370
     9
100
AcDbSpline
210
0.0
220
0.0
230
1.0
 70
    11
 71
     3
 72
   120
 73
   116
 74
     0
 42
0.000000001
 43
0.0000000001
 40
0.0
 40
0.0
 40
0.0
 40
0.0
 40
0.0333333333333333
 40
0.0333333333333333
 40
0.0333333333333333
 40
0.0333333333333333
 40
0.0666666666666667
 40
0.0666666666666667
 40
0.0666666666666667
 40
0.0666666666666667
 40
0.1
 40
0.1
 40
0.1
 40
0.1
 40
0.1333333333333333
 40
0.1333333333333333
 40
0.1333333333333333
 40
0.1333333333333333
 40
0.1666666666666667
 40
0.1666666666666667
 40
0.1666666666666667
 40
0.1666666666666667
 40
0.2
 40
0.2
 40
0.2
 40
0.2
 40
0.2333333333333333
 40
0.2333333333333333
 40
0.2333333333333333
 40
0.2333333333333333
 40
0.2666666666666667
 40
0.2666666666666667
 40
0.2666666666666667
 40
0.2666666666666667
 40
0.3
 40
0.3
 40
0.3
 40
0.3
 40
0.3333333333333333
 40
0.3333333333333333
 40
0.3333333333333333
 40
0.3333333333333333
 40
0.3666666666666666
 40
0.3666666666666666
 40
0.3666666666666666
 40
0.3666666666666666
 40
0.4
 40
0.4
 40
0.4
 40
0.4
 40
0.4333333333333333
 40
0.4333333333333333
 40
0.4333333333333333
 40
0.4333333333333333
 40
0.4666666666666667
 40
0.4666666666666667
 40
0.4666666666666667
 40
0.4666666666666667
 40
0.5
 40
0.5
 40
0.5
 40
0.5
 40
0.5333333333333333
 40
0.5333333333333333
 40
0.5333333333333333
 40
0.5333333333333333
 40
0.5666666666666667
 40
0.5666666666666667
 40
0.5666666666666667
 40
0.5666666666666667
 40
0.6
 40
0.6
 40
0.6
 40
0.6
 40
0.6333333333333333
 40
0.6333333333333333
 40
0.6333333333333333
 40
0.6333333333333333
 40
0.6666666666666666
 40
0.6666666666666666
 40
0.6666666666666666
 40
0.6666666666666666
 40
0.7
 40
0.7
 40
0.7
 40
0.7
 40
0.7333333333333333
 40
0.7333333333333333
 40
0.7333333333333333
 40
0.7333333333333333
 40
0.7666666666666667
 40
0.7666666666666667
 40
0.7666666666666667
 40
0.7666666666666667
 40
0.8
 40
0.8
 40
0.8
 40
0.8
 40
0.8333333333333334
 40
0.8333333333333334
 40
0.8333333333333334
 40
0.8333333333333334
 40
0.8666666666666667
 40
0.8666666666666667
 40
0.8666666666666667
 40
0.8666666666666667
 40
0.9
 40
0.9
 40
0.9
 40
0.9
 40
0.9333333333333333
 40
0.9333333333333333
 40
0.9333333333333333
 40
0.9333333333333333
 40
1.0
 40
1.0
 40
1.0
 40
1.0
 10
-26.7922
 20
30.2119
 30
0.0
 10
-26.7922
 20
30.2119
 30
0.0
 10
-26.9182
 20
30.0252
 30
0.0
 10
-26.9182
 20
30.0252
 30
0.0
 10
-26.9182
 20
30.0252
 30
0.0
 10
-26.9182
 20
30.0252
 30
0.0
 10
-26.9492
 20
29.9751
 30
0.0
 10
-26.9492
 20
29.9751
 30
0.0
 10
-26.9492
 20
29.9751
 30
0.0
 10
-26.9542
 20
29.9569
 30
0.0
 10
-26.9608
 20
29.9423
 30
0.0
 10
-26.9754
 20
29.9306
 30
0.0
 10
-26.9754
 20
29.9306
 30
0.0
 10
-26.9876
 20
29.901
 30
0.0
 10
-27.0051
 20
29.8529
 30
0.0
 10
-27.0269
 20
29.8346
 30
0.0
 10
-27.0269
 20
29.8346
 30
0.0
 10
-27.028
 20
29.8128
 30
0.0
 10
-27.0322
 20
29.7999
 30
0.0
 10
-27.0445
 20
29.7807
 30
0.0
 10
-27.0445
 20
29.7807
 30
0.0
 10
-27.0445
 20
29.7807
 30
0.0
 10
-27.0545
 20
29.7511
 30
0.0
 10
-27.0545
 20
29.7511
 30
0.0
 10
-27.0545
 20
29.7511
 30
0.0
 10
-27.0545
 20
29.7511
 30
0.0
 10
-27.0608
 20
29.6428
 30
0.0
 10
-27.0608
 20
29.6428
 30
0.0
 10
-27.0608
 20
29.6428
 30
0.0
 10
-27.055
 20
29.6117
 30
0.0
 10
-27.0394
 20
29.567
 30
0.0
 10
-27.0259
 20
29.5407
 30
0.0
 10
-27.0259
 20
29.5407
 30
0.0
 10
-27.0192
 20
29.5278
 30
0.0
 10
-27.0068
 20
29.5118
 30
0.0
 10
-26.998
 20
29.4997
 30
0.0
 10
-26.998
 20
29.4997
 30
0.0
 10
-26.9806
 20
29.476
 30
0.0
 10
-26.9814
 20
29.4848
 30
0.0
 10
-26.9678
 20
29.4621
 30
0.0
 10
-26.9678
 20
29.4621
 30
0.0
 10
-26.9678
 20
29.4621
 30
0.0
 10
-26.9548
 20
29.4548
 30
0.0
 10
-26.9548
 20
29.4548
 30
0.0
 10
-26.9548
 20
29.4548
 30
0.0
 10
-26.9402
 20
29.4475
 30
0.0
 10
-26.9277
 20
29.4367
 30
0.0
 10
-26.9135
 20
29.4285
 30
0.0
 10
-26.9135
 20
29.4285
 30
0.0
 10
-26.8974
 20
29.4192
 30
0.0
 10
-26.8777
 20
29.4143
 30
0.0
 10
-26.8632
 20
29.4051
 30
0.0
 10
-26.8632
 20
29.4051
 30
0.0
 10
-26.8632
 20
29.4051
 30
0.0
 10
-26.7731
 20
29.3925
 30
0.0
 10
-26.7731
 20
29.3925
 30
0.0
 10
-26.7731
 20
29.3925
 30
0.0
 10
-26.7731
 20
29.3925
 30
0.0
 10
-26.6803
 20
29.4054
 30
0.0
 10
-26.6803
 20
29.4054
 30
0.0
 10
-26.6803
 20
29.4054
 30
0.0
 10
-26.6803
 20
29.4054
 30
0.0
 10
-26.5822
 20
29.4517
 30
0.0
 10
-26.5822
 20
29.4517
 30
0.0
 10
-26.5822
 20
29.4517
 30
0.0
 10
-26.5822
 20
29.4517
 30
0.0
 10
-26.5737
 20
29.4627
 30
0.0
 10
-26.5737
 20
29.4627
 30
0.0
 10
-26.5737
 20
29.4627
 30
0.0
 10
-26.5494
 20
29.4974
 30
0.0
 10
-26.5304
 20
29.5128
 30
0.0
 10
-26.5045
 20
29.5562
 30
0.0
 10
-26.5045
 20
29.5562
 30
0.0
 10
-26.5045
 20
29.5562
 30
0.0
 10
-26.4917
 20
29.5786
 30
0.0
 10
-26.4917
 20
29.5786
 30
0.0
 10
-26.4917
 20
29.5786
 30
0.0
 10
-26.4917
 20
29.5786
 30
0.0
 10
-26.4769
 20
29.6433
 30
0.0
 10
-26.4769
 20
29.6433
 30
0.0
 10
-26.4769
 20
29.6433
 30
0.0
 10
-26.473
 20
29.6932
 30
0.0
 10
-26.477
 20
29.7026
 30
0.0
 10
-26.4831
 20
29.7494
 30
0.0
 10
-26.4831
 20
29.7494
 30
0.0
 10
-26.4831
 20
29.7494
 30
0.0
 10
-26.4925
 20
29.7809
 30
0.0
 10
-26.4925
 20
29.7809
 30
0.0
 10
-26.4925
 20
29.7809
 30
0.0
 10
-26.4925
 20
29.7809
 30
0.0
 10
-26.5183
 20
29.8365
 30
0.0
 10
-26.5183
 20
29.8365
 30
0.0
 10
-26.5183
 20
29.8365
 30
0.0
 10
-26.5183
 20
29.8365
 30
0.0
 10
-26.561
 20
29.9254
 30
0.0
 10
-26.561
 20
29.9254
 30
0.0
 10
-26.561
 20
29.9254
 30
0.0
 10
-26.561
 20
29.9254
 30
0.0
 10
-26.5838
 20
29.9681
 30
0.0
 10
-26.5838
 20
29.9681
 30
0.0
 10
-26.5838
 20
29.9681
 30
0.0
 10
-26.5988
 20
29.9804
 30
0.0
 10
-26.6099
 20
30.0009
 30
0.0
 10
-26.6139
 20
30.0221
 30
0.0
 10
-26.6139
 20
30.0221
 30
0.0
 10
-26.6341
 20
30.0335
 30
0.0
 10
-26.7192
 20
30.177
 30
0.0
 10
-26.7494
 20
30.2113
 30
0.0
 10
-26.7494
 20
30.2113
 30
0.0
 10
-26.7494
 20
30.2113
 30
0.0
 10
-26.7664
 20
30.2377
 30
0.0
 10
-26.7664
 20
30.2377
 30
0.0
 10
-26.7664
 20
30.2377
 30
0.0
 10
-26.7664
 20
30.2377
 30
0.0
 10
-26.7922
 20
30.2119
 30
0.0
 10
-26.7922
 20
30.2119
 30
0.0
  0
SPLINE
  5
78
330
1F
100
AcDbEntity
  8
layer 1
 62
   142
370
     9
100
AcDbSpline
210
0.0
220
0.0
230
1.0
 70
    11
 71
     3
 72
    48
 73
    44
 74
     0
 42
0.000000001
 43
0.0000000001
 40
0.0
 40
0.0
 40
0.0
 40
0.0
 40
0.0833333333333333
 40
0.0833333333333333
 40
0.0833333333333333
 40
0.0833333333333333
 40
0.1666666666666667
 40
0.1666666666666667
 40
0.1666666666666667
 40
0.1666666666666667
 40
0.25
 40
0.25
 40
0.25
 40
0.25
 40
0.3333333333333333
 40
0.3333333333333333
 40
0.3333333333333333
 40
0.3333333333333333
 40
0.4166666666666667
 40
0.4166666666666667
 40
0.4166666666666667
 40
0.4166666666666667
 40
0.5
 40
0.5
 40
0.5
 40
0.5
 40
0.5833333333333334
 40
0.5833333333333334
 40
0.5833333333333334
 40
0.5833333333333334
 40
0.6666666666666666
 40
0.6666666666666666
 40
0.6666666666666666
 40
0.6666666666666666
 40
0.75
 40
0.75
 40
0.75
 40
0.75
 40
0.8333333333333334
 40
0.8333333333333334
 40
0.8333333333333334
 40
0.8333333333333334
 40
1.0
 40
1.0
 40
1.0
 40
1.0
 10
-26.4038
 20
30.3485
 30
0.0
 10
-26.4038
 20
30.3485
 30
0.0
 10
-26.4033
 20
30.4883
 30
0.0
 10
-26.4033
 20
30.4883
 30
0.0
 10
-26.4033
 20
30.4883
 30
0.0
 10
-26.4216
 20
30.5002
 30
0.0
 10
-26.4587
 20
30.4952
 30
0.0
 10
-26.4849
 20
30.495
 30
0.0
 10
-26.4849
 20
30.495
 30
0.0
 10
-26.4849
 20
30.495
 30
0.0
 10
-26.567
 20
30.495
 30
0.0
 10
-26.567
 20
30.495
 30
0.0
 10
-26.567
 20
30.495
 30
0.0
 10
-26.567
 20
30.495
 30
0.0
 10
-26.6723
 20
30.495
 30
0.0
 10
-26.6723
 20
30.495
 30
0.0
 10
-26.6723
 20
30.495
 30
0.0
 10
-26.6723
 20
30.495
 30
0.0
 10
-26.7544
 20
30.495
 30
0.0
 10
-26.7544
 20
30.495
 30
0.0
 10
-26.7544
 20
30.495
 30
0.0
 10
-26.7544
 20
30.495
 30
0.0
 10
-26.8597
 20
30.495
 30
0.0
 10
-26.8597
 20
30.495
 30
0.0
 10
-26.8597
 20
30.495
 30
0.0
 10
-26.8597
 20
30.495
 30
0.0
 10
-26.9418
 20
30.495
 30
0.0
 10
-26.9418
 20
30.495
 30
0.0
 10
-26.9418
 20
30.495
 30
0.0
 10
-26.9418
 20
30.495
 30
0.0
 10
-27.0471
 20
30.495
 30
0.0
 10
-27.0471
 20
30.495
 30
0.0
 10
-27.0471
 20
30.495
 30
0.0
 10
-27.0471
 20
30.495
 30
0.0
 10
-27.1182
 20
30.4952
 30
0.0
 10
-27.1182
 20
30.4952
 30
0.0
 10
-27.1182
 20
30.4952
 30
0.0
 10
-27.1182
 20
30.4952
 30
0.0
 10
-27.1182
 20
30.3485
 30
0.0
 10
-27.1182
 20
30.3485
 30
0.0
 10
-27.1182
 20
30.3485
 30
0.0
 10
-27.1182
 20
30.3485
 30
0.0
 10
-26.4038
 20
30.3485
 30
0.0
 10
-26.4038
 20
30.3485
 30
0.0
  0
SPLINE
  5
79
330
1F
100
AcDbEntity
  8
layer 1
 62
   251
370
     9
100
AcDbSpline
210
0.0
220
0.0
230
1.0
 70
    11
 71
     3
 72
    60
 73
    56
 74
     0
 42
0.000000001
 43
0.0000000001
 40
0.0
 40
0.0
 40
0.0
 40
0.0
 40
0.0666666666666667
 40
0.0666666666666667
 40
0.0666666666666667
 40
0.0666666666666667
 40
0.1333333333333333
 40
0.1333333333333333
 40
0.1333333333333333
 40
0.1333333333333333
 40
0.2
 40
0.2
 40
0.2
 40
0.2
 40
0.2666666666666667
 40
0.2666666666666667
 40
0.2666666666666667
 40
0.2666666666666667
 40
0.3333333333333333
 40
0.3333333333333333
 40
0.3333333333333333
 40
0.3333333333333333
 40
0.4
 40
0.4
 40
0.4
 40
0.4
 40
0.4666666666666667
 40
0.4666666666666667
 40
0.4666666666666667
 40
0.4666666666666667
 40
0.5333333333333333
 40
0.5333333333333333
 40
0.5333333333333333
 40
0.5333333333333333
 40
0.6
 40
0.6
 40
0.6
 40
0.6
 40
0.6666666666666666
 40
0.6666666666666666
 40
0.6666666666666666
 40
0.6666666666666666
 40
0.7333333333333333
 40
0.7333333333333333
 40
0.7333333333333333
 40
0.7333333333333333
 40
0.8
 40
0.8
 40
0.8
 40
0.8
 40
0.8666666666666667
 40
0.8666666666666667
 40
0.8666666666666667
 40
0.8666666666666667
 40
1.0
 40
1.0
 40
1.0
 40
1.0
 10
-23.011
 20
-23.5314
 30
0.0
 10
-22.9198
 20
-23.3744
 30
0.0
 10
-22.4995
 20
-22.9962
 30
0.0
 10
-22.3417
 20
-22.8388
 30
0.0
 10
-22.3417
 20
-22.8388
 30
0.0
 10
-22.1136
 20
-22.6112
 30
0.0
 10
-21.9104
 20
-22.4046
 30
0.0
 10
-21.681
 20
-22.1771
 30
0.0
 10
-21.681
 20
-22.1771
 30
0.0
 10
-21.681
 20
-22.1771
 30
0.0
 10
-19.0067
 20
-19.4978
 30
0.0
 10
-19.0067
 20
-19.4978
 30
0.0
 10
-19.0067
 20
-19.4978
 30
0.0
 10
-18.7019
 20
-19.1859
 30
0.0
 10
-18.3121
 20
-19.4946
 30
0.0
 10
-18.2742
 20
-19.918
 30
0.0
 10
-18.2742
 20
-19.918
 30
0.0
 10
-18.2378
 20
-20.3267
 30
0.0
 10
-18.2661
 20
-21.1315
 30
0.0
 10
-18.2629
 20
-21.6268
 30
0.0
 10
-18.2629
 20
-21.6268
 30
0.0
 10
-18.2629
 20
-21.6268
 30
0.0
 10
-16.104
 20
-21.6254
 30
0.0
 10
-16.104
 20
-21.6254
 30
0.0
 10
-16.104
 20
-21.6254
 30
0.0
 10
-15.0677
 20
-21.6263
 30
0.0
 10
-14.4538
 20
-21.4571
 30
0.0
 10
-14.4544
 20
-22.4666
 30
0.0
 10
-14.4544
 20
-22.4666
 30
0.0
 10
-14.4544
 20
-22.4666
 30
0.0
 10
-14.4544
 20
-23.7572
 30
0.0
 10
-14.4544
 20
-23.7572
 30
0.0
 10
-14.4544
 20
-23.7572
 30
0.0
 10
-14.4611
 20
-24.6185
 30
0.0
 10
-14.2739
 20
-25.469
 30
0.0
 10
-15.2335
 20
-25.4391
 30
0.0
 10
-15.2335
 20
-25.4391
 30
0.0
 10
-16.0775
 20
-25.4128
 30
0.0
 10
-17.3534
 20
-25.4375
 30
0.0
 10
-18.2629
 20
-25.4365
 30
0.0
 10
-18.2629
 20
-25.4365
 30
0.0
 10
-18.2733
 20
-25.902
 30
0.0
 10
-18.2681
 20
-26.3882
 30
0.0
 10
-18.264
 20
-26.8548
 30
0.0
 10
-18.264
 20
-26.8548
 30
0.0
 10
-18.2602
 20
-27.2793
 30
0.0
 10
-18.3103
 20
-27.7613
 30
0.0
 10
-18.805
 20
-27.6867
 30
0.0
 10
-18.805
 20
-27.6867
 30
0.0
 10
-18.9641
 20
-27.6627
 30
0.0
 10
-19.0975
 20
-27.4674
 30
0.0
 10
-19.1978
 20
-27.3698
 30
0.0
 10
-19.1978
 20
-27.3698
 30
0.0
 10
-19.6478
 20
-26.9317
 30
0.0
 10
-22.9178
 20
-23.6882
 30
0.0
 10
-23.011
 20
-23.5314
 30
0.0
  0
SPLINE
  5
7A
330
1F
100
AcDbEntity
  8
layer 1
 62
   251
370
     9
100
AcDbSpline
210
0.0
220
0.0
230
1.0
 70
    11
 71
     3
 72
    32
 73
    28
 74
     0
 42
0.000000001
 43
0.0000000001
 40
0.0
 40
0.0
 40
0.0
 40
0.0
 40
0.125
 40
0.125
 40
0.125
 40
0.125
 40
0.25
 40
0.25
 40
0.25
 40
0.25
 40
0.375
 40
0.375
 40
0.375
 40
0.375
 40
0.5
 40
0.5
 40
0.5
 40
0.5
 40
0.625
 40
0.625
 40
0.625
 40
0.625
 40
0.75
 40
0.75
 40
0.75
 40
0.75
 40
1.0
 40
1.0
 40
1.0
 40
1.0
 10
-25.7268
 20
-24.2735
 30
0.0
 10
-25.5644
 20
-25.8098
 30
0.0
 10
-24.9953
 20
-27.1068
 30
0.0
 10
-24.1005
 20
-28.2423
 30
0.0
 10
-24.1005
 20
-28.2423
 30
0.0
 10
-22.5908
 20
-30.1579
 30
0.0
 10
-20.0627
 20
-31.2354
 30
0.0
 10
-17.5301
 20
-31.0003
 30
0.0
 10
-17.5301
 20
-31.0003
 30
0.0
 10
-13.6721
 20
-30.6423
 30
0.0
 10
-10.3887
 20
-27.1774
 30
0.0
 10
-10.8002
 20
-22.8142
 30
0.0
 10
-10.8002
 20
-22.8142
 30
0.0
 10
-11.1677
 20
-18.9173
 30
0.0
 10
-14.6132
 20
-15.6656
 30
0.0
 10
-18.9903
 20
-16.0657
 30
0.0
 10
-18.9903
 20
-16.0657
 30
0.0
 10
-21.0847
 20
-16.2572
 30
0.0
 10
-23.1753
 20
-17.4543
 30
0.0
 10
-24.3378
 20
-19.1306
 30
0.0
 10
-24.3378
 20
-19.1306
 30
0.0
 10
-24.7234
 20
-19.6866
 30
0.0
 10
-25.0817
 20
-20.3057
 30
0.0
 10
-25.3119
 20
-20.9642
 30
0.0
 10
-25.3119
 20
-20.9642
 30
0.0
 10
-25.6652
 20
-21.9752
 30
0.0
 10
-25.8506
 20
-23.1025
 30
0.0
 10
-25.7268
 20
-24.2735
 30
0.0
  0
SPLINE
  5
7B
330
1F
100
AcDbEntity
  8
layer 1
 62
   142
370
     9
100
AcDbSpline
210
0.0
220
0.0
230
1.0
 70
    11
 71
     3
 72
    60
 73
    56
 74
     0
 42
0.000000001
 43
0.0000000001
 40
0.0
 40
0.0
 40
0.0
 40
0.0
 40
0.0666666666666667
 40
0.0666666666666667
 40
0.0666666666666667
 40
0.0666666666666667
 40
0.1333333333333333
 40
0.1333333333333333
 40
0.1333333333333333
 40
0.1333333333333333
 40
0.2
 40
0.2
 40
0.2
 40
0.2
 40
0.2666666666666667
 40
0.2666666666666667
 40
0.2666666666666667
 40
0.2666666666666667
 40
0.3333333333333333
 40
0.3333333333333333
 40
0.3333333333333333
 40
0.3333333333333333
 40
0.4
 40
0.4
 40
0.4
 40
0.4
 40
0.4666666666666667
 40
0.4666666666666667
 40
0.4666666666666667
 40
0.4666666666666667
 40
0.5333333333333333
 40
0.5333333333333333
 40
0.5333333333333333
 40
0.5333333333333333
 40
0.6
 40
0.6
 40
0.6
 40
0.6
 40
0.6666666666666666
 40
0.6666666666666666
 40
0.6666666666666666
 40
0.6666666666666666
 40
0.7333333333333333
 40
0.7333333333333333
 40
0.7333333333333333
 40
0.7333333333333333
 40
0.8
 40
0.8
 40
0.8
 40
0.8
 40
0.8666666666666667
 40
0.8666666666666667
 40
0.8666666666666667
 40
0.8666666666666667
 40
1.0
 40
1.0
 40
1.0
 40
1.0
 10
-23.011
 20
-23.5314
 30
0.0
 10
-22.9178
 20
-23.6882
 30
0.0
 10
-19.6478
 20
-26.9317
 30
0.0
 10
-19.1978
 20
-27.3698
 30
0.0
 10
-19.1978
 20
-27.3698
 30
0.0
 10
-19.0975
 20
-27.4674
 30
0.0
 10
-18.9641
 20
-27.6627
 30
0.0
 10
-18.805
 20
-27.6867
 30
0.0
 10
-18.805
 20
-27.6867
 30
0.0
 10
-18.3103
 20
-27.7613
 30
0.0
 10
-18.2602
 20
-27.2793
 30
0.0
 10
-18.264
 20
-26.8548
 30
0.0
 10
-18.264
 20
-26.8548
 30
0.0
 10
-18.2681
 20
-26.3882
 30
0.0
 10
-18.2733
 20
-25.902
 30
0.0
 10
-18.2629
 20
-25.4365
 30
0.0
 10
-18.2629
 20
-25.4365
 30
0.0
 10
-17.3534
 20
-25.4375
 30
0.0
 10
-16.0775
 20
-25.4128
 30
0.0
 10
-15.2335
 20
-25.4391
 30
0.0
 10
-15.2335
 20
-25.4391
 30
0.0
 10
-14.2739
 20
-25.469
 30
0.0
 10
-14.4611
 20
-24.6185
 30
0.0
 10
-14.4544
 20
-23.7572
 30
0.0
 10
-14.4544
 20
-23.7572
 30
0.0
 10
-14.4544
 20
-23.7572
 30
0.0
 10
-14.4544
 20
-22.4666
 30
0.0
 10
-14.4544
 20
-22.4666
 30
0.0
 10
-14.4544
 20
-22.4666
 30
0.0
 10
-14.4538
 20
-21.4571
 30
0.0
 10
-15.0677
 20
-21.6263
 30
0.0
 10
-16.104
 20
-21.6254
 30
0.0
 10
-16.104
 20
-21.6254
 30
0.0
 10
-16.104
 20
-21.6254
 30
0.0
 10
-18.2629
 20
-21.6268
 30
0.0
 10
-18.2629
 20
-21.6268
 30
0.0
 10
-18.2629
 20
-21.6268
 30
0.0
 10
-18.2661
 20
-21.1315
 30
0.0
 10
-18.2378
 20
-20.3267
 30
0.0
 10
-18.2742
 20
-19.918
 30
0.0
 10
-18.2742
 20
-19.918
 30
0.0
 10
-18.3121
 20
-19.4946
 30
0.0
 10
-18.7019
 20
-19.1859
 30
0.0
 10
-19.0067
 20
-19.4978
 30
0.0
 10
-19.0067
 20
-19.4978
 30
0.0
 10
-19.0067
 20
-19.4978
 30
0.0
 10
-21.681
 20
-22.1771
 30
0.0
 10
-21.681
 20
-22.1771
 30
0.0
 10
-21.681
 20
-22.1771
 30
0.0
 10
-21.9104
 20
-22.4046
 30
0.0
 10
-22.1136
 20
-22.6112
 30
0.0
 10
-22.3417
 20
-22.8388
 30
0.0
 10
-22.3417
 20
-22.8388
 30
0.0
 10
-22.4995
 20
-22.9962
 30
0.0
 10
-22.9198
 20
-23.3744
 30
0.0
 10
-23.011
 20
-23.5314
 30
0.0
  0
ELLIPSE
  5
7C
330
1F
100
AcDbEntity
  8
layer 1
 62
   142
370
    20
100
AcDbEllipse
 10
-18.2651
 20
-23.5323
 30
0.0
 11
7.0001
 21
0.0
 31
0.0
210
0.0
220
0.0
230
1.0
 40
0.999985714489793
 41
0.0
 42
6.283185307179586
  0
SPLINE
  5
7D
330
1F
100
AcDbEntity
  8
layer 1
 62
   251
370
     9
100
AcDbSpline
210
0.0
220
0.0
230
1.0
 70
    11
 71
     3
 72
    60
 73
    56
 74
     0
 42
0.000000001
 43
0.0000000001
 40
0.0
 40
0.0
 40
0.0
 40
0.0
 40
0.0666666666666667
 40
0.0666666666666667
 40
0.0666666666666667
 40
0.0666666666666667
 40
0.1333333333333333
 40
0.1333333333333333
 40
0.1333333333333333
 40
0.1333333333333333
 40
0.2
 40
0.2
 40
0.2
 40
0.2
 40
0.2666666666666667
 40
0.2666666666666667
 40
0.2666666666666667
 40
0.2666666666666667
 40
0.3333333333333333
 40
0.3333333333333333
 40
0.3333333333333333
 40
0.3333333333333333
 40
0.4
 40
0.4
 40
0.4
 40
0.4
 40
0.4666666666666667
 40
0.4666666666666667
 40
0.4666666666666667
 40
0.4666666666666667
 40
0.5333333333333333
 40
0.5333333333333333
 40
0.5333333333333333
 40
0.5333333333333333
 40
0.6
 40
0.6
 40
0.6
 40
0.6
 40
0.6666666666666666
 40
0.6666666666666666
 40
0.6666666666666666
 40
0.6666666666666666
 40
0.7333333333333333
 40
0.7333333333333333
 40
0.7333333333333333
 40
0.7333333333333333
 40
0.8
 40
0.8
 40
0.8
 40
0.8
 40
0.8666666666666667
 40
0.8666666666666667
 40
0.8666666666666667
 40
0.8666666666666667
 40
1.0
 40
1.0
 40
1.0
 40
1.0
 10
22.4775
 20
-23.3991
 30
0.0
 10
22.3863
 20
-23.2421
 30
0.0
 10
21.966
 20
-22.8639
 30
0.0
 10
21.8082
 20
-22.7065
 30
0.0
 10
21.8082
 20
-22.7065
 30
0.0
 10
21.5801
 20
-22.4789
 30
0.0
 10
21.3769
 20
-22.2723
 30
0.0
 10
21.1475
 20
-22.0448
 30
0.0
 10
21.1475
 20
-22.0448
 30
0.0
 10
21.1475
 20
-22.0448
 30
0.0
 10
18.4732
 20
-19.3655
 30
0.0
 10
18.4732
 20
-19.3655
 30
0.0
 10
18.4732
 20
-19.3655
 30
0.0
 10
18.1684
 20
-19.0536
 30
0.0
 10
17.7786
 20
-19.3623
 30
0.0
 10
17.7407
 20
-19.7857
 30
0.0
 10
17.7407
 20
-19.7857
 30
0.0
 10
17.7043
 20
-20.1944
 30
0.0
 10
17.7326
 20
-20.9992
 30
0.0
 10
17.7294
 20
-21.4945
 30
0.0
 10
17.7294
 20
-21.4945
 30
0.0
 10
17.7294
 20
-21.4945
 30
0.0
 10
15.5705
 20
-21.4931
 30
0.0
 10
15.5705
 20
-21.4931
 30
0.0
 10
15.5705
 20
-21.4931
 30
0.0
 10
14.5342
 20
-21.494
 30
0.0
 10
13.9203
 20
-21.3248
 30
0.0
 10
13.9209
 20
-22.3343
 30
0.0
 10
13.9209
 20
-22.3343
 30
0.0
 10
13.9209
 20
-22.3343
 30
0.0
 10
13.9209
 20
-23.6249
 30
0.0
 10
13.9209
 20
-23.6249
 30
0.0
 10
13.9209
 20
-23.6249
 30
0.0
 10
13.9276
 20
-24.4862
 30
0.0
 10
13.7404
 20
-25.3367
 30
0.0
 10
14.7
 20
-25.3068
 30
0.0
 10
14.7
 20
-25.3068
 30
0.0
 10
15.544
 20
-25.2805
 30
0.0
 10
16.8199
 20
-25.3052
 30
0.0
 10
17.7294
 20
-25.3042
 30
0.0
 10
17.7294
 20
-25.3042
 30
0.0
 10
17.7398
 20
-25.7697
 30
0.0
 10
17.7346
 20
-26.2559
 30
0.0
 10
17.7305
 20
-26.7225
 30
0.0
 10
17.7305
 20
-26.7225
 30
0.0
 10
17.7267
 20
-27.147
 30
0.0
 10
17.7768
 20
-27.629
 30
0.0
 10
18.2715
 20
-27.5544
 30
0.0
 10
18.2715
 20
-27.5544
 30
0.0
 10
18.4306
 20
-27.5304
 30
0.0
 10
18.564
 20
-27.3351
 30
0.0
 10
18.6643
 20
-27.2375
 30
0.0
 10
18.6643
 20
-27.2375
 30
0.0
 10
19.1143
 20
-26.7994
 30
0.0
 10
22.3843
 20
-23.5559
 30
0.0
 10
22.4775
 20
-23.3991
 30
0.0
  0
SPLINE
  5
7E
330
1F
100
AcDbEntity
  8
layer 1
 62
   251
370
     9
100
AcDbSpline
210
0.0
220
0.0
230
1.0
 70
    11
 71
     3
 72
    32
 73
    28
 74
     0
 42
0.000000001
 43
0.0000000001
 40
0.0
 40
0.0
 40
0.0
 40
0.0
 40
0.125
 40
0.125
 40
0.125
 40
0.125
 40
0.25
 40
0.25
 40
0.25
 40
0.25
 40
0.375
 40
0.375
 40
0.375
 40
0.375
 40
0.5
 40
0.5
 40
0.5
 40
0.5
 40
0.625
 40
0.625
 40
0.625
 40
0.625
 40
0.75
 40
0.75
 40
0.75
 40
0.75
 40
1.0
 40
1.0
 40
1.0
 40
1.0
 10
25.1933
 20
-24.1412
 30
0.0
 10
25.0309
 20
-25.6775
 30
0.0
 10
24.4618
 20
-26.9745
 30
0.0
 10
23.567
 20
-28.11
 30
0.0
 10
23.567
 20
-28.11
 30
0.0
 10
22.0573
 20
-30.0256
 30
0.0
 10
19.5292
 20
-31.1031
 30
0.0
 10
16.9966
 20
-30.868
 30
0.0
 10
16.9966
 20
-30.868
 30
0.0
 10
13.1386
 20
-30.51
 30
0.0
 10
9.8552
 20
-27.0451
 30
0.0
 10
10.2667
 20
-22.6819
 30
0.0
 10
10.2667
 20
-22.6819
 30
0.0
 10
10.6342
 20
-18.785
 30
0.0
 10
14.0797
 20
-15.5333
 30
0.0
 10
18.4568
 20
-15.9334
 30
0.0
 10
18.4568
 20
-15.9334
 30
0.0
 10
20.5512
 20
-16.1249
 30
0.0
 10
22.6418
 20
-17.322
 30
0.0
 10
23.8043
 20
-18.9983
 30
0.0
 10
23.8043
 20
-18.9983
 30
0.0
 10
24.1899
 20
-19.5543
 30
0.0
 10
24.5482
 20
-20.1734
 30
0.0
 10
24.7784
 20
-20.8319
 30
0.0
 10
24.7784
 20
-20.8319
 30
0.0
 10
25.1317
 20
-21.8429
 30
0.0
 10
25.3171
 20
-22.9702
 30
0.0
 10
25.1933
 20
-24.1412
 30
0.0
  0
SPLINE
  5
7F
330
1F
100
AcDbEntity
  8
layer 1
 62
   142
370
     9
100
AcDbSpline
210
0.0
220
0.0
230
1.0
 70
    11
 71
     3
 72
    60
 73
    56
 74
     0
 42
0.000000001
 43
0.0000000001
 40
0.0
 40
0.0
 40
0.0
 40
0.0
 40
0.0666666666666667
 40
0.0666666666666667
 40
0.0666666666666667
 40
0.0666666666666667
 40
0.1333333333333333
 40
0.1333333333333333
 40
0.1333333333333333
 40
0.1333333333333333
 40
0.2
 40
0.2
 40
0.2
 40
0.2
 40
0.2666666666666667
 40
0.2666666666666667
 40
0.2666666666666667
 40
0.2666666666666667
 40
0.3333333333333333
 40
0.3333333333333333
 40
0.3333333333333333
 40
0.3333333333333333
 40
0.4
 40
0.4
 40
0.4
 40
0.4
 40
0.4666666666666667
 40
0.4666666666666667
 40
0.4666666666666667
 40
0.4666666666666667
 40
0.5333333333333333
 40
0.5333333333333333
 40
0.5333333333333333
 40
0.5333333333333333
 40
0.6
 40
0.6
 40
0.6
 40
0.6
 40
0.6666666666666666
 40
0.6666666666666666
 40
0.6666666666666666
 40
0.6666666666666666
 40
0.7333333333333333
 40
0.7333333333333333
 40
0.7333333333333333
 40
0.7333333333333333
 40
0.8
 40
0.8
 40
0.8
 40
0.8
 40
0.8666666666666667
 40
0.8666666666666667
 40
0.8666666666666667
 40
0.8666666666666667
 40
1.0
 40
1.0
 40
1.0
 40
1.0
 10
22.4775
 20
-23.3991
 30
0.0
 10
22.3843
 20
-23.5559
 30
0.0
 10
19.1143
 20
-26.7994
 30
0.0
 10
18.6643
 20
-27.2375
 30
0.0
 10
18.6643
 20
-27.2375
 30
0.0
 10
18.564
 20
-27.3351
 30
0.0
 10
18.4306
 20
-27.5304
 30
0.0
 10
18.2715
 20
-27.5544
 30
0.0
 10
18.2715
 20
-27.5544
 30
0.0
 10
17.7768
 20
-27.629
 30
0.0
 10
17.7267
 20
-27.147
 30
0.0
 10
17.7305
 20
-26.7225
 30
0.0
 10
17.7305
 20
-26.7225
 30
0.0
 10
17.7346
 20
-26.2559
 30
0.0
 10
17.7398
 20
-25.7697
 30
0.0
 10
17.7294
 20
-25.3042
 30
0.0
 10
17.7294
 20
-25.3042
 30
0.0
 10
16.8199
 20
-25.3052
 30
0.0
 10
15.544
 20
-25.2805
 30
0.0
 10
14.7
 20
-25.3068
 30
0.0
 10
14.7
 20
-25.3068
 30
0.0
 10
13.7404
 20
-25.3367
 30
0.0
 10
13.9276
 20
-24.4862
 30
0.0
 10
13.9209
 20
-23.6249
 30
0.0
 10
13.9209
 20
-23.6249
 30
0.0
 10
13.9209
 20
-23.6249
 30
0.0
 10
13.9209
 20
-22.3343
 30
0.0
 10
13.9209
 20
-22.3343
 30
0.0
 10
13.9209
 20
-22.3343
 30
0.0
 10
13.9203
 20
-21.3248
 30
0.0
 10
14.5342
 20
-21.494
 30
0.0
 10
15.5705
 20
-21.4931
 30
0.0
 10
15.5705
 20
-21.4931
 30
0.0
 10
15.5705
 20
-21.4931
 30
0.0
 10
17.7294
 20
-21.4945
 30
0.0
 10
17.7294
 20
-21.4945
 30
0.0
 10
17.7294
 20
-21.4945
 30
0.0
 10
17.7326
 20
-20.9992
 30
0.0
 10
17.7043
 20
-20.1944
 30
0.0
 10
17.7407
 20
-19.7857
 30
0.0
 10
17.7407
 20
-19.7857
 30
0.0
 10
17.7786
 20
-19.3623
 30
0.0
 10
18.1684
 20
-19.0536
 30
0.0
 10
18.4732
 20
-19.3655
 30
0.0
 10
18.4732
 20
-19.3655
 30
0.0
 10
18.4732
 20
-19.3655
 30
0.0
 10
21.1475
 20
-22.0448
 30
0.0
 10
21.1475
 20
-22.0448
 30
0.0
 10
21.1475
 20
-22.0448
 30
0.0
 10
21.3769
 20
-22.2723
 30
0.0
 10
21.5801
 20
-22.4789
 30
0.0
 10
21.8082
 20
-22.7065
 30
0.0
 10
21.8082
 20
-22.7065
 30
0.0
 10
21.966
 20
-22.8639
 30
0.0
 10
22.3863
 20
-23.2421
 30
0.0
 10
22.4775
 20
-23.3991
 30
0.0
  0
ELLIPSE
  5
80
330
1F
100
AcDbEntity
  8
layer 1
 62
   142
370
    20
100
AcDbEllipse
 10
17.7318
 20
-23.4
 30
0.0
 11
7.0001
 21
0.0
 31
0.0
210
0.0
220
0.0
230
1.0
 40
0.999985714489793
 41
0.0
 42
6.283185307179586
  0
SPLINE
  5
81
330
1F
100
AcDbEntity
  8
layer 1
 62
   251
370
     9
100
AcDbSpline
210
0.0
220
0.0
230
1.0
 70
    11
 71
     3
 72
    32
 73
    28
 74
     0
 42
0.000000001
 43
0.0000000001
 40
0.0
 40
0.0
 40
0.0
 40
0.0
 40
0.125
 40
0.125
 40
0.125
 40
0.125
 40
0.25
 40
0.25
 40
0.25
 40
0.25
 40
0.375
 40
0.375
 40
0.375
 40
0.375
 40
0.5
 40
0.5
 40
0.5
 40
0.5
 40
0.625
 40
0.625
 40
0.625
 40
0.625
 40
0.75
 40
0.75
 40
0.75
 40
0.75
 40
1.0
 40
1.0
 40
1.0
 40
1.0
 10
-25.6463
 20
-4.8735
 30
0.0
 10
-25.4839
 20
-6.4098
 30
0.0
 10
-24.9148
 20
-7.7068
 30
0.0
 10
-24.02
 20
-8.8423
 30
0.0
 10
-24.02
 20
-8.8423
 30
0.0
 10
-22.5103
 20
-10.7579
 30
0.0
 10
-19.9822
 20
-11.8354
 30
0.0
 10
-17.4496
 20
-11.6003
 30
0.0
 10
-17.4496
 20
-11.6003
 30
0.0
 10
-13.5916
 20
-11.2423
 30
0.0
 10
-10.3082
 20
-7.7774
 30
0.0
 10
-10.7197
 20
-3.4142
 30
0.0
 10
-10.7197
 20
-3.4142
 30
0.0
 10
-11.0872
 20
0.4827
 30
0.0
 10
-14.5327
 20
3.7344
 30
0.0
 10
-18.9098
 20
3.3343
 30
0.0
 10
-18.9098
 20
3.3343
 30
0.0
 10
-21.0042
 20
3.1428
 30
0.0
 10
-23.0948
 20
1.9457
 30
0.0
 10
-24.2573
 20
0.2694
 30
0.0
 10
-24.2573
 20
0.2694
 30
0.0
 10
-24.6429
 20
-0.2866
 30
0.0
 10
-25.0012
 20
-0.9057
 30
0.0
 10
-25.2314
 20
-1.5642
 30
0.0
 10
-25.2314
 20
-1.5642
 30
0.0
 10
-25.5847
 20
-2.5752
 30
0.0
 10
-25.7701
 20
-3.7025
 30
0.0
 10
-25.6463
 20
-4.8735
 30
0.0
  0
ELLIPSE
  5
82
330
1F
100
AcDbEntity
  8
layer 1
 62
   142
370
    20
100
AcDbEllipse
 10
-18.1846
 20
-4.1323
 30
0.0
 11
7.0001
 21
0.0
 31
0.0
210
0.0
220
0.0
230
1.0
 40
0.999985714489793
 41
0.0
 42
6.283185307179586
  0
SPLINE
  5
83
330
1F
100
AcDbEntity
  8
layer 1
 62
   142
100
AcDbSpline
210
0.0
220
0.0
230
1.0
 70
    11
 71
     3
 72
   216
 73
   212
 74
     0
 42
0.000000001
 43
0.0000000001
 40
0.0
 40
0.0
 40
0.0
 40
0.0
 40
0.0185185185185185
 40
0.0185185185185185
 40
0.0185185185185185
 40
0.0185185185185185
 40
0.037037037037037
 40
0.037037037037037
 40
0.037037037037037
 40
0.037037037037037
 40
0.0555555555555556
 40
0.0555555555555556
 40
0.0555555555555556
 40
0.0555555555555556
 40
0.0740740740740741
 40
0.0740740740740741
 40
0.0740740740740741
 40
0.0740740740740741
 40
0.0925925925925926
 40
0.0925925925925926
 40
0.0925925925925926
 40
0.0925925925925926
 40
0.1111111111111111
 40
0.1111111111111111
 40
0.1111111111111111
 40
0.1111111111111111
 40
0.1296296296296296
 40
0.1296296296296296
 40
0.1296296296296296
 40
0.1296296296296296
 40
0.1481481481481481
 40
0.1481481481481481
 40
0.1481481481481481
 40
0.1481481481481481
 40
0.1666666666666667
 40
0.1666666666666667
 40
0.1666666666666667
 40
0.1666666666666667
 40
0.1851851851851852
 40
0.1851851851851852
 40
0.1851851851851852
 40
0.1851851851851852
 40
0.2037037037037037
 40
0.2037037037037037
 40
0.2037037037037037
 40
0.2037037037037037
 40
0.2222222222222222
 40
0.2222222222222222
 40
0.2222222222222222
 40
0.2222222222222222
 40
0.2407407407407407
 40
0.2407407407407407
 40
0.2407407407407407
 40
0.2407407407407407
 40
0.2592592592592592
 40
0.2592592592592592
 40
0.2592592592592592
 40
0.2592592592592592
 40
0.2777777777777778
 40
0.2777777777777778
 40
0.2777777777777778
 40
0.2777777777777778
 40
0.2962962962962963
 40
0.2962962962962963
 40
0.2962962962962963
 40
0.2962962962962963
 40
0.3148148148148148
 40
0.3148148148148148
 40
0.3148148148148148
 40
0.3148148148148148
 40
0.3333333333333333
 40
0.3333333333333333
 40
0.3333333333333333
 40
0.3333333333333333
 40
0.3518518518518519
 40
0.3518518518518519
 40
0.3518518518518519
 40
0.3518518518518519
 40
0.3703703703703703
 40
0.3703703703703703
 40
0.3703703703703703
 40
0.3703703703703703
 40
0.3888888888888889
 40
0.3888888888888889
 40
0.3888888888888889
 40
0.3888888888888889
 40
0.4074074074074074
 40
0.4074074074074074
 40
0.4074074074074074
 40
0.4074074074074074
 40
0.4259259259259259
 40
0.4259259259259259
 40
0.4259259259259259
 40
0.4259259259259259
 40
0.4444444444444444
 40
0.4444444444444444
 40
0.4444444444444444
 40
0.4444444444444444
 40
0.462962962962963
 40
0.462962962962963
 40
0.462962962962963
 40
0.462962962962963
 40
0.4814814814814815
 40
0.4814814814814815
 40
0.4814814814814815
 40
0.4814814814814815
 40
0.5
 40
0.5
 40
0.5
 40
0.5
 40
0.5185185185185185
 40
0.5185185185185185
 40
0.5185185185185185
 40
0.5185185185185185
 40
0.5370370370370371
 40
0.5370370370370371
 40
0.5370370370370371
 40
0.5370370370370371
 40
0.5555555555555556
 40
0.5555555555555556
 40
0.5555555555555556
 40
0.5555555555555556
 40
0.5740740740740741
 40
0.5740740740740741
 40
0.5740740740740741
 40
0.5740740740740741
 40
0.5925925925925926
 40
0.5925925925925926
 40
0.5925925925925926
 40
0.5925925925925926
 40
0.6111111111111112
 40
0.6111111111111112
 40
0.6111111111111112
 40
0.6111111111111112
 40
0.6296296296296297
 40
0.6296296296296297
 40
0.6296296296296297
 40
0.6296296296296297
 40
0.6481481481481481
 40
0.6481481481481481
 40
0.6481481481481481
 40
0.6481481481481481
 40
0.6666666666666666
 40
0.6666666666666666
 40
0.6666666666666666
 40
0.6666666666666666
 40
0.6851851851851852
 40
0.6851851851851852
 40
0.6851851851851852
 40
0.6851851851851852
 40
0.7037037037037037
 40
0.7037037037037037
 40
0.7037037037037037
 40
0.7037037037037037
 40
0.7222222222222222
 40
0.7222222222222222
 40
0.7222222222222222
 40
0.7222222222222222
 40
0.7407407407407407
 40
0.7407407407407407
 40
0.7407407407407407
 40
0.7407407407407407
 40
0.7592592592592593
 40
0.7592592592592593
 40
0.7592592592592593
 40
0.7592592592592593
 40
0.7777777777777778
 40
0.7777777777777778
 40
0.7777777777777778
 40
0.7777777777777778
 40
0.7962962962962963
 40
0.7962962962962963
 40
0.7962962962962963
 40
0.7962962962962963
 40
0.8148148148148148
 40
0.8148148148148148
 40
0.8148148148148148
 40
0.8148148148148148
 40
0.8333333333333334
 40
0.8333333333333334
 40
0.8333333333333334
 40
0.8333333333333334
 40
0.8518518518518519
 40
0.8518518518518519
 40
0.8518518518518519
 40
0.8518518518518519
 40
0.8703703703703703
 40
0.8703703703703703
 40
0.8703703703703703
 40
0.8703703703703703
 40
0.8888888888888888
 40
0.8888888888888888
 40
0.8888888888888888
 40
0.8888888888888888
 40
0.9074074074074074
 40
0.9074074074074074
 40
0.9074074074074074
 40
0.9074074074074074
 40
0.9259259259259259
 40
0.9259259259259259
 40
0.9259259259259259
 40
0.9259259259259259
 40
0.9444444444444444
 40
0.9444444444444444
 40
0.9444444444444444
 40
0.9444444444444444
 40
0.9629629629629629
 40
0.9629629629629629
 40
0.9629629629629629
 40
0.9629629629629629
 40
1.0
 40
1.0
 40
1.0
 40
1.0
 10
-20.7233
 20
-4.8313
 30
0.0
 10
-20.7694
 20
-4.7466
 30
0.0
 10
-20.8381
 20
-4.6704
 30
0.0
 10
-20.9303
 20
-4.6027
 30
0.0
 10
-20.9303
 20
-4.6027
 30
0.0
 10
-21.0215
 20
-4.535
 30
0.0
 10
-21.125
 20
-4.4804
 30
0.0
 10
-21.2398
 20
-4.439
 30
0.0
 10
-21.2398
 20
-4.439
 30
0.0
 10
-21.3546
 20
-4.3976
 30
0.0
 10
-21.475
 20
-4.3666
 30
0.0
 10
-21.5991
 20
-4.3468
 30
0.0
 10
-21.5991
 20
-4.3468
 30
0.0
 10
-21.9698
 20
-4.2913
 30
0.0
 10
-22.316
 20
-4.1718
 30
0.0
 10
-22.6377
 20
-3.9856
 30
0.0
 10
-22.6377
 20
-3.9856
 30
0.0
 10
-22.665
 20
-3.9715
 30
0.0
 10
-22.6942
 20
-3.9404
 30
0.0
 10
-22.7252
 20
-3.8924
 30
0.0
 10
-22.7252
 20
-3.8924
 30
0.0
 10
-22.7562
 20
-3.8445
 30
0.0
 10
-22.7722
 20
-3.7984
 30
0.0
 10
-22.7722
 20
-3.7542
 30
0.0
 10
-22.7722
 20
-3.7542
 30
0.0
 10
-22.7722
 20
-3.5933
 30
0.0
 10
-22.745
 20
-3.4305
 30
0.0
 10
-22.6913
 20
-3.2687
 30
0.0
 10
-22.6913
 20
-3.2687
 30
0.0
 10
-22.6368
 20
-3.106
 30
0.0
 10
-22.5681
 20
-2.979
 30
0.0
 10
-22.4834
 20
-2.8868
 30
0.0
 10
-22.4834
 20
-2.8868
 30
0.0
 10
-22.348
 20
-2.7344
 30
0.0
 10
-22.1034
 20
-2.6008
 30
0.0
 10
-21.7497
 20
-2.4861
 30
0.0
 10
-21.7497
 20
-2.4861
 30
0.0
 10
-21.3959
 20
-2.3722
 30
0.0
 10
-20.998
 20
-2.3148
 30
0.0
 10
-20.5549
 20
-2.3148
 30
0.0
 10
-20.5549
 20
-2.3148
 30
0.0
 10
-20.2906
 20
-2.3148
 30
0.0
 10
-20.0864
 20
-2.3355
 30
0.0
 10
-19.9416
 20
-2.376
 30
0.0
 10
-19.9416
 20
-2.376
 30
0.0
 10
-19.7976
 20
-2.4164
 30
0.0
 10
-19.7252
 20
-2.4785
 30
0.0
 10
-19.7252
 20
-2.5632
 30
0.0
 10
-19.7252
 20
-2.5632
 30
0.0
 10
-19.7252
 20
-2.7015
 30
0.0
 10
-19.745
 20
-2.8087
 30
0.0
 10
-19.7826
 20
-2.884
 30
0.0
 10
-19.7826
 20
-2.884
 30
0.0
 10
-19.8202
 20
-2.9592
 30
0.0
 10
-19.8607
 20
-3.0091
 30
0.0
 10
-19.903
 20
-3.0345
 30
0.0
 10
-19.903
 20
-3.0345
 30
0.0
 10
-19.9463
 20
-3.059
 30
0.0
 10
-20.0225
 20
-3.0928
 30
0.0
 10
-20.1307
 20
-3.1352
 30
0.0
 10
-20.1307
 20
-3.1352
 30
0.0
 10
-20.2464
 20
-3.1756
 30
0.0
 10
-20.347
 20
-3.2179
 30
0.0
 10
-20.4326
 20
-3.2622
 30
0.0
 10
-20.4326
 20
-3.2622
 30
0.0
 10
-20.5182
 20
-3.3064
 30
0.0
 10
-20.5907
 20
-3.3487
 30
0.0
 10
-20.6518
 20
-3.3892
 30
0.0
 10
-20.6518
 20
-3.3892
 30
0.0
 10
-20.712
 20
-3.4296
 30
0.0
 10
-20.7497
 20
-3.4494
 30
0.0
 10
-20.7647
 20
-3.4494
 30
0.0
 10
-20.7647
 20
-3.4494
 30
0.0
 10
-20.7826
 20
-3.4494
 30
0.0
 10
-20.792
 20
-3.4418
 30
0.0
 10
-20.792
 20
-3.4277
 30
0.0
 10
-20.792
 20
-3.4277
 30
0.0
 10
-20.792
 20
-3.3957
 30
0.0
 10
-20.76
 20
-3.3487
 30
0.0
 10
-20.6942
 20
-3.2857
 30
0.0
 10
-20.6942
 20
-3.2857
 30
0.0
 10
-20.6292
 20
-3.2217
 30
0.0
 10
-20.5483
 20
-3.1662
 30
0.0
 10
-20.4533
 20
-3.1182
 30
0.0
 10
-20.4533
 20
-3.1182
 30
0.0
 10
-20.3517
 20
-3.0655
 30
0.0
 10
-20.3019
 20
-3.0317
 30
0.0
 10
-20.3019
 20
-3.0166
 30
0.0
 10
-20.3019
 20
-3.0166
 30
0.0
 10
-20.3019
 20
-2.9931
 30
0.0
 10
-20.3574
 20
-2.9809
 30
0.0
 10
-20.4693
 20
-2.9809
 30
0.0
 10
-20.4693
 20
-2.9809
 30
0.0
 10
-20.8099
 20
-2.9809
 30
0.0
 10
-21.1231
 20
-3.011
 30
0.0
 10
-21.4119
 20
-3.0721
 30
0.0
 10
-21.4119
 20
-3.0721
 30
0.0
 10
-21.7007
 20
-3.1323
 30
0.0
 10
-21.9275
 20
-3.2123
 30
0.0
 10
-22.094
 20
-3.3111
 30
0.0
 10
-22.094
 20
-3.3111
 30
0.0
 10
-22.2605
 20
-3.4108
 30
0.0
 10
-22.3433
 20
-3.5114
 30
0.0
 10
-22.3433
 20
-3.614
 30
0.0
 10
-22.3433
 20
-3.614
 30
0.0
 10
-22.3433
 20
-3.6789
 30
0.0
 10
-22.3085
 20
-3.7241
 30
0.0
 10
-22.2398
 20
-3.7504
 30
0.0
 10
-22.2398
 20
-3.7504
 30
0.0
 10
-22.1711
 20
-3.7767
 30
0.0
 10
-22.0187
 20
-3.8219
 30
0.0
 10
-21.7835
 20
-3.884
 30
0.0
 10
-21.7835
 20
-3.884
 30
0.0
 10
-21.5493
 20
-3.9461
 30
0.0
 10
-21.3386
 20
-4.0185
 30
0.0
 10
-21.1532
 20
-4.0985
 30
0.0
 10
-21.1532
 20
-4.0985
 30
0.0
 10
-20.887
 20
-4.2123
 30
0.0
 10
-20.6895
 20
-4.3308
 30
0.0
 10
-20.5606
 20
-4.4541
 30
0.0
 10
-20.5606
 20
-4.4541
 30
0.0
 10
-20.4317
 20
-4.5773
 30
0.0
 10
-20.3677
 20
-4.7146
 30
0.0
 10
-20.3677
 20
-4.867
 30
0.0
 10
-20.3677
 20
-4.867
 30
0.0
 10
-20.3677
 20
-4.9715
 30
0.0
 10
-20.3931
 20
-5.0768
 30
0.0
 10
-20.4439
 20
-5.1822
 30
0.0
 10
-20.4439
 20
-5.1822
 30
0.0
 10
-20.4938
 20
-5.2876
 30
0.0
 10
-20.5681
 20
-5.3845
 30
0.0
 10
-20.665
 20
-5.4729
 30
0.0
 10
-20.665
 20
-5.4729
 30
0.0
 10
-20.7628
 20
-5.5604
 30
0.0
 10
-20.8748
 20
-5.6328
 30
0.0
 10
-21.0018
 20
-5.6902
 30
0.0
 10
-21.0018
 20
-5.6902
 30
0.0
 10
-21.11
 20
-5.7363
 30
0.0
 10
-21.2464
 20
-5.7796
 30
0.0
 10
-21.4101
 20
-5.82
 30
0.0
 10
-21.4101
 20
-5.82
 30
0.0
 10
-21.5747
 20
-5.8605
 30
0.0
 10
-21.7525
 20
-5.8924
 30
0.0
 10
-21.9444
 20
-5.915
 30
0.0
 10
-21.9444
 20
-5.915
 30
0.0
 10
-22.1363
 20
-5.9385
 30
0.0
 10
-22.3197
 20
-5.9498
 30
0.0
 10
-22.4938
 20
-5.9498
 30
0.0
 10
-22.4938
 20
-5.9498
 30
0.0
 10
-22.8155
 20
-5.9498
 30
0.0
 10
-23.0742
 20
-5.9197
 30
0.0
 10
-23.2699
 20
-5.8586
 30
0.0
 10
-23.2699
 20
-5.8586
 30
0.0
 10
-23.4656
 20
-5.7984
 30
0.0
 10
-23.5634
 20
-5.7062
 30
0.0
 10
-23.5634
 20
-5.5829
 30
0.0
 10
-23.5634
 20
-5.5829
 30
0.0
 10
-23.5634
 20
-5.5284
 30
0.0
 10
-23.5305
 20
-5.4428
 30
0.0
 10
-23.4637
 20
-5.3261
 30
0.0
 10
-23.4637
 20
-5.3261
 30
0.0
 10
-23.3978
 20
-5.2095
 30
0.0
 10
-23.3197
 20
-5.1305
 30
0.0
 10
-23.2294
 20
-5.09
 30
0.0
 10
-23.2294
 20
-5.09
 30
0.0
 10
-23.1504
 20
-5.059
 30
0.0
 10
-23.0742
 20
-5.0411
 30
0.0
 10
-23.0008
 20
-5.0364
 30
0.0
 10
-23.0008
 20
-5.0364
 30
0.0
 10
-22.9275
 20
-5.0317
 30
0.0
 10
-22.8908
 20
-5.0401
 30
0.0
 10
-22.8908
 20
-5.0627
 30
0.0
 10
-22.8908
 20
-5.0627
 30
0.0
 10
-22.8908
 20
-5.0684
 30
0.0
 10
-22.8936
 20
-5.074
 30
0.0
 10
-22.8992
 20
-5.0797
 30
0.0
 10
-22.8992
 20
-5.0797
 30
0.0
 10
-22.9049
 20
-5.0844
 30
0.0
 10
-22.9105
 20
-5.0891
 30
0.0
 10
-22.9181
 20
-5.0928
 30
0.0
 10
-22.9181
 20
-5.0928
 30
0.0
 10
-22.9256
 20
-5.0966
 30
0.0
 10
-22.9331
 20
-5.1003
 30
0.0
 10
-22.9406
 20
-5.1041
 30
0.0
 10
-22.9406
 20
-5.1041
 30
0.0
 10
-22.9773
 20
-5.1192
 30
0.0
 10
-23.0065
 20
-5.1305
 30
0.0
 10
-23.03
 20
-5.1389
 30
0.0
 10
-23.03
 20
-5.1389
 30
0.0
 10
-23.0526
 20
-5.1464
 30
0.0
 10
-23.0714
 20
-5.1549
 30
0.0
 10
-23.0846
 20
-5.1634
 30
0.0
 10
-23.0846
 20
-5.1634
 30
0.0
 10
-23.0987
 20
-5.1718
 30
0.0
 10
-23.1053
 20
-5.1831
 30
0.0
 10
-23.1053
 20
-5.1972
 30
0.0
 10
-23.1053
 20
-5.1972
 30
0.0
 10
-23.1053
 20
-5.2358
 30
0.0
 10
-22.9152
 20
-5.2556
 30
0.0
 10
-22.5352
 20
-5.2556
 30
0.0
 10
-22.5352
 20
-5.2556
 30
0.0
 10
-22.205
 20
-5.2556
 30
0.0
 10
-21.934
 20
-5.2433
 30
0.0
 10
-21.7233
 20
-5.2198
 30
0.0
 10
-21.7233
 20
-5.2198
 30
0.0
 10
-21.5117
 20
-5.1963
 30
0.0
 10
-21.3254
 20
-5.153
 30
0.0
 10
-21.1636
 20
-5.09
 30
0.0
 10
-21.1636
 20
-5.09
 30
0.0
 10
-21.0027
 20
-5.0279
 30
0.0
 10
-20.855
 20
-4.9414
 30
0.0
 10
-20.7233
 20
-4.8313
 30
0.0
  0
SPLINE
  5
84
330
1F
100
AcDbEntity
  8
layer 1
 62
   142
100
AcDbSpline
210
0.0
220
0.0
230
1.0
 70
    11
 71
     3
 72
   164
 73
   160
 74
     0
 42
0.000000001
 43
0.0000000001
 40
0.0
 40
0.0
 40
0.0
 40
0.0
 40
0.024390243902439
 40
0.024390243902439
 40
0.024390243902439
 40
0.024390243902439
 40
0.0487804878048781
 40
0.0487804878048781
 40
0.0487804878048781
 40
0.0487804878048781
 40
0.0731707317073171
 40
0.0731707317073171
 40
0.0731707317073171
 40
0.0731707317073171
 40
0.0975609756097561
 40
0.0975609756097561
 40
0.0975609756097561
 40
0.0975609756097561
 40
0.1219512195121951
 40
0.1219512195121951
 40
0.1219512195121951
 40
0.1219512195121951
 40
0.1463414634146341
 40
0.1463414634146341
 40
0.1463414634146341
 40
0.1463414634146341
 40
0.1707317073170732
 40
0.1707317073170732
 40
0.1707317073170732
 40
0.1707317073170732
 40
0.1951219512195122
 40
0.1951219512195122
 40
0.1951219512195122
 40
0.1951219512195122
 40
0.2195121951219512
 40
0.2195121951219512
 40
0.2195121951219512
 40
0.2195121951219512
 40
0.2439024390243902
 40
0.2439024390243902
 40
0.2439024390243902
 40
0.2439024390243902
 40
0.2682926829268293
 40
0.2682926829268293
 40
0.2682926829268293
 40
0.2682926829268293
 40
0.2926829268292683
 40
0.2926829268292683
 40
0.2926829268292683
 40
0.2926829268292683
 40
0.3170731707317073
 40
0.3170731707317073
 40
0.3170731707317073
 40
0.3170731707317073
 40
0.3414634146341464
 40
0.3414634146341464
 40
0.3414634146341464
 40
0.3414634146341464
 40
0.3658536585365854
 40
0.3658536585365854
 40
0.3658536585365854
 40
0.3658536585365854
 40
0.3902439024390244
 40
0.3902439024390244
 40
0.3902439024390244
 40
0.3902439024390244
 40
0.4146341463414634
 40
0.4146341463414634
 40
0.4146341463414634
 40
0.4146341463414634
 40
0.4390243902439024
 40
0.4390243902439024
 40
0.4390243902439024
 40
0.4390243902439024
 40
0.4634146341463415
 40
0.4634146341463415
 40
0.4634146341463415
 40
0.4634146341463415
 40
0.4878048780487805
 40
0.4878048780487805
 40
0.4878048780487805
 40
0.4878048780487805
 40
0.5121951219512195
 40
0.5121951219512195
 40
0.5121951219512195
 40
0.5121951219512195
 40
0.5365853658536586
 40
0.5365853658536586
 40
0.5365853658536586
 40
0.5365853658536586
 40
0.5609756097560976
 40
0.5609756097560976
 40
0.5609756097560976
 40
0.5609756097560976
 40
0.5853658536585366
 40
0.5853658536585366
 40
0.5853658536585366
 40
0.5853658536585366
 40
0.6097560975609756
 40
0.6097560975609756
 40
0.6097560975609756
 40
0.6097560975609756
 40
0.6341463414634146
 40
0.6341463414634146
 40
0.6341463414634146
 40
0.6341463414634146
 40
0.6585365853658537
 40
0.6585365853658537
 40
0.6585365853658537
 40
0.6585365853658537
 40
0.6829268292682927
 40
0.6829268292682927
 40
0.6829268292682927
 40
0.6829268292682927
 40
0.7073170731707317
 40
0.7073170731707317
 40
0.7073170731707317
 40
0.7073170731707317
 40
0.7317073170731707
 40
0.7317073170731707
 40
0.7317073170731707
 40
0.7317073170731707
 40
0.7560975609756098
 40
0.7560975609756098
 40
0.7560975609756098
 40
0.7560975609756098
 40
0.7804878048780488
 40
0.7804878048780488
 40
0.7804878048780488
 40
0.7804878048780488
 40
0.8048780487804879
 40
0.8048780487804879
 40
0.8048780487804879
 40
0.8048780487804879
 40
0.8292682926829268
 40
0.8292682926829268
 40
0.8292682926829268
 40
0.8292682926829268
 40
0.8536585365853658
 40
0.8536585365853658
 40
0.8536585365853658
 40
0.8536585365853658
 40
0.8780487804878049
 40
0.8780487804878049
 40
0.8780487804878049
 40
0.8780487804878049
 40
0.9024390243902439
 40
0.9024390243902439
 40
0.9024390243902439
 40
0.9024390243902439
 40
0.926829268292683
 40
0.926829268292683
 40
0.926829268292683
 40
0.926829268292683
 40
0.9512195121951219
 40
0.9512195121951219
 40
0.9512195121951219
 40
0.9512195121951219
 40
1.0
 40
1.0
 40
1.0
 40
1.0
 10
-18.9613
 20
-3.3308
 30
0.0
 10
-18.9613
 20
-3.3308
 30
0.0
 10
-18.8428
 20
-3.3308
 30
0.0
 10
-18.8428
 20
-3.3308
 30
0.0
 10
-18.8428
 20
-3.3308
 30
0.0
 10
-18.7449
 20
-3.1559
 30
0.0
 10
-18.6575
 20
-3.0326
 30
0.0
 10
-18.5784
 20
-2.9602
 30
0.0
 10
-18.5784
 20
-2.9602
 30
0.0
 10
-18.4994
 20
-2.8877
 30
0.0
 10
-18.4091
 20
-2.8511
 30
0.0
 10
-18.3084
 20
-2.8511
 30
0.0
 10
-18.3084
 20
-2.8511
 30
0.0
 10
-18.2068
 20
-2.8511
 30
0.0
 10
-18.156
 20
-2.8746
 30
0.0
 10
-18.156
 20
-2.9197
 30
0.0
 10
-18.156
 20
-2.9197
 30
0.0
 10
-18.156
 20
-2.9423
 30
0.0
 10
-18.1956
 20
-3.0016
 30
0.0
 10
-18.2746
 20
-3.0994
 30
0.0
 10
-18.2746
 20
-3.0994
 30
0.0
 10
-18.3536
 20
-3.1963
 30
0.0
 10
-18.4138
 20
-3.2781
 30
0.0
 10
-18.4543
 20
-3.3449
 30
0.0
 10
-18.4543
 20
-3.3449
 30
0.0
 10
-18.3922
 20
-3.3515
 30
0.0
 10
-18.3357
 20
-3.3581
 30
0.0
 10
-18.2877
 20
-3.3638
 30
0.0
 10
-18.2877
 20
-3.3638
 30
0.0
 10
-18.2388
 20
-3.3694
 30
0.0
 10
-18.2003
 20
-3.3741
 30
0.0
 10
-18.173
 20
-3.3779
 30
0.0
 10
-18.173
 20
-3.3779
 30
0.0
 10
-18.2774
 20
-3.5717
 30
0.0
 10
-18.4091
 20
-3.7702
 30
0.0
 10
-18.5671
 20
-3.9734
 30
0.0
 10
-18.5671
 20
-3.9734
 30
0.0
 10
-18.6189
 20
-3.9696
 30
0.0
 10
-18.6622
 20
-3.9668
 30
0.0
 10
-18.697
 20
-3.9639
 30
0.0
 10
-18.697
 20
-3.9639
 30
0.0
 10
-18.7318
 20
-3.9611
 30
0.0
 10
-18.7666
 20
-3.9583
 30
0.0
 10
-18.8033
 20
-3.9555
 30
0.0
 10
-18.8033
 20
-3.9555
 30
0.0
 10
-18.839
 20
-3.9527
 30
0.0
 10
-18.8823
 20
-3.9498
 30
0.0
 10
-18.934
 20
-3.9461
 30
0.0
 10
-18.934
 20
-3.9461
 30
0.0
 10
-19.0328
 20
-4.106
 30
0.0
 10
-19.1165
 20
-4.249
 30
0.0
 10
-19.1833
 20
-4.375
 30
0.0
 10
-19.1833
 20
-4.375
 30
0.0
 10
-19.2501
 20
-4.5011
 30
0.0
 10
-19.3019
 20
-4.6168
 30
0.0
 10
-19.3376
 20
-4.7222
 30
0.0
 10
-19.3376
 20
-4.7222
 30
0.0
 10
-19.3734
 20
-4.8266
 30
0.0
 10
-19.3912
 20
-4.9263
 30
0.0
 10
-19.3912
 20
-5.0194
 30
0.0
 10
-19.3912
 20
-5.0194
 30
0.0
 10
-19.3912
 20
-5.1464
 30
0.0
 10
-19.3404
 20
-5.2104
 30
0.0
 10
-19.2398
 20
-5.2104
 30
0.0
 10
-19.2398
 20
-5.2104
 30
0.0
 10
-19.1702
 20
-5.2104
 30
0.0
 10
-19.078
 20
-5.1728
 30
0.0
 10
-18.9651
 20
-5.0985
 30
0.0
 10
-18.9651
 20
-5.0985
 30
0.0
 10
-18.8522
 20
-5.0241
 30
0.0
 10
-18.7017
 20
-4.9103
 30
0.0
 10
-18.5116
 20
-4.756
 30
0.0
 10
-18.5116
 20
-4.756
 30
0.0
 10
-18.5116
 20
-4.756
 30
0.0
 10
-18.5116
 20
-4.9395
 30
0.0
 10
-18.5116
 20
-4.9395
 30
0.0
 10
-18.5116
 20
-4.9395
 30
0.0
 10
-19.0083
 20
-5.4776
 30
0.0
 10
-19.3752
 20
-5.7466
 30
0.0
 10
-19.6123
 20
-5.7466
 30
0.0
 10
-19.6123
 20
-5.7466
 30
0.0
 10
-19.6951
 20
-5.7466
 30
0.0
 10
-19.7619
 20
-5.7146
 30
0.0
 10
-19.8117
 20
-5.6507
 30
0.0
 10
-19.8117
 20
-5.6507
 30
0.0
 10
-19.8625
 20
-5.5858
 30
0.0
 10
-19.8879
 20
-5.503
 30
0.0
 10
-19.8879
 20
-5.4023
 30
0.0
 10
-19.8879
 20
-5.4023
 30
0.0
 10
-19.8879
 20
-5.3346
 30
0.0
 10
-19.8738
 20
-5.2537
 30
0.0
 10
-19.8456
 20
-5.1606
 30
0.0
 10
-19.8456
 20
-5.1606
 30
0.0
 10
-19.8164
 20
-5.0665
 30
0.0
 10
-19.7656
 20
-4.9254
 30
0.0
 10
-19.6923
 20
-4.7363
 30
0.0
 10
-19.6923
 20
-4.7363
 30
0.0
 10
-19.7177
 20
-4.7589
 30
0.0
 10
-19.7421
 20
-4.7796
 30
0.0
 10
-19.7647
 20
-4.8012
 30
0.0
 10
-19.7647
 20
-4.8012
 30
0.0
 10
-19.7882
 20
-4.8219
 30
0.0
 10
-19.8089
 20
-4.8416
 30
0.0
 10
-19.8287
 20
-4.8586
 30
0.0
 10
-19.8287
 20
-4.8586
 30
0.0
 10
-19.8475
 20
-4.8765
 30
0.0
 10
-19.8682
 20
-4.8943
 30
0.0
 10
-19.8908
 20
-4.9141
 30
0.0
 10
-19.8908
 20
-4.9141
 30
0.0
 10
-19.9124
 20
-4.9329
 30
0.0
 10
-19.935
 20
-4.9527
 30
0.0
 10
-19.9566
 20
-4.9733
 30
0.0
 10
-19.9566
 20
-4.9733
 30
0.0
 10
-19.9566
 20
-4.9733
 30
0.0
 10
-19.9566
 20
-4.7824
 30
0.0
 10
-19.9566
 20
-4.7824
 30
0.0
 10
-19.9566
 20
-4.7824
 30
0.0
 10
-19.7638
 20
-4.6206
 30
0.0
 10
-19.5305
 20
-4.3365
 30
0.0
 10
-19.2558
 20
-3.9291
 30
0.0
 10
-19.2558
 20
-3.9291
 30
0.0
 10
-19.284
 20
-3.9282
 30
0.0
 10
-19.3094
 20
-3.9263
 30
0.0
 10
-19.3338
 20
-3.9254
 30
0.0
 10
-19.3338
 20
-3.9254
 30
0.0
 10
-19.3574
 20
-3.9244
 30
0.0
 10
-19.3856
 20
-3.9244
 30
0.0
 10
-19.4185
 20
-3.9244
 30
0.0
 10
-19.4185
 20
-3.9244
 30
0.0
 10
-19.5276
 20
-3.9244
 30
0.0
 10
-19.6085
 20
-3.931
 30
0.0
 10
-19.6612
 20
-3.9461
 30
0.0
 10
-19.6612
 20
-3.9461
 30
0.0
 10
-19.6838
 20
-3.9517
 30
0.0
 10
-19.7045
 20
-3.9574
 30
0.0
 10
-19.7233
 20
-3.9639
 30
0.0
 10
-19.7233
 20
-3.9639
 30
0.0
 10
-19.7431
 20
-3.9705
 30
0.0
 10
-19.7562
 20
-3.9734
 30
0.0
 10
-19.7638
 20
-3.9734
 30
0.0
 10
-19.7638
 20
-3.9734
 30
0.0
 10
-19.7713
 20
-3.9734
 30
0.0
 10
-19.775
 20
-3.9677
 30
0.0
 10
-19.775
 20
-3.9574
 30
0.0
 10
-19.775
 20
-3.9574
 30
0.0
 10
-19.775
 20
-3.8972
 30
0.0
 10
-19.7374
 20
-3.8068
 30
0.0
 10
-19.6612
 20
-3.6864
 30
0.0
 10
-19.6612
 20
-3.6864
 30
0.0
 10
-19.601
 20
-3.5839
 30
0.0
 10
-19.5436
 20
-3.5077
 30
0.0
 10
-19.4891
 20
-3.4578
 30
0.0
 10
-19.4891
 20
-3.4578
 30
0.0
 10
-19.4345
 20
-3.408
 30
0.0
 10
-19.3686
 20
-3.3741
 30
0.0
 10
-19.2906
 20
-3.3572
 30
0.0
 10
-19.2906
 20
-3.3572
 30
0.0
 10
-19.2125
 20
-3.3393
 30
0.0
 10
-19.1024
 20
-3.3308
 30
0.0
 10
-18.9613
 20
-3.3308
 30
0.0
  0
SPLINE
  5
85
330
1F
100
AcDbEntity
  8
layer 1
 62
   142
100
AcDbSpline
210
0.0
220
0.0
230
1.0
 70
    11
 71
     3
 72
   116
 73
   112
 74
     0
 42
0.000000001
 43
0.0000000001
 40
0.0
 40
0.0
 40
0.0
 40
0.0
 40
0.0344827586206897
 40
0.0344827586206897
 40
0.0344827586206897
 40
0.0344827586206897
 40
0.0689655172413793
 40
0.0689655172413793
 40
0.0689655172413793
 40
0.0689655172413793
 40
0.103448275862069
 40
0.103448275862069
 40
0.103448275862069
 40
0.103448275862069
 40
0.1379310344827586
 40
0.1379310344827586
 40
0.1379310344827586
 40
0.1379310344827586
 40
0.1724137931034483
 40
0.1724137931034483
 40
0.1724137931034483
 40
0.1724137931034483
 40
0.2068965517241379
 40
0.2068965517241379
 40
0.2068965517241379
 40
0.2068965517241379
 40
0.2413793103448276
 40
0.2413793103448276
 40
0.2413793103448276
 40
0.2413793103448276
 40
0.2758620689655172
 40
0.2758620689655172
 40
0.2758620689655172
 40
0.2758620689655172
 40
0.3103448275862069
 40
0.3103448275862069
 40
0.3103448275862069
 40
0.3103448275862069
 40
0.3448275862068966
 40
0.3448275862068966
 40
0.3448275862068966
 40
0.3448275862068966
 40
0.3793103448275862
 40
0.3793103448275862
 40
0.3793103448275862
 40
0.3793103448275862
 40
0.4137931034482759
 40
0.4137931034482759
 40
0.4137931034482759
 40
0.4137931034482759
 40
0.4482758620689655
 40
0.4482758620689655
 40
0.4482758620689655
 40
0.4482758620689655
 40
0.4827586206896552
 40
0.4827586206896552
 40
0.4827586206896552
 40
0.4827586206896552
 40
0.5172413793103449
 40
0.5172413793103449
 40
0.5172413793103449
 40
0.5172413793103449
 40
0.5517241379310345
 40
0.5517241379310345
 40
0.5517241379310345
 40
0.5517241379310345
 40
0.5862068965517241
 40
0.5862068965517241
 40
0.5862068965517241
 40
0.5862068965517241
 40
0.6206896551724138
 40
0.6206896551724138
 40
0.6206896551724138
 40
0.6206896551724138
 40
0.6551724137931034
 40
0.6551724137931034
 40
0.6551724137931034
 40
0.6551724137931034
 40
0.6896551724137931
 40
0.6896551724137931
 40
0.6896551724137931
 40
0.6896551724137931
 40
0.7241379310344828
 40
0.7241379310344828
 40
0.7241379310344828
 40
0.7241379310344828
 40
0.7586206896551724
 40
0.7586206896551724
 40
0.7586206896551724
 40
0.7586206896551724
 40
0.7931034482758621
 40
0.7931034482758621
 40
0.7931034482758621
 40
0.7931034482758621
 40
0.8275862068965517
 40
0.8275862068965517
 40
0.8275862068965517
 40
0.8275862068965517
 40
0.8620689655172413
 40
0.8620689655172413
 40
0.8620689655172413
 40
0.8620689655172413
 40
0.896551724137931
 40
0.896551724137931
 40
0.896551724137931
 40
0.896551724137931
 40
0.9310344827586207
 40
0.9310344827586207
 40
0.9310344827586207
 40
0.9310344827586207
 40
1.0
 40
1.0
 40
1.0
 40
1.0
 10
-18.1946
 20
-4.2669
 30
0.0
 10
-17.9152
 20
-4.0129
 30
0.0
 10
-17.6443
 20
-3.8247
 30
0.0
 10
-17.3809
 20
-3.7015
 30
0.0
 10
-17.3809
 20
-3.7015
 30
0.0
 10
-17.1184
 20
-3.5782
 30
0.0
 10
-16.9152
 20
-3.5171
 30
0.0
 10
-16.7722
 20
-3.5171
 30
0.0
 10
-16.7722
 20
-3.5171
 30
0.0
 10
-16.7337
 20
-3.5171
 30
0.0
 10
-16.6979
 20
-3.5331
 30
0.0
 10
-16.664
 20
-3.5651
 30
0.0
 10
-16.664
 20
-3.5651
 30
0.0
 10
-16.6311
 20
-3.5971
 30
0.0
 10
-16.6048
 20
-3.6347
 30
0.0
 10
-16.586
 20
-3.677
 30
0.0
 10
-16.586
 20
-3.677
 30
0.0
 10
-16.5662
 20
-3.7194
 30
0.0
 10
-16.5568
 20
-3.7504
 30
0.0
 10
-16.5568
 20
-3.7711
 30
0.0
 10
-16.5568
 20
-3.7711
 30
0.0
 10
-16.5568
 20
-3.804
 30
0.0
 10
-16.57
 20
-3.8285
 30
0.0
 10
-16.5954
 20
-3.8435
 30
0.0
 10
-16.5954
 20
-3.8435
 30
0.0
 10
-16.6208
 20
-3.8595
 30
0.0
 10
-16.6659
 20
-3.8783
 30
0.0
 10
-16.7308
 20
-3.9
 30
0.0
 10
-16.7308
 20
-3.9
 30
0.0
 10
-16.7177
 20
-3.9301
 30
0.0
 10
-16.7007
 20
-3.9677
 30
0.0
 10
-16.681
 20
-4.0138
 30
0.0
 10
-16.681
 20
-4.0138
 30
0.0
 10
-16.6603
 20
-4.059
 30
0.0
 10
-16.6452
 20
-4.0966
 30
0.0
 10
-16.6339
 20
-4.1248
 30
0.0
 10
-16.6339
 20
-4.1248
 30
0.0
 10
-16.6226
 20
-4.154
 30
0.0
 10
-16.6179
 20
-4.1784
 30
0.0
 10
-16.6179
 20
-4.201
 30
0.0
 10
-16.6179
 20
-4.201
 30
0.0
 10
-16.6179
 20
-4.2452
 30
0.0
 10
-16.6622
 20
-4.3271
 30
0.0
 10
-16.7515
 20
-4.4475
 30
0.0
 10
-16.7515
 20
-4.4475
 30
0.0
 10
-16.84
 20
-4.5679
 30
0.0
 10
-16.903
 20
-4.6563
 30
0.0
 10
-16.9387
 20
-4.7137
 30
0.0
 10
-16.9387
 20
-4.7137
 30
0.0
 10
-16.9745
 20
-4.7711
 30
0.0
 10
-16.9924
 20
-4.8407
 30
0.0
 10
-16.9924
 20
-4.9235
 30
0.0
 10
-16.9924
 20
-4.9235
 30
0.0
 10
-16.9924
 20
-5.059
 30
0.0
 10
-16.9303
 20
-5.1276
 30
0.0
 10
-16.8052
 20
-5.1276
 30
0.0
 10
-16.8052
 20
-5.1276
 30
0.0
 10
-16.6763
 20
-5.1276
 30
0.0
 10
-16.475
 20
-5.0072
 30
0.0
 10
-16.2012
 20
-4.7664
 30
0.0
 10
-16.2012
 20
-4.7664
 30
0.0
 10
-16.2012
 20
-4.7664
 30
0.0
 10
-16.2012
 20
-4.9338
 30
0.0
 10
-16.2012
 20
-4.9338
 30
0.0
 10
-16.2012
 20
-4.9338
 30
0.0
 10
-16.6659
 20
-5.4503
 30
0.0
 10
-16.9989
 20
-5.7081
 30
0.0
 10
-17.1993
 20
-5.7081
 30
0.0
 10
-17.1993
 20
-5.7081
 30
0.0
 10
-17.2718
 20
-5.7081
 30
0.0
 10
-17.3226
 20
-5.6845
 30
0.0
 10
-17.3536
 20
-5.6375
 30
0.0
 10
-17.3536
 20
-5.6375
 30
0.0
 10
-17.3837
 20
-5.5905
 30
0.0
 10
-17.3988
 20
-5.5218
 30
0.0
 10
-17.3988
 20
-5.4296
 30
0.0
 10
-17.3988
 20
-5.4296
 30
0.0
 10
-17.3988
 20
-5.2847
 30
0.0
 10
-17.3461
 20
-5.0749
 30
0.0
 10
-17.2407
 20
-4.7993
 30
0.0
 10
-17.2407
 20
-4.7993
 30
0.0
 10
-17.5098
 20
-5.0966
 30
0.0
 10
-17.7083
 20
-5.3083
 30
0.0
 10
-17.839
 20
-5.4343
 30
0.0
 10
-17.839
 20
-5.4343
 30
0.0
 10
-17.9698
 20
-5.5594
 30
0.0
 10
-18.077
 20
-5.6225
 30
0.0
 10
-18.1617
 20
-5.6225
 30
0.0
 10
-18.1617
 20
-5.6225
 30
0.0
 10
-18.2021
 20
-5.6225
 30
0.0
 10
-18.252
 20
-5.5876
 30
0.0
 10
-18.3131
 20
-5.518
 30
0.0
 10
-18.3131
 20
-5.518
 30
0.0
 10
-18.3734
 20
-5.4475
 30
0.0
 10
-18.427
 20
-5.3572
 30
0.0
 10
-18.474
 20
-5.2462
 30
0.0
 10
-18.474
 20
-5.2462
 30
0.0
 10
-18.521
 20
-5.1352
 30
0.0
 10
-18.5446
 20
-5.0194
 30
0.0
 10
-18.5446
 20
-4.9009
 30
0.0
 10
-18.5446
 20
-4.9009
 30
0.0
 10
-18.5446
 20
-4.8144
 30
0.0
 10
-18.5361
 20
-4.7419
 30
0.0
 10
-18.5201
 20
-4.6845
 30
0.0
 10
-18.5201
 20
-4.6845
 30
0.0
 10
-18.5032
 20
-4.6262
 30
0.0
 10
-18.4712
 20
-4.567
 30
0.0
 10
-18.4232
 20
-4.5067
 30
0.0
 10
-18.4232
 20
-4.5067
 30
0.0
 10
-18.3752
 20
-4.4456
 30
0.0
 10
-18.299
 20
-4.3656
 30
0.0
 10
-18.1946
 20
-4.2669
 30
0.0
  0
SPLINE
  5
86
330
1F
100
AcDbEntity
  8
layer 1
 62
   142
100
AcDbSpline
210
0.0
220
0.0
230
1.0
 70
    11
 71
     3
 72
    32
 73
    28
 74
     0
 42
0.000000001
 43
0.0000000001
 40
0.0
 40
0.0
 40
0.0
 40
0.0
 40
0.125
 40
0.125
 40
0.125
 40
0.125
 40
0.25
 40
0.25
 40
0.25
 40
0.25
 40
0.375
 40
0.375
 40
0.375
 40
0.375
 40
0.5
 40
0.5
 40
0.5
 40
0.5
 40
0.625
 40
0.625
 40
0.625
 40
0.625
 40
0.75
 40
0.75
 40
0.75
 40
0.75
 40
1.0
 40
1.0
 40
1.0
 40
1.0
 10
-16.8738
 20
-3.963
 30
0.0
 10
-17.3517
 20
-4.1822
 30
0.0
 10
-17.6923
 20
-4.3675
 30
0.0
 10
-17.8955
 20
-4.5199
 30
0.0
 10
-17.8955
 20
-4.5199
 30
0.0
 10
-18.0987
 20
-4.6733
 30
0.0
 10
-18.2003
 20
-4.8304
 30
0.0
 10
-18.2003
 20
-4.9922
 30
0.0
 10
-18.2003
 20
-4.9922
 30
0.0
 10
-18.2003
 20
-5.0505
 30
0.0
 10
-18.1899
 20
-5.0994
 30
0.0
 10
-18.1702
 20
-5.137
 30
0.0
 10
-18.1702
 20
-5.137
 30
0.0
 10
-18.1495
 20
-5.1747
 30
0.0
 10
-18.1222
 20
-5.1935
 30
0.0
 10
-18.0874
 20
-5.1935
 30
0.0
 10
-18.0874
 20
-5.1935
 30
0.0
 10
-18.0667
 20
-5.1935
 30
0.0
 10
-18.0309
 20
-5.1803
 30
0.0
 10
-17.9801
 20
-5.1549
 30
0.0
 10
-17.9801
 20
-5.1549
 30
0.0
 10
-17.7873
 20
-5.0411
 30
0.0
 10
-17.6104
 20
-4.8924
 30
0.0
 10
-17.4505
 20
-4.709
 30
0.0
 10
-17.4505
 20
-4.709
 30
0.0
 10
-17.2906
 20
-4.5265
 30
0.0
 10
-17.0977
 20
-4.2772
 30
0.0
 10
-16.8738
 20
-3.963
 30
0.0
  0
SPLINE
  5
87
330
1F
100
AcDbEntity
  8
layer 1
 62
   142
100
AcDbSpline
210
0.0
220
0.0
230
1.0
 70
    11
 71
     3
 72
   136
 73
   132
 74
     0
 42
0.000000001
 43
0.0000000001
 40
0.0
 40
0.0
 40
0.0
 40
0.0
 40
0.0294117647058824
 40
0.0294117647058824
 40
0.0294117647058824
 40
0.0294117647058824
 40
0.0588235294117647
 40
0.0588235294117647
 40
0.0588235294117647
 40
0.0588235294117647
 40
0.0882352941176471
 40
0.0882352941176471
 40
0.0882352941176471
 40
0.0882352941176471
 40
0.1176470588235294
 40
0.1176470588235294
 40
0.1176470588235294
 40
0.1176470588235294
 40
0.1470588235294118
 40
0.1470588235294118
 40
0.1470588235294118
 40
0.1470588235294118
 40
0.1764705882352941
 40
0.1764705882352941
 40
0.1764705882352941
 40
0.1764705882352941
 40
0.2058823529411765
 40
0.2058823529411765
 40
0.2058823529411765
 40
0.2058823529411765
 40
0.2352941176470588
 40
0.2352941176470588
 40
0.2352941176470588
 40
0.2352941176470588
 40
0.2647058823529412
 40
0.2647058823529412
 40
0.2647058823529412
 40
0.2647058823529412
 40
0.2941176470588235
 40
0.2941176470588235
 40
0.2941176470588235
 40
0.2941176470588235
 40
0.3235294117647059
 40
0.3235294117647059
 40
0.3235294117647059
 40
0.3235294117647059
 40
0.3529411764705883
 40
0.3529411764705883
 40
0.3529411764705883
 40
0.3529411764705883
 40
0.3823529411764706
 40
0.3823529411764706
 40
0.3823529411764706
 40
0.3823529411764706
 40
0.4117647058823529
 40
0.4117647058823529
 40
0.4117647058823529
 40
0.4117647058823529
 40
0.4411764705882353
 40
0.4411764705882353
 40
0.4411764705882353
 40
0.4411764705882353
 40
0.4705882352941176
 40
0.4705882352941176
 40
0.4705882352941176
 40
0.4705882352941176
 40
0.5
 40
0.5
 40
0.5
 40
0.5
 40
0.5294117647058824
 40
0.5294117647058824
 40
0.5294117647058824
 40
0.5294117647058824
 40
0.5588235294117647
 40
0.5588235294117647
 40
0.5588235294117647
 40
0.5588235294117647
 40
0.5882352941176471
 40
0.5882352941176471
 40
0.5882352941176471
 40
0.5882352941176471
 40
0.6176470588235294
 40
0.6176470588235294
 40
0.6176470588235294
 40
0.6176470588235294
 40
0.6470588235294118
 40
0.6470588235294118
 40
0.6470588235294118
 40
0.6470588235294118
 40
0.6764705882352942
 40
0.6764705882352942
 40
0.6764705882352942
 40
0.6764705882352942
 40
0.7058823529411765
 40
0.7058823529411765
 40
0.7058823529411765
 40
0.7058823529411765
 40
0.7352941176470589
 40
0.7352941176470589
 40
0.7352941176470589
 40
0.7352941176470589
 40
0.7647058823529411
 40
0.7647058823529411
 40
0.7647058823529411
 40
0.7647058823529411
 40
0.7941176470588235
 40
0.7941176470588235
 40
0.7941176470588235
 40
0.7941176470588235
 40
0.8235294117647058
 40
0.8235294117647058
 40
0.8235294117647058
 40
0.8235294117647058
 40
0.8529411764705882
 40
0.8529411764705882
 40
0.8529411764705882
 40
0.8529411764705882
 40
0.8823529411764706
 40
0.8823529411764706
 40
0.8823529411764706
 40
0.8823529411764706
 40
0.9117647058823529
 40
0.9117647058823529
 40
0.9117647058823529
 40
0.9117647058823529
 40
0.9411764705882353
 40
0.9411764705882353
 40
0.9411764705882353
 40
0.9411764705882353
 40
1.0
 40
1.0
 40
1.0
 40
1.0
 10
-16.2548
 20
-4.9733
 30
0.0
 10
-16.2548
 20
-4.9733
 30
0.0
 10
-16.2548
 20
-4.7937
 30
0.0
 10
-16.2548
 20
-4.7937
 30
0.0
 10
-16.2548
 20
-4.7937
 30
0.0
 10
-16.156
 20
-4.6761
 30
0.0
 10
-16.0808
 20
-4.5764
 30
0.0
 10
-16.029
 20
-4.4936
 30
0.0
 10
-16.029
 20
-4.4936
 30
0.0
 10
-16.0883
 20
-4.4729
 30
0.0
 10
-16.1306
 20
-4.4484
 30
0.0
 10
-16.157
 20
-4.4183
 30
0.0
 10
-16.157
 20
-4.4183
 30
0.0
 10
-16.1843
 20
-4.3892
 30
0.0
 10
-16.1974
 20
-4.3449
 30
0.0
 10
-16.1974
 20
-4.2866
 30
0.0
 10
-16.1974
 20
-4.2866
 30
0.0
 10
-16.1974
 20
-4.2198
 30
0.0
 10
-16.1692
 20
-4.1361
 30
0.0
 10
-16.1146
 20
-4.0354
 30
0.0
 10
-16.1146
 20
-4.0354
 30
0.0
 10
-16.0591
 20
-3.9338
 30
0.0
 10
-15.9914
 20
-3.8388
 30
0.0
 10
-15.9105
 20
-3.7504
 30
0.0
 10
-15.9105
 20
-3.7504
 30
0.0
 10
-15.8296
 20
-3.662
 30
0.0
 10
-15.7562
 20
-3.6055
 30
0.0
 10
-15.6904
 20
-3.5792
 30
0.0
 10
-15.6904
 20
-3.5792
 30
0.0
 10
-15.664
 20
-3.567
 30
0.0
 10
-15.6396
 20
-3.5604
 30
0.0
 10
-15.6151
 20
-3.5604
 30
0.0
 10
-15.6151
 20
-3.5604
 30
0.0
 10
-15.5784
 20
-3.5604
 30
0.0
 10
-15.5596
 20
-3.5773
 30
0.0
 10
-15.5596
 20
-3.613
 30
0.0
 10
-15.5596
 20
-3.613
 30
0.0
 10
-15.5596
 20
-3.6441
 30
0.0
 10
-15.5888
 20
-3.7071
 30
0.0
 10
-15.6462
 20
-3.8031
 30
0.0
 10
-15.6462
 20
-3.8031
 30
0.0
 10
-15.267
 20
-3.7438
 30
0.0
 10
-15.0281
 20
-3.7146
 30
0.0
 10
-14.9284
 20
-3.7146
 30
0.0
 10
-14.9284
 20
-3.7146
 30
0.0
 10
-14.8898
 20
-3.7146
 30
0.0
 10
-14.8635
 20
-3.7184
 30
0.0
 10
-14.8484
 20
-3.7259
 30
0.0
 10
-14.8484
 20
-3.7259
 30
0.0
 10
-14.8174
 20
-3.7419
 30
0.0
 10
-14.792
 20
-3.7805
 30
0.0
 10
-14.7713
 20
-3.8416
 30
0.0
 10
-14.7713
 20
-3.8416
 30
0.0
 10
-14.7515
 20
-3.9028
 30
0.0
 10
-14.7412
 20
-3.963
 30
0.0
 10
-14.7412
 20
-4.0241
 30
0.0
 10
-14.7412
 20
-4.0241
 30
0.0
 10
-14.7412
 20
-4.0627
 30
0.0
 10
-14.7581
 20
-4.1041
 30
0.0
 10
-14.792
 20
-4.1493
 30
0.0
 10
-14.792
 20
-4.1493
 30
0.0
 10
-14.8258
 20
-4.1944
 30
0.0
 10
-14.8842
 20
-4.2603
 30
0.0
 10
-14.9669
 20
-4.3468
 30
0.0
 10
-14.9669
 20
-4.3468
 30
0.0
 10
-15.0648
 20
-4.4522
 30
0.0
 10
-15.1457
 20
-4.566
 30
0.0
 10
-15.2125
 20
-4.6892
 30
0.0
 10
-15.2125
 20
-4.6892
 30
0.0
 10
-15.2783
 20
-4.8125
 30
0.0
 10
-15.3113
 20
-4.9056
 30
0.0
 10
-15.3113
 20
-4.9677
 30
0.0
 10
-15.3113
 20
-4.9677
 30
0.0
 10
-15.3113
 20
-5.0543
 30
0.0
 10
-15.2576
 20
-5.0975
 30
0.0
 10
-15.1513
 20
-5.0975
 30
0.0
 10
-15.1513
 20
-5.0975
 30
0.0
 10
-15.0394
 20
-5.0975
 30
0.0
 10
-14.8446
 20
-4.9837
 30
0.0
 10
-14.5671
 20
-4.7551
 30
0.0
 10
-14.5671
 20
-4.7551
 30
0.0
 10
-14.5671
 20
-4.7551
 30
0.0
 10
-14.5671
 20
-4.9404
 30
0.0
 10
-14.5671
 20
-4.9404
 30
0.0
 10
-14.5671
 20
-4.9404
 30
0.0
 10
-14.7205
 20
-5.0994
 30
0.0
 10
-14.8465
 20
-5.2255
 30
0.0
 10
-14.9453
 20
-5.3167
 30
0.0
 10
-14.9453
 20
-5.3167
 30
0.0
 10
-15.045
 20
-5.4089
 30
0.0
 10
-15.1363
 20
-5.4813
 30
0.0
 10
-15.2209
 20
-5.5359
 30
0.0
 10
-15.2209
 20
-5.5359
 30
0.0
 10
-15.3056
 20
-5.5895
 30
0.0
 10
-15.3809
 20
-5.6168
 30
0.0
 10
-15.4477
 20
-5.6168
 30
0.0
 10
-15.4477
 20
-5.6168
 30
0.0
 10
-15.5248
 20
-5.6168
 30
0.0
 10
-15.5888
 20
-5.5811
 30
0.0
 10
-15.6405
 20
-5.5105
 30
0.0
 10
-15.6405
 20
-5.5105
 30
0.0
 10
-15.6922
 20
-5.44
 30
0.0
 10
-15.7176
 20
-5.3374
 30
0.0
 10
-15.7176
 20
-5.2038
 30
0.0
 10
-15.7176
 20
-5.2038
 30
0.0
 10
-15.7176
 20
-5.1248
 30
0.0
 10
-15.697
 20
-5.0345
 30
0.0
 10
-15.6565
 20
-4.9338
 30
0.0
 10
-15.6565
 20
-4.9338
 30
0.0
 10
-15.616
 20
-4.8322
 30
0.0
 10
-15.5568
 20
-4.7231
 30
0.0
 10
-15.4787
 20
-4.6046
 30
0.0
 10
-15.4787
 20
-4.6046
 30
0.0
 10
-15.4006
 20
-4.486
 30
0.0
 10
-15.3131
 20
-4.3675
 30
0.0
 10
-15.2153
 20
-4.2499
 30
0.0
 10
-15.2153
 20
-4.2499
 30
0.0
 10
-15.267
 20
-4.2612
 30
0.0
 10
-15.3244
 20
-4.2725
 30
0.0
 10
-15.3893
 20
-4.2847
 30
0.0
 10
-15.3893
 20
-4.2847
 30
0.0
 10
-15.4533
 20
-4.297
 30
0.0
 10
-15.521
 20
-4.3092
 30
0.0
 10
-15.5935
 20
-4.3224
 30
0.0
 10
-15.5935
 20
-4.3224
 30
0.0
 10
-15.665
 20
-4.3346
 30
0.0
 10
-15.7205
 20
-4.3449
 30
0.0
 10
-15.759
 20
-4.3525
 30
0.0
 10
-15.759
 20
-4.3525
 30
0.0
 10
-15.8729
 20
-4.5811
 30
0.0
 10
-16.0384
 20
-4.788
 30
0.0
 10
-16.2548
 20
-4.9733
 30
0.0
  0
SPLINE
  5
88
330
1F
100
AcDbEntity
  8
layer 1
 62
   142
100
AcDbSpline
210
0.0
220
0.0
230
1.0
 70
    11
 71
     3
 72
   164
 73
   160
 74
     0
 42
0.000000001
 43
0.0000000001
 40
0.0
 40
0.0
 40
0.0
 40
0.0
 40
0.024390243902439
 40
0.024390243902439
 40
0.024390243902439
 40
0.024390243902439
 40
0.0487804878048781
 40
0.0487804878048781
 40
0.0487804878048781
 40
0.0487804878048781
 40
0.0731707317073171
 40
0.0731707317073171
 40
0.0731707317073171
 40
0.0731707317073171
 40
0.0975609756097561
 40
0.0975609756097561
 40
0.0975609756097561
 40
0.0975609756097561
 40
0.1219512195121951
 40
0.1219512195121951
 40
0.1219512195121951
 40
0.1219512195121951
 40
0.1463414634146341
 40
0.1463414634146341
 40
0.1463414634146341
 40
0.1463414634146341
 40
0.1707317073170732
 40
0.1707317073170732
 40
0.1707317073170732
 40
0.1707317073170732
 40
0.1951219512195122
 40
0.1951219512195122
 40
0.1951219512195122
 40
0.1951219512195122
 40
0.2195121951219512
 40
0.2195121951219512
 40
0.2195121951219512
 40
0.2195121951219512
 40
0.2439024390243902
 40
0.2439024390243902
 40
0.2439024390243902
 40
0.2439024390243902
 40
0.2682926829268293
 40
0.2682926829268293
 40
0.2682926829268293
 40
0.2682926829268293
 40
0.2926829268292683
 40
0.2926829268292683
 40
0.2926829268292683
 40
0.2926829268292683
 40
0.3170731707317073
 40
0.3170731707317073
 40
0.3170731707317073
 40
0.3170731707317073
 40
0.3414634146341464
 40
0.3414634146341464
 40
0.3414634146341464
 40
0.3414634146341464
 40
0.3658536585365854
 40
0.3658536585365854
 40
0.3658536585365854
 40
0.3658536585365854
 40
0.3902439024390244
 40
0.3902439024390244
 40
0.3902439024390244
 40
0.3902439024390244
 40
0.4146341463414634
 40
0.4146341463414634
 40
0.4146341463414634
 40
0.4146341463414634
 40
0.4390243902439024
 40
0.4390243902439024
 40
0.4390243902439024
 40
0.4390243902439024
 40
0.4634146341463415
 40
0.4634146341463415
 40
0.4634146341463415
 40
0.4634146341463415
 40
0.4878048780487805
 40
0.4878048780487805
 40
0.4878048780487805
 40
0.4878048780487805
 40
0.5121951219512195
 40
0.5121951219512195
 40
0.5121951219512195
 40
0.5121951219512195
 40
0.5365853658536586
 40
0.5365853658536586
 40
0.5365853658536586
 40
0.5365853658536586
 40
0.5609756097560976
 40
0.5609756097560976
 40
0.5609756097560976
 40
0.5609756097560976
 40
0.5853658536585366
 40
0.5853658536585366
 40
0.5853658536585366
 40
0.5853658536585366
 40
0.6097560975609756
 40
0.6097560975609756
 40
0.6097560975609756
 40
0.6097560975609756
 40
0.6341463414634146
 40
0.6341463414634146
 40
0.6341463414634146
 40
0.6341463414634146
 40
0.6585365853658537
 40
0.6585365853658537
 40
0.6585365853658537
 40
0.6585365853658537
 40
0.6829268292682927
 40
0.6829268292682927
 40
0.6829268292682927
 40
0.6829268292682927
 40
0.7073170731707317
 40
0.7073170731707317
 40
0.7073170731707317
 40
0.7073170731707317
 40
0.7317073170731707
 40
0.7317073170731707
 40
0.7317073170731707
 40
0.7317073170731707
 40
0.7560975609756098
 40
0.7560975609756098
 40
0.7560975609756098
 40
0.7560975609756098
 40
0.7804878048780488
 40
0.7804878048780488
 40
0.7804878048780488
 40
0.7804878048780488
 40
0.8048780487804879
 40
0.8048780487804879
 40
0.8048780487804879
 40
0.8048780487804879
 40
0.8292682926829268
 40
0.8292682926829268
 40
0.8292682926829268
 40
0.8292682926829268
 40
0.8536585365853658
 40
0.8536585365853658
 40
0.8536585365853658
 40
0.8536585365853658
 40
0.8780487804878049
 40
0.8780487804878049
 40
0.8780487804878049
 40
0.8780487804878049
 40
0.9024390243902439
 40
0.9024390243902439
 40
0.9024390243902439
 40
0.9024390243902439
 40
0.926829268292683
 40
0.926829268292683
 40
0.926829268292683
 40
0.926829268292683
 40
0.9512195121951219
 40
0.9512195121951219
 40
0.9512195121951219
 40
0.9512195121951219
 40
1.0
 40
1.0
 40
1.0
 40
1.0
 10
-13.6113
 20
-3.3308
 30
0.0
 10
-13.6113
 20
-3.3308
 30
0.0
 10
-13.4928
 20
-3.3308
 30
0.0
 10
-13.4928
 20
-3.3308
 30
0.0
 10
-13.4928
 20
-3.3308
 30
0.0
 10
-13.3949
 20
-3.1559
 30
0.0
 10
-13.3075
 20
-3.0326
 30
0.0
 10
-13.2284
 20
-2.9602
 30
0.0
 10
-13.2284
 20
-2.9602
 30
0.0
 10
-13.1494
 20
-2.8877
 30
0.0
 10
-13.0591
 20
-2.8511
 30
0.0
 10
-12.9584
 20
-2.8511
 30
0.0
 10
-12.9584
 20
-2.8511
 30
0.0
 10
-12.8568
 20
-2.8511
 30
0.0
 10
-12.806
 20
-2.8746
 30
0.0
 10
-12.806
 20
-2.9197
 30
0.0
 10
-12.806
 20
-2.9197
 30
0.0
 10
-12.806
 20
-2.9423
 30
0.0
 10
-12.8456
 20
-3.0016
 30
0.0
 10
-12.9246
 20
-3.0994
 30
0.0
 10
-12.9246
 20
-3.0994
 30
0.0
 10
-13.0036
 20
-3.1963
 30
0.0
 10
-13.0638
 20
-3.2781
 30
0.0
 10
-13.1043
 20
-3.3449
 30
0.0
 10
-13.1043
 20
-3.3449
 30
0.0
 10
-13.0422
 20
-3.3515
 30
0.0
 10
-12.9857
 20
-3.3581
 30
0.0
 10
-12.9377
 20
-3.3638
 30
0.0
 10
-12.9377
 20
-3.3638
 30
0.0
 10
-12.8888
 20
-3.3694
 30
0.0
 10
-12.8503
 20
-3.3741
 30
0.0
 10
-12.823
 20
-3.3779
 30
0.0
 10
-12.823
 20
-3.3779
 30
0.0
 10
-12.9274
 20
-3.5717
 30
0.0
 10
-13.0591
 20
-3.7702
 30
0.0
 10
-13.2171
 20
-3.9734
 30
0.0
 10
-13.2171
 20
-3.9734
 30
0.0
 10
-13.2689
 20
-3.9696
 30
0.0
 10
-13.3122
 20
-3.9668
 30
0.0
 10
-13.347
 20
-3.9639
 30
0.0
 10
-13.347
 20
-3.9639
 30
0.0
 10
-13.3818
 20
-3.9611
 30
0.0
 10
-13.4166
 20
-3.9583
 30
0.0
 10
-13.4533
 20
-3.9555
 30
0.0
 10
-13.4533
 20
-3.9555
 30
0.0
 10
-13.489
 20
-3.9527
 30
0.0
 10
-13.5323
 20
-3.9498
 30
0.0
 10
-13.584
 20
-3.9461
 30
0.0
 10
-13.584
 20
-3.9461
 30
0.0
 10
-13.6828
 20
-4.106
 30
0.0
 10
-13.7665
 20
-4.249
 30
0.0
 10
-13.8333
 20
-4.375
 30
0.0
 10
-13.8333
 20
-4.375
 30
0.0
 10
-13.9001
 20
-4.5011
 30
0.0
 10
-13.9519
 20
-4.6168
 30
0.0
 10
-13.9876
 20
-4.7222
 30
0.0
 10
-13.9876
 20
-4.7222
 30
0.0
 10
-14.0234
 20
-4.8266
 30
0.0
 10
-14.0412
 20
-4.9263
 30
0.0
 10
-14.0412
 20
-5.0194
 30
0.0
 10
-14.0412
 20
-5.0194
 30
0.0
 10
-14.0412
 20
-5.1464
 30
0.0
 10
-13.9904
 20
-5.2104
 30
0.0
 10
-13.8898
 20
-5.2104
 30
0.0
 10
-13.8898
 20
-5.2104
 30
0.0
 10
-13.8202
 20
-5.2104
 30
0.0
 10
-13.728
 20
-5.1728
 30
0.0
 10
-13.6151
 20
-5.0985
 30
0.0
 10
-13.6151
 20
-5.0985
 30
0.0
 10
-13.5022
 20
-5.0241
 30
0.0
 10
-13.3517
 20
-4.9103
 30
0.0
 10
-13.1616
 20
-4.756
 30
0.0
 10
-13.1616
 20
-4.756
 30
0.0
 10
-13.1616
 20
-4.756
 30
0.0
 10
-13.1616
 20
-4.9395
 30
0.0
 10
-13.1616
 20
-4.9395
 30
0.0
 10
-13.1616
 20
-4.9395
 30
0.0
 10
-13.6583
 20
-5.4776
 30
0.0
 10
-14.0252
 20
-5.7466
 30
0.0
 10
-14.2623
 20
-5.7466
 30
0.0
 10
-14.2623
 20
-5.7466
 30
0.0
 10
-14.3451
 20
-5.7466
 30
0.0
 10
-14.4119
 20
-5.7146
 30
0.0
 10
-14.4617
 20
-5.6507
 30
0.0
 10
-14.4617
 20
-5.6507
 30
0.0
 10
-14.5125
 20
-5.5858
 30
0.0
 10
-14.5379
 20
-5.503
 30
0.0
 10
-14.5379
 20
-5.4023
 30
0.0
 10
-14.5379
 20
-5.4023
 30
0.0
 10
-14.5379
 20
-5.3346
 30
0.0
 10
-14.5238
 20
-5.2537
 30
0.0
 10
-14.4956
 20
-5.1606
 30
0.0
 10
-14.4956
 20
-5.1606
 30
0.0
 10
-14.4664
 20
-5.0665
 30
0.0
 10
-14.4156
 20
-4.9254
 30
0.0
 10
-14.3423
 20
-4.7363
 30
0.0
 10
-14.3423
 20
-4.7363
 30
0.0
 10
-14.3677
 20
-4.7589
 30
0.0
 10
-14.3921
 20
-4.7796
 30
0.0
 10
-14.4147
 20
-4.8012
 30
0.0
 10
-14.4147
 20
-4.8012
 30
0.0
 10
-14.4382
 20
-4.8219
 30
0.0
 10
-14.4589
 20
-4.8416
 30
0.0
 10
-14.4787
 20
-4.8586
 30
0.0
 10
-14.4787
 20
-4.8586
 30
0.0
 10
-14.4975
 20
-4.8765
 30
0.0
 10
-14.5182
 20
-4.8943
 30
0.0
 10
-14.5408
 20
-4.9141
 30
0.0
 10
-14.5408
 20
-4.9141
 30
0.0
 10
-14.5624
 20
-4.9329
 30
0.0
 10
-14.585
 20
-4.9527
 30
0.0
 10
-14.6066
 20
-4.9733
 30
0.0
 10
-14.6066
 20
-4.9733
 30
0.0
 10
-14.6066
 20
-4.9733
 30
0.0
 10
-14.6066
 20
-4.7824
 30
0.0
 10
-14.6066
 20
-4.7824
 30
0.0
 10
-14.6066
 20
-4.7824
 30
0.0
 10
-14.4138
 20
-4.6206
 30
0.0
 10
-14.1805
 20
-4.3365
 30
0.0
 10
-13.9058
 20
-3.9291
 30
0.0
 10
-13.9058
 20
-3.9291
 30
0.0
 10
-13.934
 20
-3.9282
 30
0.0
 10
-13.9594
 20
-3.9263
 30
0.0
 10
-13.9838
 20
-3.9254
 30
0.0
 10
-13.9838
 20
-3.9254
 30
0.0
 10
-14.0074
 20
-3.9244
 30
0.0
 10
-14.0356
 20
-3.9244
 30
0.0
 10
-14.0685
 20
-3.9244
 30
0.0
 10
-14.0685
 20
-3.9244
 30
0.0
 10
-14.1776
 20
-3.9244
 30
0.0
 10
-14.2585
 20
-3.931
 30
0.0
 10
-14.3112
 20
-3.9461
 30
0.0
 10
-14.3112
 20
-3.9461
 30
0.0
 10
-14.3338
 20
-3.9517
 30
0.0
 10
-14.3545
 20
-3.9574
 30
0.0
 10
-14.3733
 20
-3.9639
 30
0.0
 10
-14.3733
 20
-3.9639
 30
0.0
 10
-14.3931
 20
-3.9705
 30
0.0
 10
-14.4062
 20
-3.9734
 30
0.0
 10
-14.4138
 20
-3.9734
 30
0.0
 10
-14.4138
 20
-3.9734
 30
0.0
 10
-14.4213
 20
-3.9734
 30
0.0
 10
-14.425
 20
-3.9677
 30
0.0
 10
-14.425
 20
-3.9574
 30
0.0
 10
-14.425
 20
-3.9574
 30
0.0
 10
-14.425
 20
-3.8972
 30
0.0
 10
-14.3874
 20
-3.8068
 30
0.0
 10
-14.3112
 20
-3.6864
 30
0.0
 10
-14.3112
 20
-3.6864
 30
0.0
 10
-14.251
 20
-3.5839
 30
0.0
 10
-14.1936
 20
-3.5077
 30
0.0
 10
-14.1391
 20
-3.4578
 30
0.0
 10
-14.1391
 20
-3.4578
 30
0.0
 10
-14.0845
 20
-3.408
 30
0.0
 10
-14.0186
 20
-3.3741
 30
0.0
 10
-13.9406
 20
-3.3572
 30
0.0
 10
-13.9406
 20
-3.3572
 30
0.0
 10
-13.8625
 20
-3.3393
 30
0.0
 10
-13.7524
 20
-3.3308
 30
0.0
 10
-13.6113
 20
-3.3308
 30
0.0
  0
SPLINE
  5
89
330
1F
100
AcDbEntity
  8
layer 1
 62
   142
370
     9
100
AcDbSpline
210
0.0
220
0.0
230
1.0
 70
    11
 71
     3
 72
   216
 73
   212
 74
     0
 42
0.000000001
 43
0.0000000001
 40
0.0
 40
0.0
 40
0.0
 40
0.0
 40
0.0185185185185185
 40
0.0185185185185185
 40
0.0185185185185185
 40
0.0185185185185185
 40
0.037037037037037
 40
0.037037037037037
 40
0.037037037037037
 40
0.037037037037037
 40
0.0555555555555556
 40
0.0555555555555556
 40
0.0555555555555556
 40
0.0555555555555556
 40
0.0740740740740741
 40
0.0740740740740741
 40
0.0740740740740741
 40
0.0740740740740741
 40
0.0925925925925926
 40
0.0925925925925926
 40
0.0925925925925926
 40
0.0925925925925926
 40
0.1111111111111111
 40
0.1111111111111111
 40
0.1111111111111111
 40
0.1111111111111111
 40
0.1296296296296296
 40
0.1296296296296296
 40
0.1296296296296296
 40
0.1296296296296296
 40
0.1481481481481481
 40
0.1481481481481481
 40
0.1481481481481481
 40
0.1481481481481481
 40
0.1666666666666667
 40
0.1666666666666667
 40
0.1666666666666667
 40
0.1666666666666667
 40
0.1851851851851852
 40
0.1851851851851852
 40
0.1851851851851852
 40
0.1851851851851852
 40
0.2037037037037037
 40
0.2037037037037037
 40
0.2037037037037037
 40
0.2037037037037037
 40
0.2222222222222222
 40
0.2222222222222222
 40
0.2222222222222222
 40
0.2222222222222222
 40
0.2407407407407407
 40
0.2407407407407407
 40
0.2407407407407407
 40
0.2407407407407407
 40
0.2592592592592592
 40
0.2592592592592592
 40
0.2592592592592592
 40
0.2592592592592592
 40
0.2777777777777778
 40
0.2777777777777778
 40
0.2777777777777778
 40
0.2777777777777778
 40
0.2962962962962963
 40
0.2962962962962963
 40
0.2962962962962963
 40
0.2962962962962963
 40
0.3148148148148148
 40
0.3148148148148148
 40
0.3148148148148148
 40
0.3148148148148148
 40
0.3333333333333333
 40
0.3333333333333333
 40
0.3333333333333333
 40
0.3333333333333333
 40
0.3518518518518519
 40
0.3518518518518519
 40
0.3518518518518519
 40
0.3518518518518519
 40
0.3703703703703703
 40
0.3703703703703703
 40
0.3703703703703703
 40
0.3703703703703703
 40
0.3888888888888889
 40
0.3888888888888889
 40
0.3888888888888889
 40
0.3888888888888889
 40
0.4074074074074074
 40
0.4074074074074074
 40
0.4074074074074074
 40
0.4074074074074074
 40
0.4259259259259259
 40
0.4259259259259259
 40
0.4259259259259259
 40
0.4259259259259259
 40
0.4444444444444444
 40
0.4444444444444444
 40
0.4444444444444444
 40
0.4444444444444444
 40
0.462962962962963
 40
0.462962962962963
 40
0.462962962962963
 40
0.462962962962963
 40
0.4814814814814815
 40
0.4814814814814815
 40
0.4814814814814815
 40
0.4814814814814815
 40
0.5
 40
0.5
 40
0.5
 40
0.5
 40
0.5185185185185185
 40
0.5185185185185185
 40
0.5185185185185185
 40
0.5185185185185185
 40
0.5370370370370371
 40
0.5370370370370371
 40
0.5370370370370371
 40
0.5370370370370371
 40
0.5555555555555556
 40
0.5555555555555556
 40
0.5555555555555556
 40
0.5555555555555556
 40
0.5740740740740741
 40
0.5740740740740741
 40
0.5740740740740741
 40
0.5740740740740741
 40
0.5925925925925926
 40
0.5925925925925926
 40
0.5925925925925926
 40
0.5925925925925926
 40
0.6111111111111112
 40
0.6111111111111112
 40
0.6111111111111112
 40
0.6111111111111112
 40
0.6296296296296297
 40
0.6296296296296297
 40
0.6296296296296297
 40
0.6296296296296297
 40
0.6481481481481481
 40
0.6481481481481481
 40
0.6481481481481481
 40
0.6481481481481481
 40
0.6666666666666666
 40
0.6666666666666666
 40
0.6666666666666666
 40
0.6666666666666666
 40
0.6851851851851852
 40
0.6851851851851852
 40
0.6851851851851852
 40
0.6851851851851852
 40
0.7037037037037037
 40
0.7037037037037037
 40
0.7037037037037037
 40
0.7037037037037037
 40
0.7222222222222222
 40
0.7222222222222222
 40
0.7222222222222222
 40
0.7222222222222222
 40
0.7407407407407407
 40
0.7407407407407407
 40
0.7407407407407407
 40
0.7407407407407407
 40
0.7592592592592593
 40
0.7592592592592593
 40
0.7592592592592593
 40
0.7592592592592593
 40
0.7777777777777778
 40
0.7777777777777778
 40
0.7777777777777778
 40
0.7777777777777778
 40
0.7962962962962963
 40
0.7962962962962963
 40
0.7962962962962963
 40
0.7962962962962963
 40
0.8148148148148148
 40
0.8148148148148148
 40
0.8148148148148148
 40
0.8148148148148148
 40
0.8333333333333334
 40
0.8333333333333334
 40
0.8333333333333334
 40
0.8333333333333334
 40
0.8518518518518519
 40
0.8518518518518519
 40
0.8518518518518519
 40
0.8518518518518519
 40
0.8703703703703703
 40
0.8703703703703703
 40
0.8703703703703703
 40
0.8703703703703703
 40
0.8888888888888888
 40
0.8888888888888888
 40
0.8888888888888888
 40
0.8888888888888888
 40
0.9074074074074074
 40
0.9074074074074074
 40
0.9074074074074074
 40
0.9074074074074074
 40
0.9259259259259259
 40
0.9259259259259259
 40
0.9259259259259259
 40
0.9259259259259259
 40
0.9444444444444444
 40
0.9444444444444444
 40
0.9444444444444444
 40
0.9444444444444444
 40
0.9629629629629629
 40
0.9629629629629629
 40
0.9629629629629629
 40
0.9629629629629629
 40
1.0
 40
1.0
 40
1.0
 40
1.0
 10
-20.7233
 20
-4.8313
 30
0.0
 10
-20.7694
 20
-4.7466
 30
0.0
 10
-20.8381
 20
-4.6704
 30
0.0
 10
-20.9303
 20
-4.6027
 30
0.0
 10
-20.9303
 20
-4.6027
 30
0.0
 10
-21.0215
 20
-4.535
 30
0.0
 10
-21.125
 20
-4.4804
 30
0.0
 10
-21.2398
 20
-4.439
 30
0.0
 10
-21.2398
 20
-4.439
 30
0.0
 10
-21.3546
 20
-4.3976
 30
0.0
 10
-21.475
 20
-4.3666
 30
0.0
 10
-21.5991
 20
-4.3468
 30
0.0
 10
-21.5991
 20
-4.3468
 30
0.0
 10
-21.9698
 20
-4.2913
 30
0.0
 10
-22.316
 20
-4.1718
 30
0.0
 10
-22.6377
 20
-3.9856
 30
0.0
 10
-22.6377
 20
-3.9856
 30
0.0
 10
-22.665
 20
-3.9715
 30
0.0
 10
-22.6942
 20
-3.9404
 30
0.0
 10
-22.7252
 20
-3.8924
 30
0.0
 10
-22.7252
 20
-3.8924
 30
0.0
 10
-22.7562
 20
-3.8445
 30
0.0
 10
-22.7722
 20
-3.7984
 30
0.0
 10
-22.7722
 20
-3.7542
 30
0.0
 10
-22.7722
 20
-3.7542
 30
0.0
 10
-22.7722
 20
-3.5933
 30
0.0
 10
-22.745
 20
-3.4305
 30
0.0
 10
-22.6913
 20
-3.2687
 30
0.0
 10
-22.6913
 20
-3.2687
 30
0.0
 10
-22.6368
 20
-3.106
 30
0.0
 10
-22.5681
 20
-2.979
 30
0.0
 10
-22.4834
 20
-2.8868
 30
0.0
 10
-22.4834
 20
-2.8868
 30
0.0
 10
-22.348
 20
-2.7344
 30
0.0
 10
-22.1034
 20
-2.6008
 30
0.0
 10
-21.7497
 20
-2.4861
 30
0.0
 10
-21.7497
 20
-2.4861
 30
0.0
 10
-21.3959
 20
-2.3722
 30
0.0
 10
-20.998
 20
-2.3148
 30
0.0
 10
-20.5549
 20
-2.3148
 30
0.0
 10
-20.5549
 20
-2.3148
 30
0.0
 10
-20.2906
 20
-2.3148
 30
0.0
 10
-20.0864
 20
-2.3355
 30
0.0
 10
-19.9416
 20
-2.376
 30
0.0
 10
-19.9416
 20
-2.376
 30
0.0
 10
-19.7976
 20
-2.4164
 30
0.0
 10
-19.7252
 20
-2.4785
 30
0.0
 10
-19.7252
 20
-2.5632
 30
0.0
 10
-19.7252
 20
-2.5632
 30
0.0
 10
-19.7252
 20
-2.7015
 30
0.0
 10
-19.745
 20
-2.8087
 30
0.0
 10
-19.7826
 20
-2.884
 30
0.0
 10
-19.7826
 20
-2.884
 30
0.0
 10
-19.8202
 20
-2.9592
 30
0.0
 10
-19.8607
 20
-3.0091
 30
0.0
 10
-19.903
 20
-3.0345
 30
0.0
 10
-19.903
 20
-3.0345
 30
0.0
 10
-19.9463
 20
-3.059
 30
0.0
 10
-20.0225
 20
-3.0928
 30
0.0
 10
-20.1307
 20
-3.1352
 30
0.0
 10
-20.1307
 20
-3.1352
 30
0.0
 10
-20.2464
 20
-3.1756
 30
0.0
 10
-20.347
 20
-3.2179
 30
0.0
 10
-20.4326
 20
-3.2622
 30
0.0
 10
-20.4326
 20
-3.2622
 30
0.0
 10
-20.5182
 20
-3.3064
 30
0.0
 10
-20.5907
 20
-3.3487
 30
0.0
 10
-20.6518
 20
-3.3892
 30
0.0
 10
-20.6518
 20
-3.3892
 30
0.0
 10
-20.712
 20
-3.4296
 30
0.0
 10
-20.7497
 20
-3.4494
 30
0.0
 10
-20.7647
 20
-3.4494
 30
0.0
 10
-20.7647
 20
-3.4494
 30
0.0
 10
-20.7826
 20
-3.4494
 30
0.0
 10
-20.792
 20
-3.4418
 30
0.0
 10
-20.792
 20
-3.4277
 30
0.0
 10
-20.792
 20
-3.4277
 30
0.0
 10
-20.792
 20
-3.3957
 30
0.0
 10
-20.76
 20
-3.3487
 30
0.0
 10
-20.6942
 20
-3.2857
 30
0.0
 10
-20.6942
 20
-3.2857
 30
0.0
 10
-20.6292
 20
-3.2217
 30
0.0
 10
-20.5483
 20
-3.1662
 30
0.0
 10
-20.4533
 20
-3.1182
 30
0.0
 10
-20.4533
 20
-3.1182
 30
0.0
 10
-20.3517
 20
-3.0655
 30
0.0
 10
-20.3019
 20
-3.0317
 30
0.0
 10
-20.3019
 20
-3.0166
 30
0.0
 10
-20.3019
 20
-3.0166
 30
0.0
 10
-20.3019
 20
-2.9931
 30
0.0
 10
-20.3574
 20
-2.9809
 30
0.0
 10
-20.4693
 20
-2.9809
 30
0.0
 10
-20.4693
 20
-2.9809
 30
0.0
 10
-20.8099
 20
-2.9809
 30
0.0
 10
-21.1231
 20
-3.011
 30
0.0
 10
-21.4119
 20
-3.0721
 30
0.0
 10
-21.4119
 20
-3.0721
 30
0.0
 10
-21.7007
 20
-3.1323
 30
0.0
 10
-21.9275
 20
-3.2123
 30
0.0
 10
-22.094
 20
-3.3111
 30
0.0
 10
-22.094
 20
-3.3111
 30
0.0
 10
-22.2605
 20
-3.4108
 30
0.0
 10
-22.3433
 20
-3.5114
 30
0.0
 10
-22.3433
 20
-3.614
 30
0.0
 10
-22.3433
 20
-3.614
 30
0.0
 10
-22.3433
 20
-3.6789
 30
0.0
 10
-22.3085
 20
-3.7241
 30
0.0
 10
-22.2398
 20
-3.7504
 30
0.0
 10
-22.2398
 20
-3.7504
 30
0.0
 10
-22.1711
 20
-3.7767
 30
0.0
 10
-22.0187
 20
-3.8219
 30
0.0
 10
-21.7835
 20
-3.884
 30
0.0
 10
-21.7835
 20
-3.884
 30
0.0
 10
-21.5493
 20
-3.9461
 30
0.0
 10
-21.3386
 20
-4.0185
 30
0.0
 10
-21.1532
 20
-4.0985
 30
0.0
 10
-21.1532
 20
-4.0985
 30
0.0
 10
-20.887
 20
-4.2123
 30
0.0
 10
-20.6895
 20
-4.3308
 30
0.0
 10
-20.5606
 20
-4.4541
 30
0.0
 10
-20.5606
 20
-4.4541
 30
0.0
 10
-20.4317
 20
-4.5773
 30
0.0
 10
-20.3677
 20
-4.7146
 30
0.0
 10
-20.3677
 20
-4.867
 30
0.0
 10
-20.3677
 20
-4.867
 30
0.0
 10
-20.3677
 20
-4.9715
 30
0.0
 10
-20.3931
 20
-5.0768
 30
0.0
 10
-20.4439
 20
-5.1822
 30
0.0
 10
-20.4439
 20
-5.1822
 30
0.0
 10
-20.4938
 20
-5.2876
 30
0.0
 10
-20.5681
 20
-5.3845
 30
0.0
 10
-20.665
 20
-5.4729
 30
0.0
 10
-20.665
 20
-5.4729
 30
0.0
 10
-20.7628
 20
-5.5604
 30
0.0
 10
-20.8748
 20
-5.6328
 30
0.0
 10
-21.0018
 20
-5.6902
 30
0.0
 10
-21.0018
 20
-5.6902
 30
0.0
 10
-21.11
 20
-5.7363
 30
0.0
 10
-21.2464
 20
-5.7796
 30
0.0
 10
-21.4101
 20
-5.82
 30
0.0
 10
-21.4101
 20
-5.82
 30
0.0
 10
-21.5747
 20
-5.8605
 30
0.0
 10
-21.7525
 20
-5.8924
 30
0.0
 10
-21.9444
 20
-5.915
 30
0.0
 10
-21.9444
 20
-5.915
 30
0.0
 10
-22.1363
 20
-5.9385
 30
0.0
 10
-22.3197
 20
-5.9498
 30
0.0
 10
-22.4938
 20
-5.9498
 30
0.0
 10
-22.4938
 20
-5.9498
 30
0.0
 10
-22.8155
 20
-5.9498
 30
0.0
 10
-23.0742
 20
-5.9197
 30
0.0
 10
-23.2699
 20
-5.8586
 30
0.0
 10
-23.2699
 20
-5.8586
 30
0.0
 10
-23.4656
 20
-5.7984
 30
0.0
 10
-23.5634
 20
-5.7062
 30
0.0
 10
-23.5634
 20
-5.5829
 30
0.0
 10
-23.5634
 20
-5.5829
 30
0.0
 10
-23.5634
 20
-5.5284
 30
0.0
 10
-23.5305
 20
-5.4428
 30
0.0
 10
-23.4637
 20
-5.3261
 30
0.0
 10
-23.4637
 20
-5.3261
 30
0.0
 10
-23.3978
 20
-5.2095
 30
0.0
 10
-23.3197
 20
-5.1305
 30
0.0
 10
-23.2294
 20
-5.09
 30
0.0
 10
-23.2294
 20
-5.09
 30
0.0
 10
-23.1504
 20
-5.059
 30
0.0
 10
-23.0742
 20
-5.0411
 30
0.0
 10
-23.0008
 20
-5.0364
 30
0.0
 10
-23.0008
 20
-5.0364
 30
0.0
 10
-22.9275
 20
-5.0317
 30
0.0
 10
-22.8908
 20
-5.0401
 30
0.0
 10
-22.8908
 20
-5.0627
 30
0.0
 10
-22.8908
 20
-5.0627
 30
0.0
 10
-22.8908
 20
-5.0684
 30
0.0
 10
-22.8936
 20
-5.074
 30
0.0
 10
-22.8992
 20
-5.0797
 30
0.0
 10
-22.8992
 20
-5.0797
 30
0.0
 10
-22.9049
 20
-5.0844
 30
0.0
 10
-22.9105
 20
-5.0891
 30
0.0
 10
-22.9181
 20
-5.0928
 30
0.0
 10
-22.9181
 20
-5.0928
 30
0.0
 10
-22.9256
 20
-5.0966
 30
0.0
 10
-22.9331
 20
-5.1003
 30
0.0
 10
-22.9406
 20
-5.1041
 30
0.0
 10
-22.9406
 20
-5.1041
 30
0.0
 10
-22.9773
 20
-5.1192
 30
0.0
 10
-23.0065
 20
-5.1305
 30
0.0
 10
-23.03
 20
-5.1389
 30
0.0
 10
-23.03
 20
-5.1389
 30
0.0
 10
-23.0526
 20
-5.1464
 30
0.0
 10
-23.0714
 20
-5.1549
 30
0.0
 10
-23.0846
 20
-5.1634
 30
0.0
 10
-23.0846
 20
-5.1634
 30
0.0
 10
-23.0987
 20
-5.1718
 30
0.0
 10
-23.1053
 20
-5.1831
 30
0.0
 10
-23.1053
 20
-5.1972
 30
0.0
 10
-23.1053
 20
-5.1972
 30
0.0
 10
-23.1053
 20
-5.2358
 30
0.0
 10
-22.9152
 20
-5.2556
 30
0.0
 10
-22.5352
 20
-5.2556
 30
0.0
 10
-22.5352
 20
-5.2556
 30
0.0
 10
-22.205
 20
-5.2556
 30
0.0
 10
-21.934
 20
-5.2433
 30
0.0
 10
-21.7233
 20
-5.2198
 30
0.0
 10
-21.7233
 20
-5.2198
 30
0.0
 10
-21.5117
 20
-5.1963
 30
0.0
 10
-21.3254
 20
-5.153
 30
0.0
 10
-21.1636
 20
-5.09
 30
0.0
 10
-21.1636
 20
-5.09
 30
0.0
 10
-21.0027
 20
-5.0279
 30
0.0
 10
-20.855
 20
-4.9414
 30
0.0
 10
-20.7233
 20
-4.8313
 30
0.0
  0
SPLINE
  5
8A
330
1F
100
AcDbEntity
  8
layer 1
 62
   142
370
     9
100
AcDbSpline
210
0.0
220
0.0
230
1.0
 70
    11
 71
     3
 72
   164
 73
   160
 74
     0
 42
0.000000001
 43
0.0000000001
 40
0.0
 40
0.0
 40
0.0
 40
0.0
 40
0.024390243902439
 40
0.024390243902439
 40
0.024390243902439
 40
0.024390243902439
 40
0.0487804878048781
 40
0.0487804878048781
 40
0.0487804878048781
 40
0.0487804878048781
 40
0.0731707317073171
 40
0.0731707317073171
 40
0.0731707317073171
 40
0.0731707317073171
 40
0.0975609756097561
 40
0.0975609756097561
 40
0.0975609756097561
 40
0.0975609756097561
 40
0.1219512195121951
 40
0.1219512195121951
 40
0.1219512195121951
 40
0.1219512195121951
 40
0.1463414634146341
 40
0.1463414634146341
 40
0.1463414634146341
 40
0.1463414634146341
 40
0.1707317073170732
 40
0.1707317073170732
 40
0.1707317073170732
 40
0.1707317073170732
 40
0.1951219512195122
 40
0.1951219512195122
 40
0.1951219512195122
 40
0.1951219512195122
 40
0.2195121951219512
 40
0.2195121951219512
 40
0.2195121951219512
 40
0.2195121951219512
 40
0.2439024390243902
 40
0.2439024390243902
 40
0.2439024390243902
 40
0.2439024390243902
 40
0.2682926829268293
 40
0.2682926829268293
 40
0.2682926829268293
 40
0.2682926829268293
 40
0.2926829268292683
 40
0.2926829268292683
 40
0.2926829268292683
 40
0.2926829268292683
 40
0.3170731707317073
 40
0.3170731707317073
 40
0.3170731707317073
 40
0.3170731707317073
 40
0.3414634146341464
 40
0.3414634146341464
 40
0.3414634146341464
 40
0.3414634146341464
 40
0.3658536585365854
 40
0.3658536585365854
 40
0.3658536585365854
 40
0.3658536585365854
 40
0.3902439024390244
 40
0.3902439024390244
 40
0.3902439024390244
 40
0.3902439024390244
 40
0.4146341463414634
 40
0.4146341463414634
 40
0.4146341463414634
 40
0.4146341463414634
 40
0.4390243902439024
 40
0.4390243902439024
 40
0.4390243902439024
 40
0.4390243902439024
 40
0.4634146341463415
 40
0.4634146341463415
 40
0.4634146341463415
 40
0.4634146341463415
 40
0.4878048780487805
 40
0.4878048780487805
 40
0.4878048780487805
 40
0.4878048780487805
 40
0.5121951219512195
 40
0.5121951219512195
 40
0.5121951219512195
 40
0.5121951219512195
 40
0.5365853658536586
 40
0.5365853658536586
 40
0.5365853658536586
 40
0.5365853658536586
 40
0.5609756097560976
 40
0.5609756097560976
 40
0.5609756097560976
 40
0.5609756097560976
 40
0.5853658536585366
 40
0.5853658536585366
 40
0.5853658536585366
 40
0.5853658536585366
 40
0.6097560975609756
 40
0.6097560975609756
 40
0.6097560975609756
 40
0.6097560975609756
 40
0.6341463414634146
 40
0.6341463414634146
 40
0.6341463414634146
 40
0.6341463414634146
 40
0.6585365853658537
 40
0.6585365853658537
 40
0.6585365853658537
 40
0.6585365853658537
 40
0.6829268292682927
 40
0.6829268292682927
 40
0.6829268292682927
 40
0.6829268292682927
 40
0.7073170731707317
 40
0.7073170731707317
 40
0.7073170731707317
 40
0.7073170731707317
 40
0.7317073170731707
 40
0.7317073170731707
 40
0.7317073170731707
 40
0.7317073170731707
 40
0.7560975609756098
 40
0.7560975609756098
 40
0.7560975609756098
 40
0.7560975609756098
 40
0.7804878048780488
 40
0.7804878048780488
 40
0.7804878048780488
 40
0.7804878048780488
 40
0.8048780487804879
 40
0.8048780487804879
 40
0.8048780487804879
 40
0.8048780487804879
 40
0.8292682926829268
 40
0.8292682926829268
 40
0.8292682926829268
 40
0.8292682926829268
 40
0.8536585365853658
 40
0.8536585365853658
 40
0.8536585365853658
 40
0.8536585365853658
 40
0.8780487804878049
 40
0.8780487804878049
 40
0.8780487804878049
 40
0.8780487804878049
 40
0.9024390243902439
 40
0.9024390243902439
 40
0.9024390243902439
 40
0.9024390243902439
 40
0.926829268292683
 40
0.926829268292683
 40
0.926829268292683
 40
0.926829268292683
 40
0.9512195121951219
 40
0.9512195121951219
 40
0.9512195121951219
 40
0.9512195121951219
 40
1.0
 40
1.0
 40
1.0
 40
1.0
 10
-18.9613
 20
-3.3308
 30
0.0
 10
-18.9613
 20
-3.3308
 30
0.0
 10
-18.8428
 20
-3.3308
 30
0.0
 10
-18.8428
 20
-3.3308
 30
0.0
 10
-18.8428
 20
-3.3308
 30
0.0
 10
-18.7449
 20
-3.1559
 30
0.0
 10
-18.6575
 20
-3.0326
 30
0.0
 10
-18.5784
 20
-2.9602
 30
0.0
 10
-18.5784
 20
-2.9602
 30
0.0
 10
-18.4994
 20
-2.8877
 30
0.0
 10
-18.4091
 20
-2.8511
 30
0.0
 10
-18.3084
 20
-2.8511
 30
0.0
 10
-18.3084
 20
-2.8511
 30
0.0
 10
-18.2068
 20
-2.8511
 30
0.0
 10
-18.156
 20
-2.8746
 30
0.0
 10
-18.156
 20
-2.9197
 30
0.0
 10
-18.156
 20
-2.9197
 30
0.0
 10
-18.156
 20
-2.9423
 30
0.0
 10
-18.1956
 20
-3.0016
 30
0.0
 10
-18.2746
 20
-3.0994
 30
0.0
 10
-18.2746
 20
-3.0994
 30
0.0
 10
-18.3536
 20
-3.1963
 30
0.0
 10
-18.4138
 20
-3.2781
 30
0.0
 10
-18.4543
 20
-3.3449
 30
0.0
 10
-18.4543
 20
-3.3449
 30
0.0
 10
-18.3922
 20
-3.3515
 30
0.0
 10
-18.3357
 20
-3.3581
 30
0.0
 10
-18.2877
 20
-3.3638
 30
0.0
 10
-18.2877
 20
-3.3638
 30
0.0
 10
-18.2388
 20
-3.3694
 30
0.0
 10
-18.2003
 20
-3.3741
 30
0.0
 10
-18.173
 20
-3.3779
 30
0.0
 10
-18.173
 20
-3.3779
 30
0.0
 10
-18.2774
 20
-3.5717
 30
0.0
 10
-18.4091
 20
-3.7702
 30
0.0
 10
-18.5671
 20
-3.9734
 30
0.0
 10
-18.5671
 20
-3.9734
 30
0.0
 10
-18.6189
 20
-3.9696
 30
0.0
 10
-18.6622
 20
-3.9668
 30
0.0
 10
-18.697
 20
-3.9639
 30
0.0
 10
-18.697
 20
-3.9639
 30
0.0
 10
-18.7318
 20
-3.9611
 30
0.0
 10
-18.7666
 20
-3.9583
 30
0.0
 10
-18.8033
 20
-3.9555
 30
0.0
 10
-18.8033
 20
-3.9555
 30
0.0
 10
-18.839
 20
-3.9527
 30
0.0
 10
-18.8823
 20
-3.9498
 30
0.0
 10
-18.934
 20
-3.9461
 30
0.0
 10
-18.934
 20
-3.9461
 30
0.0
 10
-19.0328
 20
-4.106
 30
0.0
 10
-19.1165
 20
-4.249
 30
0.0
 10
-19.1833
 20
-4.375
 30
0.0
 10
-19.1833
 20
-4.375
 30
0.0
 10
-19.2501
 20
-4.5011
 30
0.0
 10
-19.3019
 20
-4.6168
 30
0.0
 10
-19.3376
 20
-4.7222
 30
0.0
 10
-19.3376
 20
-4.7222
 30
0.0
 10
-19.3734
 20
-4.8266
 30
0.0
 10
-19.3912
 20
-4.9263
 30
0.0
 10
-19.3912
 20
-5.0194
 30
0.0
 10
-19.3912
 20
-5.0194
 30
0.0
 10
-19.3912
 20
-5.1464
 30
0.0
 10
-19.3404
 20
-5.2104
 30
0.0
 10
-19.2398
 20
-5.2104
 30
0.0
 10
-19.2398
 20
-5.2104
 30
0.0
 10
-19.1702
 20
-5.2104
 30
0.0
 10
-19.078
 20
-5.1728
 30
0.0
 10
-18.9651
 20
-5.0985
 30
0.0
 10
-18.9651
 20
-5.0985
 30
0.0
 10
-18.8522
 20
-5.0241
 30
0.0
 10
-18.7017
 20
-4.9103
 30
0.0
 10
-18.5116
 20
-4.756
 30
0.0
 10
-18.5116
 20
-4.756
 30
0.0
 10
-18.5116
 20
-4.756
 30
0.0
 10
-18.5116
 20
-4.9395
 30
0.0
 10
-18.5116
 20
-4.9395
 30
0.0
 10
-18.5116
 20
-4.9395
 30
0.0
 10
-19.0083
 20
-5.4776
 30
0.0
 10
-19.3752
 20
-5.7466
 30
0.0
 10
-19.6123
 20
-5.7466
 30
0.0
 10
-19.6123
 20
-5.7466
 30
0.0
 10
-19.6951
 20
-5.7466
 30
0.0
 10
-19.7619
 20
-5.7146
 30
0.0
 10
-19.8117
 20
-5.6507
 30
0.0
 10
-19.8117
 20
-5.6507
 30
0.0
 10
-19.8625
 20
-5.5858
 30
0.0
 10
-19.8879
 20
-5.503
 30
0.0
 10
-19.8879
 20
-5.4023
 30
0.0
 10
-19.8879
 20
-5.4023
 30
0.0
 10
-19.8879
 20
-5.3346
 30
0.0
 10
-19.8738
 20
-5.2537
 30
0.0
 10
-19.8456
 20
-5.1606
 30
0.0
 10
-19.8456
 20
-5.1606
 30
0.0
 10
-19.8164
 20
-5.0665
 30
0.0
 10
-19.7656
 20
-4.9254
 30
0.0
 10
-19.6923
 20
-4.7363
 30
0.0
 10
-19.6923
 20
-4.7363
 30
0.0
 10
-19.7177
 20
-4.7589
 30
0.0
 10
-19.7421
 20
-4.7796
 30
0.0
 10
-19.7647
 20
-4.8012
 30
0.0
 10
-19.7647
 20
-4.8012
 30
0.0
 10
-19.7882
 20
-4.8219
 30
0.0
 10
-19.8089
 20
-4.8416
 30
0.0
 10
-19.8287
 20
-4.8586
 30
0.0
 10
-19.8287
 20
-4.8586
 30
0.0
 10
-19.8475
 20
-4.8765
 30
0.0
 10
-19.8682
 20
-4.8943
 30
0.0
 10
-19.8908
 20
-4.9141
 30
0.0
 10
-19.8908
 20
-4.9141
 30
0.0
 10
-19.9124
 20
-4.9329
 30
0.0
 10
-19.935
 20
-4.9527
 30
0.0
 10
-19.9566
 20
-4.9733
 30
0.0
 10
-19.9566
 20
-4.9733
 30
0.0
 10
-19.9566
 20
-4.9733
 30
0.0
 10
-19.9566
 20
-4.7824
 30
0.0
 10
-19.9566
 20
-4.7824
 30
0.0
 10
-19.9566
 20
-4.7824
 30
0.0
 10
-19.7638
 20
-4.6206
 30
0.0
 10
-19.5305
 20
-4.3365
 30
0.0
 10
-19.2558
 20
-3.9291
 30
0.0
 10
-19.2558
 20
-3.9291
 30
0.0
 10
-19.284
 20
-3.9282
 30
0.0
 10
-19.3094
 20
-3.9263
 30
0.0
 10
-19.3338
 20
-3.9254
 30
0.0
 10
-19.3338
 20
-3.9254
 30
0.0
 10
-19.3574
 20
-3.9244
 30
0.0
 10
-19.3856
 20
-3.9244
 30
0.0
 10
-19.4185
 20
-3.9244
 30
0.0
 10
-19.4185
 20
-3.9244
 30
0.0
 10
-19.5276
 20
-3.9244
 30
0.0
 10
-19.6085
 20
-3.931
 30
0.0
 10
-19.6612
 20
-3.9461
 30
0.0
 10
-19.6612
 20
-3.9461
 30
0.0
 10
-19.6838
 20
-3.9517
 30
0.0
 10
-19.7045
 20
-3.9574
 30
0.0
 10
-19.7233
 20
-3.9639
 30
0.0
 10
-19.7233
 20
-3.9639
 30
0.0
 10
-19.7431
 20
-3.9705
 30
0.0
 10
-19.7562
 20
-3.9734
 30
0.0
 10
-19.7638
 20
-3.9734
 30
0.0
 10
-19.7638
 20
-3.9734
 30
0.0
 10
-19.7713
 20
-3.9734
 30
0.0
 10
-19.775
 20
-3.9677
 30
0.0
 10
-19.775
 20
-3.9574
 30
0.0
 10
-19.775
 20
-3.9574
 30
0.0
 10
-19.775
 20
-3.8972
 30
0.0
 10
-19.7374
 20
-3.8068
 30
0.0
 10
-19.6612
 20
-3.6864
 30
0.0
 10
-19.6612
 20
-3.6864
 30
0.0
 10
-19.601
 20
-3.5839
 30
0.0
 10
-19.5436
 20
-3.5077
 30
0.0
 10
-19.4891
 20
-3.4578
 30
0.0
 10
-19.4891
 20
-3.4578
 30
0.0
 10
-19.4345
 20
-3.408
 30
0.0
 10
-19.3686
 20
-3.3741
 30
0.0
 10
-19.2906
 20
-3.3572
 30
0.0
 10
-19.2906
 20
-3.3572
 30
0.0
 10
-19.2125
 20
-3.3393
 30
0.0
 10
-19.1024
 20
-3.3308
 30
0.0
 10
-18.9613
 20
-3.3308
 30
0.0
  0
SPLINE
  5
8B
330
1F
100
AcDbEntity
  8
layer 1
 62
   142
370
     9
100
AcDbSpline
210
0.0
220
0.0
230
1.0
 70
    11
 71
     3
 72
   116
 73
   112
 74
     0
 42
0.000000001
 43
0.0000000001
 40
0.0
 40
0.0
 40
0.0
 40
0.0
 40
0.0344827586206897
 40
0.0344827586206897
 40
0.0344827586206897
 40
0.0344827586206897
 40
0.0689655172413793
 40
0.0689655172413793
 40
0.0689655172413793
 40
0.0689655172413793
 40
0.103448275862069
 40
0.103448275862069
 40
0.103448275862069
 40
0.103448275862069
 40
0.1379310344827586
 40
0.1379310344827586
 40
0.1379310344827586
 40
0.1379310344827586
 40
0.1724137931034483
 40
0.1724137931034483
 40
0.1724137931034483
 40
0.1724137931034483
 40
0.2068965517241379
 40
0.2068965517241379
 40
0.2068965517241379
 40
0.2068965517241379
 40
0.2413793103448276
 40
0.2413793103448276
 40
0.2413793103448276
 40
0.2413793103448276
 40
0.2758620689655172
 40
0.2758620689655172
 40
0.2758620689655172
 40
0.2758620689655172
 40
0.3103448275862069
 40
0.3103448275862069
 40
0.3103448275862069
 40
0.3103448275862069
 40
0.3448275862068966
 40
0.3448275862068966
 40
0.3448275862068966
 40
0.3448275862068966
 40
0.3793103448275862
 40
0.3793103448275862
 40
0.3793103448275862
 40
0.3793103448275862
 40
0.4137931034482759
 40
0.4137931034482759
 40
0.4137931034482759
 40
0.4137931034482759
 40
0.4482758620689655
 40
0.4482758620689655
 40
0.4482758620689655
 40
0.4482758620689655
 40
0.4827586206896552
 40
0.4827586206896552
 40
0.4827586206896552
 40
0.4827586206896552
 40
0.5172413793103449
 40
0.5172413793103449
 40
0.5172413793103449
 40
0.5172413793103449
 40
0.5517241379310345
 40
0.5517241379310345
 40
0.5517241379310345
 40
0.5517241379310345
 40
0.5862068965517241
 40
0.5862068965517241
 40
0.5862068965517241
 40
0.5862068965517241
 40
0.6206896551724138
 40
0.6206896551724138
 40
0.6206896551724138
 40
0.6206896551724138
 40
0.6551724137931034
 40
0.6551724137931034
 40
0.6551724137931034
 40
0.6551724137931034
 40
0.6896551724137931
 40
0.6896551724137931
 40
0.6896551724137931
 40
0.6896551724137931
 40
0.7241379310344828
 40
0.7241379310344828
 40
0.7241379310344828
 40
0.7241379310344828
 40
0.7586206896551724
 40
0.7586206896551724
 40
0.7586206896551724
 40
0.7586206896551724
 40
0.7931034482758621
 40
0.7931034482758621
 40
0.7931034482758621
 40
0.7931034482758621
 40
0.8275862068965517
 40
0.8275862068965517
 40
0.8275862068965517
 40
0.8275862068965517
 40
0.8620689655172413
 40
0.8620689655172413
 40
0.8620689655172413
 40
0.8620689655172413
 40
0.896551724137931
 40
0.896551724137931
 40
0.896551724137931
 40
0.896551724137931
 40
0.9310344827586207
 40
0.9310344827586207
 40
0.9310344827586207
 40
0.9310344827586207
 40
1.0
 40
1.0
 40
1.0
 40
1.0
 10
-18.1946
 20
-4.2669
 30
0.0
 10
-17.9152
 20
-4.0129
 30
0.0
 10
-17.6443
 20
-3.8247
 30
0.0
 10
-17.3809
 20
-3.7015
 30
0.0
 10
-17.3809
 20
-3.7015
 30
0.0
 10
-17.1184
 20
-3.5782
 30
0.0
 10
-16.9152
 20
-3.5171
 30
0.0
 10
-16.7722
 20
-3.5171
 30
0.0
 10
-16.7722
 20
-3.5171
 30
0.0
 10
-16.7337
 20
-3.5171
 30
0.0
 10
-16.6979
 20
-3.5331
 30
0.0
 10
-16.664
 20
-3.5651
 30
0.0
 10
-16.664
 20
-3.5651
 30
0.0
 10
-16.6311
 20
-3.5971
 30
0.0
 10
-16.6048
 20
-3.6347
 30
0.0
 10
-16.586
 20
-3.677
 30
0.0
 10
-16.586
 20
-3.677
 30
0.0
 10
-16.5662
 20
-3.7194
 30
0.0
 10
-16.5568
 20
-3.7504
 30
0.0
 10
-16.5568
 20
-3.7711
 30
0.0
 10
-16.5568
 20
-3.7711
 30
0.0
 10
-16.5568
 20
-3.804
 30
0.0
 10
-16.57
 20
-3.8285
 30
0.0
 10
-16.5954
 20
-3.8435
 30
0.0
 10
-16.5954
 20
-3.8435
 30
0.0
 10
-16.6208
 20
-3.8595
 30
0.0
 10
-16.6659
 20
-3.8783
 30
0.0
 10
-16.7308
 20
-3.9
 30
0.0
 10
-16.7308
 20
-3.9
 30
0.0
 10
-16.7177
 20
-3.9301
 30
0.0
 10
-16.7007
 20
-3.9677
 30
0.0
 10
-16.681
 20
-4.0138
 30
0.0
 10
-16.681
 20
-4.0138
 30
0.0
 10
-16.6603
 20
-4.059
 30
0.0
 10
-16.6452
 20
-4.0966
 30
0.0
 10
-16.6339
 20
-4.1248
 30
0.0
 10
-16.6339
 20
-4.1248
 30
0.0
 10
-16.6226
 20
-4.154
 30
0.0
 10
-16.6179
 20
-4.1784
 30
0.0
 10
-16.6179
 20
-4.201
 30
0.0
 10
-16.6179
 20
-4.201
 30
0.0
 10
-16.6179
 20
-4.2452
 30
0.0
 10
-16.6622
 20
-4.3271
 30
0.0
 10
-16.7515
 20
-4.4475
 30
0.0
 10
-16.7515
 20
-4.4475
 30
0.0
 10
-16.84
 20
-4.5679
 30
0.0
 10
-16.903
 20
-4.6563
 30
0.0
 10
-16.9387
 20
-4.7137
 30
0.0
 10
-16.9387
 20
-4.7137
 30
0.0
 10
-16.9745
 20
-4.7711
 30
0.0
 10
-16.9924
 20
-4.8407
 30
0.0
 10
-16.9924
 20
-4.9235
 30
0.0
 10
-16.9924
 20
-4.9235
 30
0.0
 10
-16.9924
 20
-5.059
 30
0.0
 10
-16.9303
 20
-5.1276
 30
0.0
 10
-16.8052
 20
-5.1276
 30
0.0
 10
-16.8052
 20
-5.1276
 30
0.0
 10
-16.6763
 20
-5.1276
 30
0.0
 10
-16.475
 20
-5.0072
 30
0.0
 10
-16.2012
 20
-4.7664
 30
0.0
 10
-16.2012
 20
-4.7664
 30
0.0
 10
-16.2012
 20
-4.7664
 30
0.0
 10
-16.2012
 20
-4.9338
 30
0.0
 10
-16.2012
 20
-4.9338
 30
0.0
 10
-16.2012
 20
-4.9338
 30
0.0
 10
-16.6659
 20
-5.4503
 30
0.0
 10
-16.9989
 20
-5.7081
 30
0.0
 10
-17.1993
 20
-5.7081
 30
0.0
 10
-17.1993
 20
-5.7081
 30
0.0
 10
-17.2718
 20
-5.7081
 30
0.0
 10
-17.3226
 20
-5.6845
 30
0.0
 10
-17.3536
 20
-5.6375
 30
0.0
 10
-17.3536
 20
-5.6375
 30
0.0
 10
-17.3837
 20
-5.5905
 30
0.0
 10
-17.3988
 20
-5.5218
 30
0.0
 10
-17.3988
 20
-5.4296
 30
0.0
 10
-17.3988
 20
-5.4296
 30
0.0
 10
-17.3988
 20
-5.2847
 30
0.0
 10
-17.3461
 20
-5.0749
 30
0.0
 10
-17.2407
 20
-4.7993
 30
0.0
 10
-17.2407
 20
-4.7993
 30
0.0
 10
-17.5098
 20
-5.0966
 30
0.0
 10
-17.7083
 20
-5.3083
 30
0.0
 10
-17.839
 20
-5.4343
 30
0.0
 10
-17.839
 20
-5.4343
 30
0.0
 10
-17.9698
 20
-5.5594
 30
0.0
 10
-18.077
 20
-5.6225
 30
0.0
 10
-18.1617
 20
-5.6225
 30
0.0
 10
-18.1617
 20
-5.6225
 30
0.0
 10
-18.2021
 20
-5.6225
 30
0.0
 10
-18.252
 20
-5.5876
 30
0.0
 10
-18.3131
 20
-5.518
 30
0.0
 10
-18.3131
 20
-5.518
 30
0.0
 10
-18.3734
 20
-5.4475
 30
0.0
 10
-18.427
 20
-5.3572
 30
0.0
 10
-18.474
 20
-5.2462
 30
0.0
 10
-18.474
 20
-5.2462
 30
0.0
 10
-18.521
 20
-5.1352
 30
0.0
 10
-18.5446
 20
-5.0194
 30
0.0
 10
-18.5446
 20
-4.9009
 30
0.0
 10
-18.5446
 20
-4.9009
 30
0.0
 10
-18.5446
 20
-4.8144
 30
0.0
 10
-18.5361
 20
-4.7419
 30
0.0
 10
-18.5201
 20
-4.6845
 30
0.0
 10
-18.5201
 20
-4.6845
 30
0.0
 10
-18.5032
 20
-4.6262
 30
0.0
 10
-18.4712
 20
-4.567
 30
0.0
 10
-18.4232
 20
-4.5067
 30
0.0
 10
-18.4232
 20
-4.5067
 30
0.0
 10
-18.3752
 20
-4.4456
 30
0.0
 10
-18.299
 20
-4.3656
 30
0.0
 10
-18.1946
 20
-4.2669
 30
0.0
  0
SPLINE
  5
8C
330
1F
100
AcDbEntity
  8
layer 1
 62
   142
370
     9
100
AcDbSpline
210
0.0
220
0.0
230
1.0
 70
    11
 71
     3
 72
    32
 73
    28
 74
     0
 42
0.000000001
 43
0.0000000001
 40
0.0
 40
0.0
 40
0.0
 40
0.0
 40
0.125
 40
0.125
 40
0.125
 40
0.125
 40
0.25
 40
0.25
 40
0.25
 40
0.25
 40
0.375
 40
0.375
 40
0.375
 40
0.375
 40
0.5
 40
0.5
 40
0.5
 40
0.5
 40
0.625
 40
0.625
 40
0.625
 40
0.625
 40
0.75
 40
0.75
 40
0.75
 40
0.75
 40
1.0
 40
1.0
 40
1.0
 40
1.0
 10
-16.8738
 20
-3.963
 30
0.0
 10
-17.3517
 20
-4.1822
 30
0.0
 10
-17.6923
 20
-4.3675
 30
0.0
 10
-17.8955
 20
-4.5199
 30
0.0
 10
-17.8955
 20
-4.5199
 30
0.0
 10
-18.0987
 20
-4.6733
 30
0.0
 10
-18.2003
 20
-4.8304
 30
0.0
 10
-18.2003
 20
-4.9922
 30
0.0
 10
-18.2003
 20
-4.9922
 30
0.0
 10
-18.2003
 20
-5.0505
 30
0.0
 10
-18.1899
 20
-5.0994
 30
0.0
 10
-18.1702
 20
-5.137
 30
0.0
 10
-18.1702
 20
-5.137
 30
0.0
 10
-18.1495
 20
-5.1747
 30
0.0
 10
-18.1222
 20
-5.1935
 30
0.0
 10
-18.0874
 20
-5.1935
 30
0.0
 10
-18.0874
 20
-5.1935
 30
0.0
 10
-18.0667
 20
-5.1935
 30
0.0
 10
-18.0309
 20
-5.1803
 30
0.0
 10
-17.9801
 20
-5.1549
 30
0.0
 10
-17.9801
 20
-5.1549
 30
0.0
 10
-17.7873
 20
-5.0411
 30
0.0
 10
-17.6104
 20
-4.8924
 30
0.0
 10
-17.4505
 20
-4.709
 30
0.0
 10
-17.4505
 20
-4.709
 30
0.0
 10
-17.2906
 20
-4.5265
 30
0.0
 10
-17.0977
 20
-4.2772
 30
0.0
 10
-16.8738
 20
-3.963
 30
0.0
  0
SPLINE
  5
8D
330
1F
100
AcDbEntity
  8
layer 1
 62
   142
370
     9
100
AcDbSpline
210
0.0
220
0.0
230
1.0
 70
    11
 71
     3
 72
   136
 73
   132
 74
     0
 42
0.000000001
 43
0.0000000001
 40
0.0
 40
0.0
 40
0.0
 40
0.0
 40
0.0294117647058824
 40
0.0294117647058824
 40
0.0294117647058824
 40
0.0294117647058824
 40
0.0588235294117647
 40
0.0588235294117647
 40
0.0588235294117647
 40
0.0588235294117647
 40
0.0882352941176471
 40
0.0882352941176471
 40
0.0882352941176471
 40
0.0882352941176471
 40
0.1176470588235294
 40
0.1176470588235294
 40
0.1176470588235294
 40
0.1176470588235294
 40
0.1470588235294118
 40
0.1470588235294118
 40
0.1470588235294118
 40
0.1470588235294118
 40
0.1764705882352941
 40
0.1764705882352941
 40
0.1764705882352941
 40
0.1764705882352941
 40
0.2058823529411765
 40
0.2058823529411765
 40
0.2058823529411765
 40
0.2058823529411765
 40
0.2352941176470588
 40
0.2352941176470588
 40
0.2352941176470588
 40
0.2352941176470588
 40
0.2647058823529412
 40
0.2647058823529412
 40
0.2647058823529412
 40
0.2647058823529412
 40
0.2941176470588235
 40
0.2941176470588235
 40
0.2941176470588235
 40
0.2941176470588235
 40
0.3235294117647059
 40
0.3235294117647059
 40
0.3235294117647059
 40
0.3235294117647059
 40
0.3529411764705883
 40
0.3529411764705883
 40
0.3529411764705883
 40
0.3529411764705883
 40
0.3823529411764706
 40
0.3823529411764706
 40
0.3823529411764706
 40
0.3823529411764706
 40
0.4117647058823529
 40
0.4117647058823529
 40
0.4117647058823529
 40
0.4117647058823529
 40
0.4411764705882353
 40
0.4411764705882353
 40
0.4411764705882353
 40
0.4411764705882353
 40
0.4705882352941176
 40
0.4705882352941176
 40
0.4705882352941176
 40
0.4705882352941176
 40
0.5
 40
0.5
 40
0.5
 40
0.5
 40
0.5294117647058824
 40
0.5294117647058824
 40
0.5294117647058824
 40
0.5294117647058824
 40
0.5588235294117647
 40
0.5588235294117647
 40
0.5588235294117647
 40
0.5588235294117647
 40
0.5882352941176471
 40
0.5882352941176471
 40
0.5882352941176471
 40
0.5882352941176471
 40
0.6176470588235294
 40
0.6176470588235294
 40
0.6176470588235294
 40
0.6176470588235294
 40
0.6470588235294118
 40
0.6470588235294118
 40
0.6470588235294118
 40
0.6470588235294118
 40
0.6764705882352942
 40
0.6764705882352942
 40
0.6764705882352942
 40
0.6764705882352942
 40
0.7058823529411765
 40
0.7058823529411765
 40
0.7058823529411765
 40
0.7058823529411765
 40
0.7352941176470589
 40
0.7352941176470589
 40
0.7352941176470589
 40
0.7352941176470589
 40
0.7647058823529411
 40
0.7647058823529411
 40
0.7647058823529411
 40
0.7647058823529411
 40
0.7941176470588235
 40
0.7941176470588235
 40
0.7941176470588235
 40
0.7941176470588235
 40
0.8235294117647058
 40
0.8235294117647058
 40
0.8235294117647058
 40
0.8235294117647058
 40
0.8529411764705882
 40
0.8529411764705882
 40
0.8529411764705882
 40
0.8529411764705882
 40
0.8823529411764706
 40
0.8823529411764706
 40
0.8823529411764706
 40
0.8823529411764706
 40
0.9117647058823529
 40
0.9117647058823529
 40
0.9117647058823529
 40
0.9117647058823529
 40
0.9411764705882353
 40
0.9411764705882353
 40
0.9411764705882353
 40
0.9411764705882353
 40
1.0
 40
1.0
 40
1.0
 40
1.0
 10
-16.2548
 20
-4.9733
 30
0.0
 10
-16.2548
 20
-4.9733
 30
0.0
 10
-16.2548
 20
-4.7937
 30
0.0
 10
-16.2548
 20
-4.7937
 30
0.0
 10
-16.2548
 20
-4.7937
 30
0.0
 10
-16.156
 20
-4.6761
 30
0.0
 10
-16.0808
 20
-4.5764
 30
0.0
 10
-16.029
 20
-4.4936
 30
0.0
 10
-16.029
 20
-4.4936
 30
0.0
 10
-16.0883
 20
-4.4729
 30
0.0
 10
-16.1306
 20
-4.4484
 30
0.0
 10
-16.157
 20
-4.4183
 30
0.0
 10
-16.157
 20
-4.4183
 30
0.0
 10
-16.1843
 20
-4.3892
 30
0.0
 10
-16.1974
 20
-4.3449
 30
0.0
 10
-16.1974
 20
-4.2866
 30
0.0
 10
-16.1974
 20
-4.2866
 30
0.0
 10
-16.1974
 20
-4.2198
 30
0.0
 10
-16.1692
 20
-4.1361
 30
0.0
 10
-16.1146
 20
-4.0354
 30
0.0
 10
-16.1146
 20
-4.0354
 30
0.0
 10
-16.0591
 20
-3.9338
 30
0.0
 10
-15.9914
 20
-3.8388
 30
0.0
 10
-15.9105
 20
-3.7504
 30
0.0
 10
-15.9105
 20
-3.7504
 30
0.0
 10
-15.8296
 20
-3.662
 30
0.0
 10
-15.7562
 20
-3.6055
 30
0.0
 10
-15.6904
 20
-3.5792
 30
0.0
 10
-15.6904
 20
-3.5792
 30
0.0
 10
-15.664
 20
-3.567
 30
0.0
 10
-15.6396
 20
-3.5604
 30
0.0
 10
-15.6151
 20
-3.5604
 30
0.0
 10
-15.6151
 20
-3.5604
 30
0.0
 10
-15.5784
 20
-3.5604
 30
0.0
 10
-15.5596
 20
-3.5773
 30
0.0
 10
-15.5596
 20
-3.613
 30
0.0
 10
-15.5596
 20
-3.613
 30
0.0
 10
-15.5596
 20
-3.6441
 30
0.0
 10
-15.5888
 20
-3.7071
 30
0.0
 10
-15.6462
 20
-3.8031
 30
0.0
 10
-15.6462
 20
-3.8031
 30
0.0
 10
-15.267
 20
-3.7438
 30
0.0
 10
-15.0281
 20
-3.7146
 30
0.0
 10
-14.9284
 20
-3.7146
 30
0.0
 10
-14.9284
 20
-3.7146
 30
0.0
 10
-14.8898
 20
-3.7146
 30
0.0
 10
-14.8635
 20
-3.7184
 30
0.0
 10
-14.8484
 20
-3.7259
 30
0.0
 10
-14.8484
 20
-3.7259
 30
0.0
 10
-14.8174
 20
-3.7419
 30
0.0
 10
-14.792
 20
-3.7805
 30
0.0
 10
-14.7713
 20
-3.8416
 30
0.0
 10
-14.7713
 20
-3.8416
 30
0.0
 10
-14.7515
 20
-3.9028
 30
0.0
 10
-14.7412
 20
-3.963
 30
0.0
 10
-14.7412
 20
-4.0241
 30
0.0
 10
-14.7412
 20
-4.0241
 30
0.0
 10
-14.7412
 20
-4.0627
 30
0.0
 10
-14.7581
 20
-4.1041
 30
0.0
 10
-14.792
 20
-4.1493
 30
0.0
 10
-14.792
 20
-4.1493
 30
0.0
 10
-14.8258
 20
-4.1944
 30
0.0
 10
-14.8842
 20
-4.2603
 30
0.0
 10
-14.9669
 20
-4.3468
 30
0.0
 10
-14.9669
 20
-4.3468
 30
0.0
 10
-15.0648
 20
-4.4522
 30
0.0
 10
-15.1457
 20
-4.566
 30
0.0
 10
-15.2125
 20
-4.6892
 30
0.0
 10
-15.2125
 20
-4.6892
 30
0.0
 10
-15.2783
 20
-4.8125
 30
0.0
 10
-15.3113
 20
-4.9056
 30
0.0
 10
-15.3113
 20
-4.9677
 30
0.0
 10
-15.3113
 20
-4.9677
 30
0.0
 10
-15.3113
 20
-5.0543
 30
0.0
 10
-15.2576
 20
-5.0975
 30
0.0
 10
-15.1513
 20
-5.0975
 30
0.0
 10
-15.1513
 20
-5.0975
 30
0.0
 10
-15.0394
 20
-5.0975
 30
0.0
 10
-14.8446
 20
-4.9837
 30
0.0
 10
-14.5671
 20
-4.7551
 30
0.0
 10
-14.5671
 20
-4.7551
 30
0.0
 10
-14.5671
 20
-4.7551
 30
0.0
 10
-14.5671
 20
-4.9404
 30
0.0
 10
-14.5671
 20
-4.9404
 30
0.0
 10
-14.5671
 20
-4.9404
 30
0.0
 10
-14.7205
 20
-5.0994
 30
0.0
 10
-14.8465
 20
-5.2255
 30
0.0
 10
-14.9453
 20
-5.3167
 30
0.0
 10
-14.9453
 20
-5.3167
 30
0.0
 10
-15.045
 20
-5.4089
 30
0.0
 10
-15.1363
 20
-5.4813
 30
0.0
 10
-15.2209
 20
-5.5359
 30
0.0
 10
-15.2209
 20
-5.5359
 30
0.0
 10
-15.3056
 20
-5.5895
 30
0.0
 10
-15.3809
 20
-5.6168
 30
0.0
 10
-15.4477
 20
-5.6168
 30
0.0
 10
-15.4477
 20
-5.6168
 30
0.0
 10
-15.5248
 20
-5.6168
 30
0.0
 10
-15.5888
 20
-5.5811
 30
0.0
 10
-15.6405
 20
-5.5105
 30
0.0
 10
-15.6405
 20
-5.5105
 30
0.0
 10
-15.6922
 20
-5.44
 30
0.0
 10
-15.7176
 20
-5.3374
 30
0.0
 10
-15.7176
 20
-5.2038
 30
0.0
 10
-15.7176
 20
-5.2038
 30
0.0
 10
-15.7176
 20
-5.1248
 30
0.0
 10
-15.697
 20
-5.0345
 30
0.0
 10
-15.6565
 20
-4.9338
 30
0.0
 10
-15.6565
 20
-4.9338
 30
0.0
 10
-15.616
 20
-4.8322
 30
0.0
 10
-15.5568
 20
-4.7231
 30
0.0
 10
-15.4787
 20
-4.6046
 30
0.0
 10
-15.4787
 20
-4.6046
 30
0.0
 10
-15.4006
 20
-4.486
 30
0.0
 10
-15.3131
 20
-4.3675
 30
0.0
 10
-15.2153
 20
-4.2499
 30
0.0
 10
-15.2153
 20
-4.2499
 30
0.0
 10
-15.267
 20
-4.2612
 30
0.0
 10
-15.3244
 20
-4.2725
 30
0.0
 10
-15.3893
 20
-4.2847
 30
0.0
 10
-15.3893
 20
-4.2847
 30
0.0
 10
-15.4533
 20
-4.297
 30
0.0
 10
-15.521
 20
-4.3092
 30
0.0
 10
-15.5935
 20
-4.3224
 30
0.0
 10
-15.5935
 20
-4.3224
 30
0.0
 10
-15.665
 20
-4.3346
 30
0.0
 10
-15.7205
 20
-4.3449
 30
0.0
 10
-15.759
 20
-4.3525
 30
0.0
 10
-15.759
 20
-4.3525
 30
0.0
 10
-15.8729
 20
-4.5811
 30
0.0
 10
-16.0384
 20
-4.788
 30
0.0
 10
-16.2548
 20
-4.9733
 30
0.0
  0
SPLINE
  5
8E
330
1F
100
AcDbEntity
  8
layer 1
 62
   142
370
     9
100
AcDbSpline
210
0.0
220
0.0
230
1.0
 70
    11
 71
     3
 72
   164
 73
   160
 74
     0
 42
0.000000001
 43
0.0000000001
 40
0.0
 40
0.0
 40
0.0
 40
0.0
 40
0.024390243902439
 40
0.024390243902439
 40
0.024390243902439
 40
0.024390243902439
 40
0.0487804878048781
 40
0.0487804878048781
 40
0.0487804878048781
 40
0.0487804878048781
 40
0.0731707317073171
 40
0.0731707317073171
 40
0.0731707317073171
 40
0.0731707317073171
 40
0.0975609756097561
 40
0.0975609756097561
 40
0.0975609756097561
 40
0.0975609756097561
 40
0.1219512195121951
 40
0.1219512195121951
 40
0.1219512195121951
 40
0.1219512195121951
 40
0.1463414634146341
 40
0.1463414634146341
 40
0.1463414634146341
 40
0.1463414634146341
 40
0.1707317073170732
 40
0.1707317073170732
 40
0.1707317073170732
 40
0.1707317073170732
 40
0.1951219512195122
 40
0.1951219512195122
 40
0.1951219512195122
 40
0.1951219512195122
 40
0.2195121951219512
 40
0.2195121951219512
 40
0.2195121951219512
 40
0.2195121951219512
 40
0.2439024390243902
 40
0.2439024390243902
 40
0.2439024390243902
 40
0.2439024390243902
 40
0.2682926829268293
 40
0.2682926829268293
 40
0.2682926829268293
 40
0.2682926829268293
 40
0.2926829268292683
 40
0.2926829268292683
 40
0.2926829268292683
 40
0.2926829268292683
 40
0.3170731707317073
 40
0.3170731707317073
 40
0.3170731707317073
 40
0.3170731707317073
 40
0.3414634146341464
 40
0.3414634146341464
 40
0.3414634146341464
 40
0.3414634146341464
 40
0.3658536585365854
 40
0.3658536585365854
 40
0.3658536585365854
 40
0.3658536585365854
 40
0.3902439024390244
 40
0.3902439024390244
 40
0.3902439024390244
 40
0.3902439024390244
 40
0.4146341463414634
 40
0.4146341463414634
 40
0.4146341463414634
 40
0.4146341463414634
 40
0.4390243902439024
 40
0.4390243902439024
 40
0.4390243902439024
 40
0.4390243902439024
 40
0.4634146341463415
 40
0.4634146341463415
 40
0.4634146341463415
 40
0.4634146341463415
 40
0.4878048780487805
 40
0.4878048780487805
 40
0.4878048780487805
 40
0.4878048780487805
 40
0.5121951219512195
 40
0.5121951219512195
 40
0.5121951219512195
 40
0.5121951219512195
 40
0.5365853658536586
 40
0.5365853658536586
 40
0.5365853658536586
 40
0.5365853658536586
 40
0.5609756097560976
 40
0.5609756097560976
 40
0.5609756097560976
 40
0.5609756097560976
 40
0.5853658536585366
 40
0.5853658536585366
 40
0.5853658536585366
 40
0.5853658536585366
 40
0.6097560975609756
 40
0.6097560975609756
 40
0.6097560975609756
 40
0.6097560975609756
 40
0.6341463414634146
 40
0.6341463414634146
 40
0.6341463414634146
 40
0.6341463414634146
 40
0.6585365853658537
 40
0.6585365853658537
 40
0.6585365853658537
 40
0.6585365853658537
 40
0.6829268292682927
 40
0.6829268292682927
 40
0.6829268292682927
 40
0.6829268292682927
 40
0.7073170731707317
 40
0.7073170731707317
 40
0.7073170731707317
 40
0.7073170731707317
 40
0.7317073170731707
 40
0.7317073170731707
 40
0.7317073170731707
 40
0.7317073170731707
 40
0.7560975609756098
 40
0.7560975609756098
 40
0.7560975609756098
 40
0.7560975609756098
 40
0.7804878048780488
 40
0.7804878048780488
 40
0.7804878048780488
 40
0.7804878048780488
 40
0.8048780487804879
 40
0.8048780487804879
 40
0.8048780487804879
 40
0.8048780487804879
 40
0.8292682926829268
 40
0.8292682926829268
 40
0.8292682926829268
 40
0.8292682926829268
 40
0.8536585365853658
 40
0.8536585365853658
 40
0.8536585365853658
 40
0.8536585365853658
 40
0.8780487804878049
 40
0.8780487804878049
 40
0.8780487804878049
 40
0.8780487804878049
 40
0.9024390243902439
 40
0.9024390243902439
 40
0.9024390243902439
 40
0.9024390243902439
 40
0.926829268292683
 40
0.926829268292683
 40
0.926829268292683
 40
0.926829268292683
 40
0.9512195121951219
 40
0.9512195121951219
 40
0.9512195121951219
 40
0.9512195121951219
 40
1.0
 40
1.0
 40
1.0
 40
1.0
 10
-13.6113
 20
-3.3308
 30
0.0
 10
-13.6113
 20
-3.3308
 30
0.0
 10
-13.4928
 20
-3.3308
 30
0.0
 10
-13.4928
 20
-3.3308
 30
0.0
 10
-13.4928
 20
-3.3308
 30
0.0
 10
-13.3949
 20
-3.1559
 30
0.0
 10
-13.3075
 20
-3.0326
 30
0.0
 10
-13.2284
 20
-2.9602
 30
0.0
 10
-13.2284
 20
-2.9602
 30
0.0
 10
-13.1494
 20
-2.8877
 30
0.0
 10
-13.0591
 20
-2.8511
 30
0.0
 10
-12.9584
 20
-2.8511
 30
0.0
 10
-12.9584
 20
-2.8511
 30
0.0
 10
-12.8568
 20
-2.8511
 30
0.0
 10
-12.806
 20
-2.8746
 30
0.0
 10
-12.806
 20
-2.9197
 30
0.0
 10
-12.806
 20
-2.9197
 30
0.0
 10
-12.806
 20
-2.9423
 30
0.0
 10
-12.8456
 20
-3.0016
 30
0.0
 10
-12.9246
 20
-3.0994
 30
0.0
 10
-12.9246
 20
-3.0994
 30
0.0
 10
-13.0036
 20
-3.1963
 30
0.0
 10
-13.0638
 20
-3.2781
 30
0.0
 10
-13.1043
 20
-3.3449
 30
0.0
 10
-13.1043
 20
-3.3449
 30
0.0
 10
-13.0422
 20
-3.3515
 30
0.0
 10
-12.9857
 20
-3.3581
 30
0.0
 10
-12.9377
 20
-3.3638
 30
0.0
 10
-12.9377
 20
-3.3638
 30
0.0
 10
-12.8888
 20
-3.3694
 30
0.0
 10
-12.8503
 20
-3.3741
 30
0.0
 10
-12.823
 20
-3.3779
 30
0.0
 10
-12.823
 20
-3.3779
 30
0.0
 10
-12.9274
 20
-3.5717
 30
0.0
 10
-13.0591
 20
-3.7702
 30
0.0
 10
-13.2171
 20
-3.9734
 30
0.0
 10
-13.2171
 20
-3.9734
 30
0.0
 10
-13.2689
 20
-3.9696
 30
0.0
 10
-13.3122
 20
-3.9668
 30
0.0
 10
-13.347
 20
-3.9639
 30
0.0
 10
-13.347
 20
-3.9639
 30
0.0
 10
-13.3818
 20
-3.9611
 30
0.0
 10
-13.4166
 20
-3.9583
 30
0.0
 10
-13.4533
 20
-3.9555
 30
0.0
 10
-13.4533
 20
-3.9555
 30
0.0
 10
-13.489
 20
-3.9527
 30
0.0
 10
-13.5323
 20
-3.9498
 30
0.0
 10
-13.584
 20
-3.9461
 30
0.0
 10
-13.584
 20
-3.9461
 30
0.0
 10
-13.6828
 20
-4.106
 30
0.0
 10
-13.7665
 20
-4.249
 30
0.0
 10
-13.8333
 20
-4.375
 30
0.0
 10
-13.8333
 20
-4.375
 30
0.0
 10
-13.9001
 20
-4.5011
 30
0.0
 10
-13.9519
 20
-4.6168
 30
0.0
 10
-13.9876
 20
-4.7222
 30
0.0
 10
-13.9876
 20
-4.7222
 30
0.0
 10
-14.0234
 20
-4.8266
 30
0.0
 10
-14.0412
 20
-4.9263
 30
0.0
 10
-14.0412
 20
-5.0194
 30
0.0
 10
-14.0412
 20
-5.0194
 30
0.0
 10
-14.0412
 20
-5.1464
 30
0.0
 10
-13.9904
 20
-5.2104
 30
0.0
 10
-13.8898
 20
-5.2104
 30
0.0
 10
-13.8898
 20
-5.2104
 30
0.0
 10
-13.8202
 20
-5.2104
 30
0.0
 10
-13.728
 20
-5.1728
 30
0.0
 10
-13.6151
 20
-5.0985
 30
0.0
 10
-13.6151
 20
-5.0985
 30
0.0
 10
-13.5022
 20
-5.0241
 30
0.0
 10
-13.3517
 20
-4.9103
 30
0.0
 10
-13.1616
 20
-4.756
 30
0.0
 10
-13.1616
 20
-4.756
 30
0.0
 10
-13.1616
 20
-4.756
 30
0.0
 10
-13.1616
 20
-4.9395
 30
0.0
 10
-13.1616
 20
-4.9395
 30
0.0
 10
-13.1616
 20
-4.9395
 30
0.0
 10
-13.6583
 20
-5.4776
 30
0.0
 10
-14.0252
 20
-5.7466
 30
0.0
 10
-14.2623
 20
-5.7466
 30
0.0
 10
-14.2623
 20
-5.7466
 30
0.0
 10
-14.3451
 20
-5.7466
 30
0.0
 10
-14.4119
 20
-5.7146
 30
0.0
 10
-14.4617
 20
-5.6507
 30
0.0
 10
-14.4617
 20
-5.6507
 30
0.0
 10
-14.5125
 20
-5.5858
 30
0.0
 10
-14.5379
 20
-5.503
 30
0.0
 10
-14.5379
 20
-5.4023
 30
0.0
 10
-14.5379
 20
-5.4023
 30
0.0
 10
-14.5379
 20
-5.3346
 30
0.0
 10
-14.5238
 20
-5.2537
 30
0.0
 10
-14.4956
 20
-5.1606
 30
0.0
 10
-14.4956
 20
-5.1606
 30
0.0
 10
-14.4664
 20
-5.0665
 30
0.0
 10
-14.4156
 20
-4.9254
 30
0.0
 10
-14.3423
 20
-4.7363
 30
0.0
 10
-14.3423
 20
-4.7363
 30
0.0
 10
-14.3677
 20
-4.7589
 30
0.0
 10
-14.3921
 20
-4.7796
 30
0.0
 10
-14.4147
 20
-4.8012
 30
0.0
 10
-14.4147
 20
-4.8012
 30
0.0
 10
-14.4382
 20
-4.8219
 30
0.0
 10
-14.4589
 20
-4.8416
 30
0.0
 10
-14.4787
 20
-4.8586
 30
0.0
 10
-14.4787
 20
-4.8586
 30
0.0
 10
-14.4975
 20
-4.8765
 30
0.0
 10
-14.5182
 20
-4.8943
 30
0.0
 10
-14.5408
 20
-4.9141
 30
0.0
 10
-14.5408
 20
-4.9141
 30
0.0
 10
-14.5624
 20
-4.9329
 30
0.0
 10
-14.585
 20
-4.9527
 30
0.0
 10
-14.6066
 20
-4.9733
 30
0.0
 10
-14.6066
 20
-4.9733
 30
0.0
 10
-14.6066
 20
-4.9733
 30
0.0
 10
-14.6066
 20
-4.7824
 30
0.0
 10
-14.6066
 20
-4.7824
 30
0.0
 10
-14.6066
 20
-4.7824
 30
0.0
 10
-14.4138
 20
-4.6206
 30
0.0
 10
-14.1805
 20
-4.3365
 30
0.0
 10
-13.9058
 20
-3.9291
 30
0.0
 10
-13.9058
 20
-3.9291
 30
0.0
 10
-13.934
 20
-3.9282
 30
0.0
 10
-13.9594
 20
-3.9263
 30
0.0
 10
-13.9838
 20
-3.9254
 30
0.0
 10
-13.9838
 20
-3.9254
 30
0.0
 10
-14.0074
 20
-3.9244
 30
0.0
 10
-14.0356
 20
-3.9244
 30
0.0
 10
-14.0685
 20
-3.9244
 30
0.0
 10
-14.0685
 20
-3.9244
 30
0.0
 10
-14.1776
 20
-3.9244
 30
0.0
 10
-14.2585
 20
-3.931
 30
0.0
 10
-14.3112
 20
-3.9461
 30
0.0
 10
-14.3112
 20
-3.9461
 30
0.0
 10
-14.3338
 20
-3.9517
 30
0.0
 10
-14.3545
 20
-3.9574
 30
0.0
 10
-14.3733
 20
-3.9639
 30
0.0
 10
-14.3733
 20
-3.9639
 30
0.0
 10
-14.3931
 20
-3.9705
 30
0.0
 10
-14.4062
 20
-3.9734
 30
0.0
 10
-14.4138
 20
-3.9734
 30
0.0
 10
-14.4138
 20
-3.9734
 30
0.0
 10
-14.4213
 20
-3.9734
 30
0.0
 10
-14.425
 20
-3.9677
 30
0.0
 10
-14.425
 20
-3.9574
 30
0.0
 10
-14.425
 20
-3.9574
 30
0.0
 10
-14.425
 20
-3.8972
 30
0.0
 10
-14.3874
 20
-3.8068
 30
0.0
 10
-14.3112
 20
-3.6864
 30
0.0
 10
-14.3112
 20
-3.6864
 30
0.0
 10
-14.251
 20
-3.5839
 30
0.0
 10
-14.1936
 20
-3.5077
 30
0.0
 10
-14.1391
 20
-3.4578
 30
0.0
 10
-14.1391
 20
-3.4578
 30
0.0
 10
-14.0845
 20
-3.408
 30
0.0
 10
-14.0186
 20
-3.3741
 30
0.0
 10
-13.9406
 20
-3.3572
 30
0.0
 10
-13.9406
 20
-3.3572
 30
0.0
 10
-13.8625
 20
-3.3393
 30
0.0
 10
-13.7524
 20
-3.3308
 30
0.0
 10
-13.6113
 20
-3.3308
 30
0.0
  0
SPLINE
  5
8F
330
1F
100
AcDbEntity
  8
layer 1
 62
   251
370
     9
100
AcDbSpline
210
0.0
220
0.0
230
1.0
 70
    11
 71
     3
 72
    32
 73
    28
 74
     0
 42
0.000000001
 43
0.0000000001
 40
0.0
 40
0.0
 40
0.0
 40
0.0
 40
0.125
 40
0.125
 40
0.125
 40
0.125
 40
0.25
 40
0.25
 40
0.25
 40
0.25
 40
0.375
 40
0.375
 40
0.375
 40
0.375
 40
0.5
 40
0.5
 40
0.5
 40
0.5
 40
0.625
 40
0.625
 40
0.625
 40
0.625
 40
0.75
 40
0.75
 40
0.75
 40
0.75
 40
1.0
 40
1.0
 40
1.0
 40
1.0
 10
10.1861
 20
-4.7412
 30
0.0
 10
10.3485
 20
-6.2775
 30
0.0
 10
10.9176
 20
-7.5745
 30
0.0
 10
11.8124
 20
-8.71
 30
0.0
 10
11.8124
 20
-8.71
 30
0.0
 10
13.3221
 20
-10.6256
 30
0.0
 10
15.8502
 20
-11.7031
 30
0.0
 10
18.3828
 20
-11.468
 30
0.0
 10
18.3828
 20
-11.468
 30
0.0
 10
22.2408
 20
-11.11
 30
0.0
 10
25.5242
 20
-7.6451
 30
0.0
 10
25.1127
 20
-3.2819
 30
0.0
 10
25.1127
 20
-3.2819
 30
0.0
 10
24.7452
 20
0.615
 30
0.0
 10
21.2997
 20
3.8667
 30
0.0
 10
16.9226
 20
3.4666
 30
0.0
 10
16.9226
 20
3.4666
 30
0.0
 10
14.8282
 20
3.2751
 30
0.0
 10
12.7376
 20
2.078
 30
0.0
 10
11.5751
 20
0.4017
 30
0.0
 10
11.5751
 20
0.4017
 30
0.0
 10
11.1895
 20
-0.1543
 30
0.0
 10
10.8312
 20
-0.7734
 30
0.0
 10
10.601
 20
-1.4319
 30
0.0
 10
10.601
 20
-1.4319
 30
0.0
 10
10.2477
 20
-2.4429
 30
0.0
 10
10.0623
 20
-3.5702
 30
0.0
 10
10.1861
 20
-4.7412
 30
0.0
  0
ELLIPSE
  5
90
330
1F
100
AcDbEntity
  8
layer 1
 62
   142
370
    20
100
AcDbEllipse
 10
17.6478
 20
-4.0
 30
0.0
 11
7.0001
 21
0.0
 31
0.0
210
0.0
220
0.0
230
1.0
 40
0.999985714489793
 41
0.0
 42
6.283185307179586
  0
SPLINE
  5
91
330
1F
100
AcDbEntity
  8
layer 1
 62
   142
100
AcDbSpline
210
0.0
220
0.0
230
1.0
 70
    11
 71
     3
 72
   216
 73
   212
 74
     0
 42
0.000000001
 43
0.0000000001
 40
0.0
 40
0.0
 40
0.0
 40
0.0
 40
0.0185185185185185
 40
0.0185185185185185
 40
0.0185185185185185
 40
0.0185185185185185
 40
0.037037037037037
 40
0.037037037037037
 40
0.037037037037037
 40
0.037037037037037
 40
0.0555555555555556
 40
0.0555555555555556
 40
0.0555555555555556
 40
0.0555555555555556
 40
0.0740740740740741
 40
0.0740740740740741
 40
0.0740740740740741
 40
0.0740740740740741
 40
0.0925925925925926
 40
0.0925925925925926
 40
0.0925925925925926
 40
0.0925925925925926
 40
0.1111111111111111
 40
0.1111111111111111
 40
0.1111111111111111
 40
0.1111111111111111
 40
0.1296296296296296
 40
0.1296296296296296
 40
0.1296296296296296
 40
0.1296296296296296
 40
0.1481481481481481
 40
0.1481481481481481
 40
0.1481481481481481
 40
0.1481481481481481
 40
0.1666666666666667
 40
0.1666666666666667
 40
0.1666666666666667
 40
0.1666666666666667
 40
0.1851851851851852
 40
0.1851851851851852
 40
0.1851851851851852
 40
0.1851851851851852
 40
0.2037037037037037
 40
0.2037037037037037
 40
0.2037037037037037
 40
0.2037037037037037
 40
0.2222222222222222
 40
0.2222222222222222
 40
0.2222222222222222
 40
0.2222222222222222
 40
0.2407407407407407
 40
0.2407407407407407
 40
0.2407407407407407
 40
0.2407407407407407
 40
0.2592592592592592
 40
0.2592592592592592
 40
0.2592592592592592
 40
0.2592592592592592
 40
0.2777777777777778
 40
0.2777777777777778
 40
0.2777777777777778
 40
0.2777777777777778
 40
0.2962962962962963
 40
0.2962962962962963
 40
0.2962962962962963
 40
0.2962962962962963
 40
0.3148148148148148
 40
0.3148148148148148
 40
0.3148148148148148
 40
0.3148148148148148
 40
0.3333333333333333
 40
0.3333333333333333
 40
0.3333333333333333
 40
0.3333333333333333
 40
0.3518518518518519
 40
0.3518518518518519
 40
0.3518518518518519
 40
0.3518518518518519
 40
0.3703703703703703
 40
0.3703703703703703
 40
0.3703703703703703
 40
0.3703703703703703
 40
0.3888888888888889
 40
0.3888888888888889
 40
0.3888888888888889
 40
0.3888888888888889
 40
0.4074074074074074
 40
0.4074074074074074
 40
0.4074074074074074
 40
0.4074074074074074
 40
0.4259259259259259
 40
0.4259259259259259
 40
0.4259259259259259
 40
0.4259259259259259
 40
0.4444444444444444
 40
0.4444444444444444
 40
0.4444444444444444
 40
0.4444444444444444
 40
0.462962962962963
 40
0.462962962962963
 40
0.462962962962963
 40
0.462962962962963
 40
0.4814814814814815
 40
0.4814814814814815
 40
0.4814814814814815
 40
0.4814814814814815
 40
0.5
 40
0.5
 40
0.5
 40
0.5
 40
0.5185185185185185
 40
0.5185185185185185
 40
0.5185185185185185
 40
0.5185185185185185
 40
0.5370370370370371
 40
0.5370370370370371
 40
0.5370370370370371
 40
0.5370370370370371
 40
0.5555555555555556
 40
0.5555555555555556
 40
0.5555555555555556
 40
0.5555555555555556
 40
0.5740740740740741
 40
0.5740740740740741
 40
0.5740740740740741
 40
0.5740740740740741
 40
0.5925925925925926
 40
0.5925925925925926
 40
0.5925925925925926
 40
0.5925925925925926
 40
0.6111111111111112
 40
0.6111111111111112
 40
0.6111111111111112
 40
0.6111111111111112
 40
0.6296296296296297
 40
0.6296296296296297
 40
0.6296296296296297
 40
0.6296296296296297
 40
0.6481481481481481
 40
0.6481481481481481
 40
0.6481481481481481
 40
0.6481481481481481
 40
0.6666666666666666
 40
0.6666666666666666
 40
0.6666666666666666
 40
0.6666666666666666
 40
0.6851851851851852
 40
0.6851851851851852
 40
0.6851851851851852
 40
0.6851851851851852
 40
0.7037037037037037
 40
0.7037037037037037
 40
0.7037037037037037
 40
0.7037037037037037
 40
0.7222222222222222
 40
0.7222222222222222
 40
0.7222222222222222
 40
0.7222222222222222
 40
0.7407407407407407
 40
0.7407407407407407
 40
0.7407407407407407
 40
0.7407407407407407
 40
0.7592592592592593
 40
0.7592592592592593
 40
0.7592592592592593
 40
0.7592592592592593
 40
0.7777777777777778
 40
0.7777777777777778
 40
0.7777777777777778
 40
0.7777777777777778
 40
0.7962962962962963
 40
0.7962962962962963
 40
0.7962962962962963
 40
0.7962962962962963
 40
0.8148148148148148
 40
0.8148148148148148
 40
0.8148148148148148
 40
0.8148148148148148
 40
0.8333333333333334
 40
0.8333333333333334
 40
0.8333333333333334
 40
0.8333333333333334
 40
0.8518518518518519
 40
0.8518518518518519
 40
0.8518518518518519
 40
0.8518518518518519
 40
0.8703703703703703
 40
0.8703703703703703
 40
0.8703703703703703
 40
0.8703703703703703
 40
0.8888888888888888
 40
0.8888888888888888
 40
0.8888888888888888
 40
0.8888888888888888
 40
0.9074074074074074
 40
0.9074074074074074
 40
0.9074074074074074
 40
0.9074074074074074
 40
0.9259259259259259
 40
0.9259259259259259
 40
0.9259259259259259
 40
0.9259259259259259
 40
0.9444444444444444
 40
0.9444444444444444
 40
0.9444444444444444
 40
0.9444444444444444
 40
0.9629629629629629
 40
0.9629629629629629
 40
0.9629629629629629
 40
0.9629629629629629
 40
1.0
 40
1.0
 40
1.0
 40
1.0
 10
15.9261
 20
-4.3011
 30
0.0
 10
15.88
 20
-4.2164
 30
0.0
 10
15.8113
 20
-4.1402
 30
0.0
 10
15.7191
 20
-4.0725
 30
0.0
 10
15.7191
 20
-4.0725
 30
0.0
 10
15.6279
 20
-4.0048
 30
0.0
 10
15.5244
 20
-3.9502
 30
0.0
 10
15.4096
 20
-3.9088
 30
0.0
 10
15.4096
 20
-3.9088
 30
0.0
 10
15.2948
 20
-3.8674
 30
0.0
 10
15.1744
 20
-3.8364
 30
0.0
 10
15.0503
 20
-3.8166
 30
0.0
 10
15.0503
 20
-3.8166
 30
0.0
 10
14.6796
 20
-3.7611
 30
0.0
 10
14.3334
 20
-3.6416
 30
0.0
 10
14.0117
 20
-3.4554
 30
0.0
 10
14.0117
 20
-3.4554
 30
0.0
 10
13.9844
 20
-3.4413
 30
0.0
 10
13.9552
 20
-3.4102
 30
0.0
 10
13.9242
 20
-3.3622
 30
0.0
 10
13.9242
 20
-3.3622
 30
0.0
 10
13.8932
 20
-3.3143
 30
0.0
 10
13.8772
 20
-3.2682
 30
0.0
 10
13.8772
 20
-3.224
 30
0.0
 10
13.8772
 20
-3.224
 30
0.0
 10
13.8772
 20
-3.0631
 30
0.0
 10
13.9044
 20
-2.9003
 30
0.0
 10
13.9581
 20
-2.7385
 30
0.0
 10
13.9581
 20
-2.7385
 30
0.0
 10
14.0126
 20
-2.5758
 30
0.0
 10
14.0813
 20
-2.4488
 30
0.0
 10
14.166
 20
-2.3566
 30
0.0
 10
14.166
 20
-2.3566
 30
0.0
 10
14.3014
 20
-2.2042
 30
0.0
 10
14.546
 20
-2.0706
 30
0.0
 10
14.8997
 20
-1.9559
 30
0.0
 10
14.8997
 20
-1.9559
 30
0.0
 10
15.2535
 20
-1.842
 30
0.0
 10
15.6514
 20
-1.7846
 30
0.0
 10
16.0945
 20
-1.7846
 30
0.0
 10
16.0945
 20
-1.7846
 30
0.0
 10
16.3588
 20
-1.7846
 30
0.0
 10
16.563
 20
-1.8053
 30
0.0
 10
16.7078
 20
-1.8458
 30
0.0
 10
16.7078
 20
-1.8458
 30
0.0
 10
16.8518
 20
-1.8862
 30
0.0
 10
16.9242
 20
-1.9483
 30
0.0
 10
16.9242
 20
-2.033
 30
0.0
 10
16.9242
 20
-2.033
 30
0.0
 10
16.9242
 20
-2.1713
 30
0.0
 10
16.9044
 20
-2.2785
 30
0.0
 10
16.8668
 20
-2.3538
 30
0.0
 10
16.8668
 20
-2.3538
 30
0.0
 10
16.8292
 20
-2.429
 30
0.0
 10
16.7887
 20
-2.4789
 30
0.0
 10
16.7464
 20
-2.5043
 30
0.0
 10
16.7464
 20
-2.5043
 30
0.0
 10
16.7031
 20
-2.5288
 30
0.0
 10
16.6269
 20
-2.5626
 30
0.0
 10
16.5187
 20
-2.605
 30
0.0
 10
16.5187
 20
-2.605
 30
0.0
 10
16.403
 20
-2.6454
 30
0.0
 10
16.3024
 20
-2.6877
 30
0.0
 10
16.2168
 20
-2.732
 30
0.0
 10
16.2168
 20
-2.732
 30
0.0
 10
16.1312
 20
-2.7762
 30
0.0
 10
16.0587
 20
-2.8185
 30
0.0
 10
15.9976
 20
-2.859
 30
0.0
 10
15.9976
 20
-2.859
 30
0.0
 10
15.9374
 20
-2.8994
 30
0.0
 10
15.8997
 20
-2.9192
 30
0.0
 10
15.8847
 20
-2.9192
 30
0.0
 10
15.8847
 20
-2.9192
 30
0.0
 10
15.8668
 20
-2.9192
 30
0.0
 10
15.8574
 20
-2.9116
 30
0.0
 10
15.8574
 20
-2.8975
 30
0.0
 10
15.8574
 20
-2.8975
 30
0.0
 10
15.8574
 20
-2.8655
 30
0.0
 10
15.8894
 20
-2.8185
 30
0.0
 10
15.9552
 20
-2.7555
 30
0.0
 10
15.9552
 20
-2.7555
 30
0.0
 10
16.0202
 20
-2.6915
 30
0.0
 10
16.1011
 20
-2.636
 30
0.0
 10
16.1961
 20
-2.588
 30
0.0
 10
16.1961
 20
-2.588
 30
0.0
 10
16.2977
 20
-2.5353
 30
0.0
 10
16.3475
 20
-2.5015
 30
0.0
 10
16.3475
 20
-2.4864
 30
0.0
 10
16.3475
 20
-2.4864
 30
0.0
 10
16.3475
 20
-2.4629
 30
0.0
 10
16.292
 20
-2.4507
 30
0.0
 10
16.1801
 20
-2.4507
 30
0.0
 10
16.1801
 20
-2.4507
 30
0.0
 10
15.8395
 20
-2.4507
 30
0.0
 10
15.5263
 20
-2.4808
 30
0.0
 10
15.2375
 20
-2.5419
 30
0.0
 10
15.2375
 20
-2.5419
 30
0.0
 10
14.9487
 20
-2.6021
 30
0.0
 10
14.7219
 20
-2.6821
 30
0.0
 10
14.5554
 20
-2.7809
 30
0.0
 10
14.5554
 20
-2.7809
 30
0.0
 10
14.3889
 20
-2.8806
 30
0.0
 10
14.3061
 20
-2.9812
 30
0.0
 10
14.3061
 20
-3.0838
 30
0.0
 10
14.3061
 20
-3.0838
 30
0.0
 10
14.3061
 20
-3.1487
 30
0.0
 10
14.3409
 20
-3.1939
 30
0.0
 10
14.4096
 20
-3.2202
 30
0.0
 10
14.4096
 20
-3.2202
 30
0.0
 10
14.4783
 20
-3.2465
 30
0.0
 10
14.6307
 20
-3.2917
 30
0.0
 10
14.8659
 20
-3.3538
 30
0.0
 10
14.8659
 20
-3.3538
 30
0.0
 10
15.1001
 20
-3.4159
 30
0.0
 10
15.3108
 20
-3.4883
 30
0.0
 10
15.4962
 20
-3.5683
 30
0.0
 10
15.4962
 20
-3.5683
 30
0.0
 10
15.7624
 20
-3.6821
 30
0.0
 10
15.9599
 20
-3.8006
 30
0.0
 10
16.0888
 20
-3.9239
 30
0.0
 10
16.0888
 20
-3.9239
 30
0.0
 10
16.2177
 20
-4.0471
 30
0.0
 10
16.2817
 20
-4.1844
 30
0.0
 10
16.2817
 20
-4.3368
 30
0.0
 10
16.2817
 20
-4.3368
 30
0.0
 10
16.2817
 20
-4.4413
 30
0.0
 10
16.2563
 20
-4.5466
 30
0.0
 10
16.2055
 20
-4.652
 30
0.0
 10
16.2055
 20
-4.652
 30
0.0
 10
16.1556
 20
-4.7574
 30
0.0
 10
16.0813
 20
-4.8543
 30
0.0
 10
15.9844
 20
-4.9427
 30
0.0
 10
15.9844
 20
-4.9427
 30
0.0
 10
15.8866
 20
-5.0302
 30
0.0
 10
15.7746
 20
-5.1026
 30
0.0
 10
15.6476
 20
-5.16
 30
0.0
 10
15.6476
 20
-5.16
 30
0.0
 10
15.5394
 20
-5.2061
 30
0.0
 10
15.403
 20
-5.2494
 30
0.0
 10
15.2393
 20
-5.2898
 30
0.0
 10
15.2393
 20
-5.2898
 30
0.0
 10
15.0747
 20
-5.3303
 30
0.0
 10
14.8969
 20
-5.3622
 30
0.0
 10
14.705
 20
-5.3848
 30
0.0
 10
14.705
 20
-5.3848
 30
0.0
 10
14.5131
 20
-5.4083
 30
0.0
 10
14.3297
 20
-5.4196
 30
0.0
 10
14.1556
 20
-5.4196
 30
0.0
 10
14.1556
 20
-5.4196
 30
0.0
 10
13.8339
 20
-5.4196
 30
0.0
 10
13.5752
 20
-5.3895
 30
0.0
 10
13.3795
 20
-5.3284
 30
0.0
 10
13.3795
 20
-5.3284
 30
0.0
 10
13.1838
 20
-5.2682
 30
0.0
 10
13.086
 20
-5.176
 30
0.0
 10
13.086
 20
-5.0527
 30
0.0
 10
13.086
 20
-5.0527
 30
0.0
 10
13.086
 20
-4.9982
 30
0.0
 10
13.1189
 20
-4.9126
 30
0.0
 10
13.1857
 20
-4.7959
 30
0.0
 10
13.1857
 20
-4.7959
 30
0.0
 10
13.2516
 20
-4.6793
 30
0.0
 10
13.3297
 20
-4.6003
 30
0.0
 10
13.42
 20
-4.5598
 30
0.0
 10
13.42
 20
-4.5598
 30
0.0
 10
13.499
 20
-4.5288
 30
0.0
 10
13.5752
 20
-4.5109
 30
0.0
 10
13.6486
 20
-4.5062
 30
0.0
 10
13.6486
 20
-4.5062
 30
0.0
 10
13.7219
 20
-4.5015
 30
0.0
 10
13.7586
 20
-4.5099
 30
0.0
 10
13.7586
 20
-4.5325
 30
0.0
 10
13.7586
 20
-4.5325
 30
0.0
 10
13.7586
 20
-4.5382
 30
0.0
 10
13.7558
 20
-4.5438
 30
0.0
 10
13.7502
 20
-4.5495
 30
0.0
 10
13.7502
 20
-4.5495
 30
0.0
 10
13.7445
 20
-4.5542
 30
0.0
 10
13.7389
 20
-4.5589
 30
0.0
 10
13.7313
 20
-4.5626
 30
0.0
 10
13.7313
 20
-4.5626
 30
0.0
 10
13.7238
 20
-4.5664
 30
0.0
 10
13.7163
 20
-4.5701
 30
0.0
 10
13.7088
 20
-4.5739
 30
0.0
 10
13.7088
 20
-4.5739
 30
0.0
 10
13.6721
 20
-4.589
 30
0.0
 10
13.6429
 20
-4.6003
 30
0.0
 10
13.6194
 20
-4.6087
 30
0.0
 10
13.6194
 20
-4.6087
 30
0.0
 10
13.5968
 20
-4.6162
 30
0.0
 10
13.578
 20
-4.6247
 30
0.0
 10
13.5648
 20
-4.6332
 30
0.0
 10
13.5648
 20
-4.6332
 30
0.0
 10
13.5507
 20
-4.6416
 30
0.0
 10
13.5441
 20
-4.6529
 30
0.0
 10
13.5441
 20
-4.667
 30
0.0
 10
13.5441
 20
-4.667
 30
0.0
 10
13.5441
 20
-4.7056
 30
0.0
 10
13.7342
 20
-4.7254
 30
0.0
 10
14.1142
 20
-4.7254
 30
0.0
 10
14.1142
 20
-4.7254
 30
0.0
 10
14.4444
 20
-4.7254
 30
0.0
 10
14.7154
 20
-4.7131
 30
0.0
 10
14.9261
 20
-4.6896
 30
0.0
 10
14.9261
 20
-4.6896
 30
0.0
 10
15.1377
 20
-4.6661
 30
0.0
 10
15.324
 20
-4.6228
 30
0.0
 10
15.4858
 20
-4.5598
 30
0.0
 10
15.4858
 20
-4.5598
 30
0.0
 10
15.6467
 20
-4.4977
 30
0.0
 10
15.7944
 20
-4.4112
 30
0.0
 10
15.9261
 20
-4.3011
 30
0.0
  0
SPLINE
  5
92
330
1F
100
AcDbEntity
  8
layer 1
 62
   142
100
AcDbSpline
210
0.0
220
0.0
230
1.0
 70
    11
 71
     3
 72
   164
 73
   160
 74
     0
 42
0.000000001
 43
0.0000000001
 40
0.0
 40
0.0
 40
0.0
 40
0.0
 40
0.024390243902439
 40
0.024390243902439
 40
0.024390243902439
 40
0.024390243902439
 40
0.0487804878048781
 40
0.0487804878048781
 40
0.0487804878048781
 40
0.0487804878048781
 40
0.0731707317073171
 40
0.0731707317073171
 40
0.0731707317073171
 40
0.0731707317073171
 40
0.0975609756097561
 40
0.0975609756097561
 40
0.0975609756097561
 40
0.0975609756097561
 40
0.1219512195121951
 40
0.1219512195121951
 40
0.1219512195121951
 40
0.1219512195121951
 40
0.1463414634146341
 40
0.1463414634146341
 40
0.1463414634146341
 40
0.1463414634146341
 40
0.1707317073170732
 40
0.1707317073170732
 40
0.1707317073170732
 40
0.1707317073170732
 40
0.1951219512195122
 40
0.1951219512195122
 40
0.1951219512195122
 40
0.1951219512195122
 40
0.2195121951219512
 40
0.2195121951219512
 40
0.2195121951219512
 40
0.2195121951219512
 40
0.2439024390243902
 40
0.2439024390243902
 40
0.2439024390243902
 40
0.2439024390243902
 40
0.2682926829268293
 40
0.2682926829268293
 40
0.2682926829268293
 40
0.2682926829268293
 40
0.2926829268292683
 40
0.2926829268292683
 40
0.2926829268292683
 40
0.2926829268292683
 40
0.3170731707317073
 40
0.3170731707317073
 40
0.3170731707317073
 40
0.3170731707317073
 40
0.3414634146341464
 40
0.3414634146341464
 40
0.3414634146341464
 40
0.3414634146341464
 40
0.3658536585365854
 40
0.3658536585365854
 40
0.3658536585365854
 40
0.3658536585365854
 40
0.3902439024390244
 40
0.3902439024390244
 40
0.3902439024390244
 40
0.3902439024390244
 40
0.4146341463414634
 40
0.4146341463414634
 40
0.4146341463414634
 40
0.4146341463414634
 40
0.4390243902439024
 40
0.4390243902439024
 40
0.4390243902439024
 40
0.4390243902439024
 40
0.4634146341463415
 40
0.4634146341463415
 40
0.4634146341463415
 40
0.4634146341463415
 40
0.4878048780487805
 40
0.4878048780487805
 40
0.4878048780487805
 40
0.4878048780487805
 40
0.5121951219512195
 40
0.5121951219512195
 40
0.5121951219512195
 40
0.5121951219512195
 40
0.5365853658536586
 40
0.5365853658536586
 40
0.5365853658536586
 40
0.5365853658536586
 40
0.5609756097560976
 40
0.5609756097560976
 40
0.5609756097560976
 40
0.5609756097560976
 40
0.5853658536585366
 40
0.5853658536585366
 40
0.5853658536585366
 40
0.5853658536585366
 40
0.6097560975609756
 40
0.6097560975609756
 40
0.6097560975609756
 40
0.6097560975609756
 40
0.6341463414634146
 40
0.6341463414634146
 40
0.6341463414634146
 40
0.6341463414634146
 40
0.6585365853658537
 40
0.6585365853658537
 40
0.6585365853658537
 40
0.6585365853658537
 40
0.6829268292682927
 40
0.6829268292682927
 40
0.6829268292682927
 40
0.6829268292682927
 40
0.7073170731707317
 40
0.7073170731707317
 40
0.7073170731707317
 40
0.7073170731707317
 40
0.7317073170731707
 40
0.7317073170731707
 40
0.7317073170731707
 40
0.7317073170731707
 40
0.7560975609756098
 40
0.7560975609756098
 40
0.7560975609756098
 40
0.7560975609756098
 40
0.7804878048780488
 40
0.7804878048780488
 40
0.7804878048780488
 40
0.7804878048780488
 40
0.8048780487804879
 40
0.8048780487804879
 40
0.8048780487804879
 40
0.8048780487804879
 40
0.8292682926829268
 40
0.8292682926829268
 40
0.8292682926829268
 40
0.8292682926829268
 40
0.8536585365853658
 40
0.8536585365853658
 40
0.8536585365853658
 40
0.8536585365853658
 40
0.8780487804878049
 40
0.8780487804878049
 40
0.8780487804878049
 40
0.8780487804878049
 40
0.9024390243902439
 40
0.9024390243902439
 40
0.9024390243902439
 40
0.9024390243902439
 40
0.926829268292683
 40
0.926829268292683
 40
0.926829268292683
 40
0.926829268292683
 40
0.9512195121951219
 40
0.9512195121951219
 40
0.9512195121951219
 40
0.9512195121951219
 40
1.0
 40
1.0
 40
1.0
 40
1.0
 10
17.6881
 20
-2.8006
 30
0.0
 10
17.6881
 20
-2.8006
 30
0.0
 10
17.8066
 20
-2.8006
 30
0.0
 10
17.8066
 20
-2.8006
 30
0.0
 10
17.8066
 20
-2.8006
 30
0.0
 10
17.9045
 20
-2.6257
 30
0.0
 10
17.9919
 20
-2.5024
 30
0.0
 10
18.071
 20
-2.43
 30
0.0
 10
18.071
 20
-2.43
 30
0.0
 10
18.15
 20
-2.3575
 30
0.0
 10
18.2403
 20
-2.3209
 30
0.0
 10
18.341
 20
-2.3209
 30
0.0
 10
18.341
 20
-2.3209
 30
0.0
 10
18.4426
 20
-2.3209
 30
0.0
 10
18.4934
 20
-2.3444
 30
0.0
 10
18.4934
 20
-2.3895
 30
0.0
 10
18.4934
 20
-2.3895
 30
0.0
 10
18.4934
 20
-2.4121
 30
0.0
 10
18.4538
 20
-2.4714
 30
0.0
 10
18.3748
 20
-2.5692
 30
0.0
 10
18.3748
 20
-2.5692
 30
0.0
 10
18.2958
 20
-2.6661
 30
0.0
 10
18.2356
 20
-2.7479
 30
0.0
 10
18.1951
 20
-2.8147
 30
0.0
 10
18.1951
 20
-2.8147
 30
0.0
 10
18.2572
 20
-2.8213
 30
0.0
 10
18.3137
 20
-2.8279
 30
0.0
 10
18.3617
 20
-2.8336
 30
0.0
 10
18.3617
 20
-2.8336
 30
0.0
 10
18.4106
 20
-2.8392
 30
0.0
 10
18.4491
 20
-2.8439
 30
0.0
 10
18.4764
 20
-2.8477
 30
0.0
 10
18.4764
 20
-2.8477
 30
0.0
 10
18.372
 20
-3.0415
 30
0.0
 10
18.2403
 20
-3.24
 30
0.0
 10
18.0823
 20
-3.4432
 30
0.0
 10
18.0823
 20
-3.4432
 30
0.0
 10
18.0305
 20
-3.4394
 30
0.0
 10
17.9872
 20
-3.4366
 30
0.0
 10
17.9524
 20
-3.4337
 30
0.0
 10
17.9524
 20
-3.4337
 30
0.0
 10
17.9176
 20
-3.4309
 30
0.0
 10
17.8828
 20
-3.4281
 30
0.0
 10
17.8461
 20
-3.4253
 30
0.0
 10
17.8461
 20
-3.4253
 30
0.0
 10
17.8104
 20
-3.4225
 30
0.0
 10
17.7671
 20
-3.4196
 30
0.0
 10
17.7154
 20
-3.4159
 30
0.0
 10
17.7154
 20
-3.4159
 30
0.0
 10
17.6166
 20
-3.5758
 30
0.0
 10
17.5329
 20
-3.7188
 30
0.0
 10
17.4661
 20
-3.8448
 30
0.0
 10
17.4661
 20
-3.8448
 30
0.0
 10
17.3993
 20
-3.9709
 30
0.0
 10
17.3475
 20
-4.0866
 30
0.0
 10
17.3118
 20
-4.192
 30
0.0
 10
17.3118
 20
-4.192
 30
0.0
 10
17.276
 20
-4.2964
 30
0.0
 10
17.2582
 20
-4.3961
 30
0.0
 10
17.2582
 20
-4.4892
 30
0.0
 10
17.2582
 20
-4.4892
 30
0.0
 10
17.2582
 20
-4.6162
 30
0.0
 10
17.309
 20
-4.6802
 30
0.0
 10
17.4096
 20
-4.6802
 30
0.0
 10
17.4096
 20
-4.6802
 30
0.0
 10
17.4792
 20
-4.6802
 30
0.0
 10
17.5714
 20
-4.6426
 30
0.0
 10
17.6843
 20
-4.5683
 30
0.0
 10
17.6843
 20
-4.5683
 30
0.0
 10
17.7972
 20
-4.4939
 30
0.0
 10
17.9477
 20
-4.3801
 30
0.0
 10
18.1378
 20
-4.2258
 30
0.0
 10
18.1378
 20
-4.2258
 30
0.0
 10
18.1378
 20
-4.2258
 30
0.0
 10
18.1378
 20
-4.4093
 30
0.0
 10
18.1378
 20
-4.4093
 30
0.0
 10
18.1378
 20
-4.4093
 30
0.0
 10
17.6411
 20
-4.9474
 30
0.0
 10
17.2742
 20
-5.2164
 30
0.0
 10
17.0371
 20
-5.2164
 30
0.0
 10
17.0371
 20
-5.2164
 30
0.0
 10
16.9543
 20
-5.2164
 30
0.0
 10
16.8875
 20
-5.1844
 30
0.0
 10
16.8377
 20
-5.1205
 30
0.0
 10
16.8377
 20
-5.1205
 30
0.0
 10
16.7869
 20
-5.0556
 30
0.0
 10
16.7615
 20
-4.9728
 30
0.0
 10
16.7615
 20
-4.8721
 30
0.0
 10
16.7615
 20
-4.8721
 30
0.0
 10
16.7615
 20
-4.8044
 30
0.0
 10
16.7756
 20
-4.7235
 30
0.0
 10
16.8038
 20
-4.6304
 30
0.0
 10
16.8038
 20
-4.6304
 30
0.0
 10
16.833
 20
-4.5363
 30
0.0
 10
16.8838
 20
-4.3952
 30
0.0
 10
16.9571
 20
-4.2061
 30
0.0
 10
16.9571
 20
-4.2061
 30
0.0
 10
16.9317
 20
-4.2287
 30
0.0
 10
16.9073
 20
-4.2494
 30
0.0
 10
16.8847
 20
-4.271
 30
0.0
 10
16.8847
 20
-4.271
 30
0.0
 10
16.8612
 20
-4.2917
 30
0.0
 10
16.8405
 20
-4.3114
 30
0.0
 10
16.8207
 20
-4.3284
 30
0.0
 10
16.8207
 20
-4.3284
 30
0.0
 10
16.8019
 20
-4.3463
 30
0.0
 10
16.7812
 20
-4.3641
 30
0.0
 10
16.7586
 20
-4.3839
 30
0.0
 10
16.7586
 20
-4.3839
 30
0.0
 10
16.737
 20
-4.4027
 30
0.0
 10
16.7144
 20
-4.4225
 30
0.0
 10
16.6928
 20
-4.4431
 30
0.0
 10
16.6928
 20
-4.4431
 30
0.0
 10
16.6928
 20
-4.4431
 30
0.0
 10
16.6928
 20
-4.2522
 30
0.0
 10
16.6928
 20
-4.2522
 30
0.0
 10
16.6928
 20
-4.2522
 30
0.0
 10
16.8856
 20
-4.0904
 30
0.0
 10
17.1189
 20
-3.8063
 30
0.0
 10
17.3936
 20
-3.3989
 30
0.0
 10
17.3936
 20
-3.3989
 30
0.0
 10
17.3654
 20
-3.398
 30
0.0
 10
17.34
 20
-3.3961
 30
0.0
 10
17.3156
 20
-3.3952
 30
0.0
 10
17.3156
 20
-3.3952
 30
0.0
 10
17.292
 20
-3.3942
 30
0.0
 10
17.2638
 20
-3.3942
 30
0.0
 10
17.2309
 20
-3.3942
 30
0.0
 10
17.2309
 20
-3.3942
 30
0.0
 10
17.1218
 20
-3.3942
 30
0.0
 10
17.0409
 20
-3.4008
 30
0.0
 10
16.9882
 20
-3.4159
 30
0.0
 10
16.9882
 20
-3.4159
 30
0.0
 10
16.9656
 20
-3.4215
 30
0.0
 10
16.9449
 20
-3.4272
 30
0.0
 10
16.9261
 20
-3.4337
 30
0.0
 10
16.9261
 20
-3.4337
 30
0.0
 10
16.9063
 20
-3.4403
 30
0.0
 10
16.8932
 20
-3.4432
 30
0.0
 10
16.8856
 20
-3.4432
 30
0.0
 10
16.8856
 20
-3.4432
 30
0.0
 10
16.8781
 20
-3.4432
 30
0.0
 10
16.8744
 20
-3.4375
 30
0.0
 10
16.8744
 20
-3.4272
 30
0.0
 10
16.8744
 20
-3.4272
 30
0.0
 10
16.8744
 20
-3.367
 30
0.0
 10
16.912
 20
-3.2766
 30
0.0
 10
16.9882
 20
-3.1562
 30
0.0
 10
16.9882
 20
-3.1562
 30
0.0
 10
17.0484
 20
-3.0537
 30
0.0
 10
17.1058
 20
-2.9775
 30
0.0
 10
17.1603
 20
-2.9276
 30
0.0
 10
17.1603
 20
-2.9276
 30
0.0
 10
17.2149
 20
-2.8778
 30
0.0
 10
17.2808
 20
-2.8439
 30
0.0
 10
17.3588
 20
-2.827
 30
0.0
 10
17.3588
 20
-2.827
 30
0.0
 10
17.4369
 20
-2.8091
 30
0.0
 10
17.547
 20
-2.8006
 30
0.0
 10
17.6881
 20
-2.8006
 30
0.0
  0
SPLINE
  5
93
330
1F
100
AcDbEntity
  8
layer 1
 62
   142
100
AcDbSpline
210
0.0
220
0.0
230
1.0
 70
    11
 71
     3
 72
    96
 73
    92
 74
     0
 42
0.000000001
 43
0.0000000001
 40
0.0
 40
0.0
 40
0.0
 40
0.0
 40
0.0416666666666667
 40
0.0416666666666667
 40
0.0416666666666667
 40
0.0416666666666667
 40
0.0833333333333333
 40
0.0833333333333333
 40
0.0833333333333333
 40
0.0833333333333333
 40
0.125
 40
0.125
 40
0.125
 40
0.125
 40
0.1666666666666667
 40
0.1666666666666667
 40
0.1666666666666667
 40
0.1666666666666667
 40
0.2083333333333333
 40
0.2083333333333333
 40
0.2083333333333333
 40
0.2083333333333333
 40
0.25
 40
0.25
 40
0.25
 40
0.25
 40
0.2916666666666667
 40
0.2916666666666667
 40
0.2916666666666667
 40
0.2916666666666667
 40
0.3333333333333333
 40
0.3333333333333333
 40
0.3333333333333333
 40
0.3333333333333333
 40
0.375
 40
0.375
 40
0.375
 40
0.375
 40
0.4166666666666667
 40
0.4166666666666667
 40
0.4166666666666667
 40
0.4166666666666667
 40
0.4583333333333333
 40
0.4583333333333333
 40
0.4583333333333333
 40
0.4583333333333333
 40
0.5
 40
0.5
 40
0.5
 40
0.5
 40
0.5416666666666666
 40
0.5416666666666666
 40
0.5416666666666666
 40
0.5416666666666666
 40
0.5833333333333334
 40
0.5833333333333334
 40
0.5833333333333334
 40
0.5833333333333334
 40
0.625
 40
0.625
 40
0.625
 40
0.625
 40
0.6666666666666666
 40
0.6666666666666666
 40
0.6666666666666666
 40
0.6666666666666666
 40
0.7083333333333334
 40
0.7083333333333334
 40
0.7083333333333334
 40
0.7083333333333334
 40
0.75
 40
0.75
 40
0.75
 40
0.75
 40
0.7916666666666666
 40
0.7916666666666666
 40
0.7916666666666666
 40
0.7916666666666666
 40
0.8333333333333334
 40
0.8333333333333334
 40
0.8333333333333334
 40
0.8333333333333334
 40
0.875
 40
0.875
 40
0.875
 40
0.875
 40
0.9166666666666666
 40
0.9166666666666666
 40
0.9166666666666666
 40
0.9166666666666666
 40
1.0
 40
1.0
 40
1.0
 40
1.0
 10
19.9035
 20
-4.224
 30
0.0
 10
19.9035
 20
-4.224
 30
0.0
 10
19.9035
 20
-4.4083
 30
0.0
 10
19.9035
 20
-4.4083
 30
0.0
 10
19.9035
 20
-4.4083
 30
0.0
 10
19.7822
 20
-4.5184
 30
0.0
 10
19.6853
 20
-4.5918
 30
0.0
 10
19.6119
 20
-4.6294
 30
0.0
 10
19.6119
 20
-4.6294
 30
0.0
 10
19.5385
 20
-4.6661
 30
0.0
 10
19.4331
 20
-4.6802
 30
0.0
 10
19.2949
 20
-4.6727
 30
0.0
 10
19.2949
 20
-4.6727
 30
0.0
 10
19.0569
 20
-4.9558
 30
0.0
 10
18.8461
 20
-5.0979
 30
0.0
 10
18.6646
 20
-5.0979
 30
0.0
 10
18.6646
 20
-5.0979
 30
0.0
 10
18.5611
 20
-5.0979
 30
0.0
 10
18.468
 20
-5.064
 30
0.0
 10
18.3833
 20
-4.9963
 30
0.0
 10
18.3833
 20
-4.9963
 30
0.0
 10
18.2986
 20
-4.9276
 30
0.0
 10
18.2309
 20
-4.8354
 30
0.0
 10
18.181
 20
-4.7178
 30
0.0
 10
18.181
 20
-4.7178
 30
0.0
 10
18.1302
 20
-4.6003
 30
0.0
 10
18.1048
 20
-4.4685
 30
0.0
 10
18.1048
 20
-4.3237
 30
0.0
 10
18.1048
 20
-4.3237
 30
0.0
 10
18.1048
 20
-4.2061
 30
0.0
 10
18.1434
 20
-4.0753
 30
0.0
 10
18.2215
 20
-3.9323
 30
0.0
 10
18.2215
 20
-3.9323
 30
0.0
 10
18.2996
 20
-3.7893
 30
0.0
 10
18.4012
 20
-3.6558
 30
0.0
 10
18.5253
 20
-3.5316
 30
0.0
 10
18.5253
 20
-3.5316
 30
0.0
 10
18.6486
 20
-3.4074
 30
0.0
 10
18.7812
 20
-3.3077
 30
0.0
 10
18.9233
 20
-3.2315
 30
0.0
 10
18.9233
 20
-3.2315
 30
0.0
 10
19.0644
 20
-3.1553
 30
0.0
 10
19.1961
 20
-3.1167
 30
0.0
 10
19.3165
 20
-3.1167
 30
0.0
 10
19.3165
 20
-3.1167
 30
0.0
 10
19.403
 20
-3.1167
 30
0.0
 10
19.4708
 20
-3.1299
 30
0.0
 10
19.5206
 20
-3.1562
 30
0.0
 10
19.5206
 20
-3.1562
 30
0.0
 10
19.5705
 20
-3.1835
 30
0.0
 10
19.595
 20
-3.2202
 30
0.0
 10
19.595
 20
-3.2682
 30
0.0
 10
19.595
 20
-3.2682
 30
0.0
 10
19.595
 20
-3.3049
 30
0.0
 10
19.5743
 20
-3.3472
 30
0.0
 10
19.5319
 20
-3.3952
 30
0.0
 10
19.5319
 20
-3.3952
 30
0.0
 10
19.6015
 20
-3.4093
 30
0.0
 10
19.6495
 20
-3.4337
 30
0.0
 10
19.6749
 20
-3.4676
 30
0.0
 10
19.6749
 20
-3.4676
 30
0.0
 10
19.7003
 20
-3.5015
 30
0.0
 10
19.7135
 20
-3.5636
 30
0.0
 10
19.7135
 20
-3.6539
 30
0.0
 10
19.7135
 20
-3.6539
 30
0.0
 10
19.7135
 20
-3.7423
 30
0.0
 10
19.6928
 20
-3.8533
 30
0.0
 10
19.6514
 20
-3.9869
 30
0.0
 10
19.6514
 20
-3.9869
 30
0.0
 10
19.61
 20
-4.1214
 30
0.0
 10
19.5536
 20
-4.2465
 30
0.0
 10
19.4821
 20
-4.3641
 30
0.0
 10
19.4821
 20
-4.3641
 30
0.0
 10
19.4821
 20
-4.3641
 30
0.0
 10
19.5319
 20
-4.414
 30
0.0
 10
19.5319
 20
-4.414
 30
0.0
 10
19.5319
 20
-4.414
 30
0.0
 10
19.5319
 20
-4.414
 30
0.0
 10
19.5733
 20
-4.414
 30
0.0
 10
19.5733
 20
-4.414
 30
0.0
 10
19.5733
 20
-4.414
 30
0.0
 10
19.6044
 20
-4.414
 30
0.0
 10
19.6354
 20
-4.4055
 30
0.0
 10
19.6655
 20
-4.3905
 30
0.0
 10
19.6655
 20
-4.3905
 30
0.0
 10
19.6956
 20
-4.3745
 30
0.0
 10
19.7229
 20
-4.3585
 30
0.0
 10
19.7464
 20
-4.3406
 30
0.0
 10
19.7464
 20
-4.3406
 30
0.0
 10
19.7709
 20
-4.3237
 30
0.0
 10
19.8226
 20
-4.2842
 30
0.0
 10
19.9035
 20
-4.224
 30
0.0
  0
SPLINE
  5
94
330
1F
100
AcDbEntity
  8
layer 1
 62
   142
100
AcDbSpline
210
0.0
220
0.0
230
1.0
 70
    11
 71
     3
 72
    40
 73
    36
 74
     0
 42
0.000000001
 43
0.0000000001
 40
0.0
 40
0.0
 40
0.0
 40
0.0
 40
0.1
 40
0.1
 40
0.1
 40
0.1
 40
0.2
 40
0.2
 40
0.2
 40
0.2
 40
0.3
 40
0.3
 40
0.3
 40
0.3
 40
0.4
 40
0.4
 40
0.4
 40
0.4
 40
0.5
 40
0.5
 40
0.5
 40
0.5
 40
0.6
 40
0.6
 40
0.6
 40
0.6
 40
0.7
 40
0.7
 40
0.7
 40
0.7
 40
0.8
 40
0.8
 40
0.8
 40
0.8
 40
1.0
 40
1.0
 40
1.0
 40
1.0
 10
19.3363
 20
-3.5005
 30
0.0
 10
19.1839
 20
-3.5918
 30
0.0
 10
19.054
 20
-3.6755
 30
0.0
 10
18.9449
 20
-3.7498
 30
0.0
 10
18.9449
 20
-3.7498
 30
0.0
 10
18.8367
 20
-3.8241
 30
0.0
 10
18.7455
 20
-3.8994
 30
0.0
 10
18.6693
 20
-3.9756
 30
0.0
 10
18.6693
 20
-3.9756
 30
0.0
 10
18.594
 20
-4.0518
 30
0.0
 10
18.5442
 20
-4.128
 30
0.0
 10
18.5178
 20
-4.2051
 30
0.0
 10
18.5178
 20
-4.2051
 30
0.0
 10
18.4717
 20
-4.4102
 30
0.0
 10
18.4491
 20
-4.5212
 30
0.0
 10
18.4491
 20
-4.5382
 30
0.0
 10
18.4491
 20
-4.5382
 30
0.0
 10
18.4491
 20
-4.6595
 30
0.0
 10
18.5338
 20
-4.7197
 30
0.0
 10
18.7031
 20
-4.7197
 30
0.0
 10
18.7031
 20
-4.7197
 30
0.0
 10
18.7822
 20
-4.7197
 30
0.0
 10
18.9139
 20
-4.652
 30
0.0
 10
19.1001
 20
-4.5165
 30
0.0
 10
19.1001
 20
-4.5165
 30
0.0
 10
19.0691
 20
-4.43
 30
0.0
 10
19.0531
 20
-4.3472
 30
0.0
 10
19.0531
 20
-4.2682
 30
0.0
 10
19.0531
 20
-4.2682
 30
0.0
 10
19.0531
 20
-4.1525
 30
0.0
 10
19.0766
 20
-4.0349
 30
0.0
 10
19.1246
 20
-3.9145
 30
0.0
 10
19.1246
 20
-3.9145
 30
0.0
 10
19.1726
 20
-3.794
 30
0.0
 10
19.2431
 20
-3.6567
 30
0.0
 10
19.3363
 20
-3.5005
 30
0.0
  0
SPLINE
  5
95
330
1F
100
AcDbEntity
  8
layer 1
 62
   142
100
AcDbSpline
210
0.0
220
0.0
230
1.0
 70
    11
 71
     3
 72
   172
 73
   168
 74
     0
 42
0.000000001
 43
0.0000000001
 40
0.0
 40
0.0
 40
0.0
 40
0.0
 40
0.0232558139534884
 40
0.0232558139534884
 40
0.0232558139534884
 40
0.0232558139534884
 40
0.0465116279069767
 40
0.0465116279069767
 40
0.0465116279069767
 40
0.0465116279069767
 40
0.0697674418604651
 40
0.0697674418604651
 40
0.0697674418604651
 40
0.0697674418604651
 40
0.0930232558139535
 40
0.0930232558139535
 40
0.0930232558139535
 40
0.0930232558139535
 40
0.1162790697674419
 40
0.1162790697674419
 40
0.1162790697674419
 40
0.1162790697674419
 40
0.1395348837209302
 40
0.1395348837209302
 40
0.1395348837209302
 40
0.1395348837209302
 40
0.1627906976744186
 40
0.1627906976744186
 40
0.1627906976744186
 40
0.1627906976744186
 40
0.186046511627907
 40
0.186046511627907
 40
0.186046511627907
 40
0.186046511627907
 40
0.2093023255813954
 40
0.2093023255813954
 40
0.2093023255813954
 40
0.2093023255813954
 40
0.2325581395348837
 40
0.2325581395348837
 40
0.2325581395348837
 40
0.2325581395348837
 40
0.2558139534883721
 40
0.2558139534883721
 40
0.2558139534883721
 40
0.2558139534883721
 40
0.2790697674418605
 40
0.2790697674418605
 40
0.2790697674418605
 40
0.2790697674418605
 40
0.3023255813953488
 40
0.3023255813953488
 40
0.3023255813953488
 40
0.3023255813953488
 40
0.3255813953488372
 40
0.3255813953488372
 40
0.3255813953488372
 40
0.3255813953488372
 40
0.3488372093023256
 40
0.3488372093023256
 40
0.3488372093023256
 40
0.3488372093023256
 40
0.3720930232558139
 40
0.3720930232558139
 40
0.3720930232558139
 40
0.3720930232558139
 40
0.3953488372093023
 40
0.3953488372093023
 40
0.3953488372093023
 40
0.3953488372093023
 40
0.4186046511627907
 40
0.4186046511627907
 40
0.4186046511627907
 40
0.4186046511627907
 40
0.4418604651162791
 40
0.4418604651162791
 40
0.4418604651162791
 40
0.4418604651162791
 40
0.4651162790697674
 40
0.4651162790697674
 40
0.4651162790697674
 40
0.4651162790697674
 40
0.4883720930232558
 40
0.4883720930232558
 40
0.4883720930232558
 40
0.4883720930232558
 40
0.5116279069767442
 40
0.5116279069767442
 40
0.5116279069767442
 40
0.5116279069767442
 40
0.5348837209302325
 40
0.5348837209302325
 40
0.5348837209302325
 40
0.5348837209302325
 40
0.5581395348837209
 40
0.5581395348837209
 40
0.5581395348837209
 40
0.5581395348837209
 40
0.5813953488372093
 40
0.5813953488372093
 40
0.5813953488372093
 40
0.5813953488372093
 40
0.6046511627906976
 40
0.6046511627906976
 40
0.6046511627906976
 40
0.6046511627906976
 40
0.627906976744186
 40
0.627906976744186
 40
0.627906976744186
 40
0.627906976744186
 40
0.6511627906976745
 40
0.6511627906976745
 40
0.6511627906976745
 40
0.6511627906976745
 40
0.6744186046511628
 40
0.6744186046511628
 40
0.6744186046511628
 40
0.6744186046511628
 40
0.6976744186046512
 40
0.6976744186046512
 40
0.6976744186046512
 40
0.6976744186046512
 40
0.7209302325581395
 40
0.7209302325581395
 40
0.7209302325581395
 40
0.7209302325581395
 40
0.7441860465116279
 40
0.7441860465116279
 40
0.7441860465116279
 40
0.7441860465116279
 40
0.7674418604651163
 40
0.7674418604651163
 40
0.7674418604651163
 40
0.7674418604651163
 40
0.7906976744186046
 40
0.7906976744186046
 40
0.7906976744186046
 40
0.7906976744186046
 40
0.813953488372093
 40
0.813953488372093
 40
0.813953488372093
 40
0.813953488372093
 40
0.8372093023255814
 40
0.8372093023255814
 40
0.8372093023255814
 40
0.8372093023255814
 40
0.8604651162790697
 40
0.8604651162790697
 40
0.8604651162790697
 40
0.8604651162790697
 40
0.8837209302325582
 40
0.8837209302325582
 40
0.8837209302325582
 40
0.8837209302325582
 40
0.9069767441860465
 40
0.9069767441860465
 40
0.9069767441860465
 40
0.9069767441860465
 40
0.9302325581395349
 40
0.9302325581395349
 40
0.9302325581395349
 40
0.9302325581395349
 40
0.9534883720930233
 40
0.9534883720930233
 40
0.9534883720930233
 40
0.9534883720930233
 40
1.0
 40
1.0
 40
1.0
 40
1.0
 10
19.8659
 20
-4.4601
 30
0.0
 10
19.8659
 20
-4.4601
 30
0.0
 10
19.8659
 20
-4.2682
 30
0.0
 10
19.8659
 20
-4.2682
 30
0.0
 10
19.8659
 20
-4.2682
 30
0.0
 10
20.1236
 20
-3.9888
 30
0.0
 10
20.3457
 20
-3.7254
 30
0.0
 10
20.5319
 20
-3.4798
 30
0.0
 10
20.5319
 20
-3.4798
 30
0.0
 10
20.7182
 20
-3.2334
 30
0.0
 10
20.8659
 20
-3.0377
 30
0.0
 10
20.9741
 20
-2.8928
 30
0.0
 10
20.9741
 20
-2.8928
 30
0.0
 10
21.0823
 20
-2.7479
 30
0.0
 10
21.1782
 20
-2.6454
 30
0.0
 10
21.261
 20
-2.5852
 30
0.0
 10
21.261
 20
-2.5852
 30
0.0
 10
21.3438
 20
-2.5259
 30
0.0
 10
21.4473
 20
-2.4958
 30
0.0
 10
21.5724
 20
-2.4958
 30
0.0
 10
21.5724
 20
-2.4958
 30
0.0
 10
21.6345
 20
-2.4958
 30
0.0
 10
21.6665
 20
-2.5193
 30
0.0
 10
21.6665
 20
-2.5673
 30
0.0
 10
21.6665
 20
-2.5673
 30
0.0
 10
21.6665
 20
-2.6059
 30
0.0
 10
21.6411
 20
-2.6633
 30
0.0
 10
21.5903
 20
-2.7385
 30
0.0
 10
21.5903
 20
-2.7385
 30
0.0
 10
21.5395
 20
-2.8138
 30
0.0
 10
21.4745
 20
-2.8909
 30
0.0
 10
21.3955
 20
-2.97
 30
0.0
 10
21.3955
 20
-2.97
 30
0.0
 10
21.2911
 20
-3.0734
 30
0.0
 10
21.1886
 20
-3.2023
 30
0.0
 10
21.0888
 20
-3.3575
 30
0.0
 10
21.0888
 20
-3.3575
 30
0.0
 10
20.9882
 20
-3.5128
 30
0.0
 10
20.8753
 20
-3.7113
 30
0.0
 10
20.7483
 20
-3.9521
 30
0.0
 10
20.7483
 20
-3.9521
 30
0.0
 10
20.8471
 20
-3.8749
 30
0.0
 10
20.9618
 20
-3.7828
 30
0.0
 10
21.0917
 20
-3.6774
 30
0.0
 10
21.0917
 20
-3.6774
 30
0.0
 10
21.2205
 20
-3.572
 30
0.0
 10
21.3268
 20
-3.4892
 30
0.0
 10
21.4087
 20
-3.429
 30
0.0
 10
21.4087
 20
-3.429
 30
0.0
 10
21.4905
 20
-3.3698
 30
0.0
 10
21.5714
 20
-3.3227
 30
0.0
 10
21.6514
 20
-3.2879
 30
0.0
 10
21.6514
 20
-3.2879
 30
0.0
 10
21.7314
 20
-3.2531
 30
0.0
 10
21.8113
 20
-3.2352
 30
0.0
 10
21.8922
 20
-3.2352
 30
0.0
 10
21.8922
 20
-3.2352
 30
0.0
 10
21.944
 20
-3.2352
 30
0.0
 10
21.9769
 20
-3.2447
 30
0.0
 10
21.9929
 20
-3.2625
 30
0.0
 10
21.9929
 20
-3.2625
 30
0.0
 10
22.0089
 20
-3.2813
 30
0.0
 10
22.0164
 20
-3.3171
 30
0.0
 10
22.0164
 20
-3.3698
 30
0.0
 10
22.0164
 20
-3.3698
 30
0.0
 10
22.0164
 20
-3.5099
 30
0.0
 10
21.9825
 20
-3.6463
 30
0.0
 10
21.9148
 20
-3.779
 30
0.0
 10
21.9148
 20
-3.779
 30
0.0
 10
21.8461
 20
-3.9116
 30
0.0
 10
21.7492
 20
-4.0499
 30
0.0
 10
21.6222
 20
-4.1929
 30
0.0
 10
21.6222
 20
-4.1929
 30
0.0
 10
21.4952
 20
-4.3368
 30
0.0
 10
21.3391
 20
-4.4921
 30
0.0
 10
21.1528
 20
-4.6614
 30
0.0
 10
21.1528
 20
-4.6614
 30
0.0
 10
21.2177
 20
-4.6849
 30
0.0
 10
21.2836
 20
-4.6971
 30
0.0
 10
21.3522
 20
-4.6971
 30
0.0
 10
21.3522
 20
-4.6971
 30
0.0
 10
21.5649
 20
-4.6971
 30
0.0
 10
21.8508
 20
-4.5344
 30
0.0
 10
22.2093
 20
-4.2098
 30
0.0
 10
22.2093
 20
-4.2098
 30
0.0
 10
22.2093
 20
-4.2098
 30
0.0
 10
22.2093
 20
-4.4083
 30
0.0
 10
22.2093
 20
-4.4083
 30
0.0
 10
22.2093
 20
-4.4083
 30
0.0
 10
22.07
 20
-4.5335
 30
0.0
 10
21.9327
 20
-4.6511
 30
0.0
 10
21.8
 20
-4.7621
 30
0.0
 10
21.8
 20
-4.7621
 30
0.0
 10
21.6665
 20
-4.8721
 30
0.0
 10
21.5413
 20
-4.9606
 30
0.0
 10
21.4237
 20
-5.0264
 30
0.0
 10
21.4237
 20
-5.0264
 30
0.0
 10
21.3062
 20
-5.0932
 30
0.0
 10
21.198
 20
-5.1261
 30
0.0
 10
21.0982
 20
-5.1261
 30
0.0
 10
21.0982
 20
-5.1261
 30
0.0
 10
21.0616
 20
-5.1261
 30
0.0
 10
21.023
 20
-5.1224
 30
0.0
 10
20.9816
 20
-5.1139
 30
0.0
 10
20.9816
 20
-5.1139
 30
0.0
 10
20.9402
 20
-5.1054
 30
0.0
 10
20.9016
 20
-5.0951
 30
0.0
 10
20.8668
 20
-5.0828
 30
0.0
 10
20.8668
 20
-5.0828
 30
0.0
 10
20.832
 20
-5.0716
 30
0.0
 10
20.7869
 20
-5.0546
 30
0.0
 10
20.7314
 20
-5.032
 30
0.0
 10
20.7314
 20
-5.032
 30
0.0
 10
20.6768
 20
-5.0095
 30
0.0
 10
20.6345
 20
-4.9944
 30
0.0
 10
20.6053
 20
-4.985
 30
0.0
 10
20.6053
 20
-4.985
 30
0.0
 10
20.546
 20
-5.0001
 30
0.0
 10
20.5131
 20
-5.0076
 30
0.0
 10
20.5056
 20
-5.0076
 30
0.0
 10
20.5056
 20
-5.0076
 30
0.0
 10
20.4416
 20
-5.0076
 30
0.0
 10
20.3664
 20
-4.9812
 30
0.0
 10
20.2798
 20
-4.9295
 30
0.0
 10
20.2798
 20
-4.9295
 30
0.0
 10
20.2187
 20
-5.0471
 30
0.0
 10
20.1528
 20
-5.1986
 30
0.0
 10
20.0804
 20
-5.3858
 30
0.0
 10
20.0804
 20
-5.3858
 30
0.0
 10
20.007
 20
-5.572
 30
0.0
 10
19.9459
 20
-5.7197
 30
0.0
 10
19.8969
 20
-5.8298
 30
0.0
 10
19.8969
 20
-5.8298
 30
0.0
 10
19.8471
 20
-5.9399
 30
0.0
 10
19.7812
 20
-6.0452
 30
0.0
 10
19.6984
 20
-6.1468
 30
0.0
 10
19.6984
 20
-6.1468
 30
0.0
 10
19.6523
 20
-6.1929
 30
0.0
 10
19.6204
 20
-6.2155
 30
0.0
 10
19.6015
 20
-6.2155
 30
0.0
 10
19.6015
 20
-6.2155
 30
0.0
 10
19.5225
 20
-6.2155
 30
0.0
 10
19.483
 20
-6.1459
 30
0.0
 10
19.483
 20
-6.0057
 30
0.0
 10
19.483
 20
-6.0057
 30
0.0
 10
19.483
 20
-5.8844
 30
0.0
 10
19.5075
 20
-5.7583
 30
0.0
 10
19.5564
 20
-5.6275
 30
0.0
 10
19.5564
 20
-5.6275
 30
0.0
 10
19.6053
 20
-5.4958
 30
0.0
 10
19.6646
 20
-5.3717
 30
0.0
 10
19.7351
 20
-5.2541
 30
0.0
 10
19.7351
 20
-5.2541
 30
0.0
 10
19.8066
 20
-5.1365
 30
0.0
 10
19.8838
 20
-5.017
 30
0.0
 10
19.9684
 20
-4.8966
 30
0.0
 10
19.9684
 20
-4.8966
 30
0.0
 10
20.0531
 20
-4.7771
 30
0.0
 10
20.1124
 20
-4.6868
 30
0.0
 10
20.1472
 20
-4.6285
 30
0.0
 10
20.1472
 20
-4.6285
 30
0.0
 10
20.4379
 20
-4.1289
 30
0.0
 10
20.6636
 20
-3.7047
 30
0.0
 10
20.8254
 20
-3.3538
 30
0.0
 10
20.8254
 20
-3.3538
 30
0.0
 10
20.403
 20
-3.8674
 30
0.0
 10
20.0832
 20
-4.2362
 30
0.0
 10
19.8659
 20
-4.4601
 30
0.0
  0
SPLINE
  5
96
330
1F
100
AcDbEntity
  8
layer 1
 62
   142
100
AcDbSpline
210
0.0
220
0.0
230
1.0
 70
    11
 71
     3
 72
    32
 73
    28
 74
     0
 42
0.000000001
 43
0.0000000001
 40
0.0
 40
0.0
 40
0.0
 40
0.0
 40
0.125
 40
0.125
 40
0.125
 40
0.125
 40
0.25
 40
0.25
 40
0.25
 40
0.25
 40
0.375
 40
0.375
 40
0.375
 40
0.375
 40
0.5
 40
0.5
 40
0.5
 40
0.5
 40
0.625
 40
0.625
 40
0.625
 40
0.625
 40
0.75
 40
0.75
 40
0.75
 40
0.75
 40
1.0
 40
1.0
 40
1.0
 40
1.0
 10
20.9854
 20
-4.5955
 30
0.0
 10
21.1669
 20
-4.4046
 30
0.0
 10
21.3024
 20
-4.2418
 30
0.0
 10
21.3918
 20
-4.1082
 30
0.0
 10
21.3918
 20
-4.1082
 30
0.0
 10
21.4811
 20
-3.9737
 30
0.0
 10
21.5253
 20
-3.8712
 30
0.0
 10
21.5253
 20
-3.7997
 30
0.0
 10
21.5253
 20
-3.7997
 30
0.0
 10
21.5253
 20
-3.732
 30
0.0
 10
21.4915
 20
-3.6981
 30
0.0
 10
21.4237
 20
-3.6981
 30
0.0
 10
21.4237
 20
-3.6981
 30
0.0
 10
21.3316
 20
-3.6981
 30
0.0
 10
21.2027
 20
-3.7733
 30
0.0
 10
21.0362
 20
-3.9248
 30
0.0
 10
21.0362
 20
-3.9248
 30
0.0
 10
20.8697
 20
-4.0763
 30
0.0
 10
20.6984
 20
-4.2804
 30
0.0
 10
20.5225
 20
-4.5372
 30
0.0
 10
20.5225
 20
-4.5372
 30
0.0
 10
20.658
 20
-4.5231
 30
0.0
 10
20.7492
 20
-4.5175
 30
0.0
 10
20.7953
 20
-4.5222
 30
0.0
 10
20.7953
 20
-4.5222
 30
0.0
 10
20.8405
 20
-4.5269
 30
0.0
 10
20.9045
 20
-4.5513
 30
0.0
 10
20.9854
 20
-4.5955
 30
0.0
  0
SPLINE
  5
97
330
1F
100
AcDbEntity
  8
layer 1
 62
   142
370
     9
100
AcDbSpline
210
0.0
220
0.0
230
1.0
 70
    11
 71
     3
 72
   216
 73
   212
 74
     0
 42
0.000000001
 43
0.0000000001
 40
0.0
 40
0.0
 40
0.0
 40
0.0
 40
0.0185185185185185
 40
0.0185185185185185
 40
0.0185185185185185
 40
0.0185185185185185
 40
0.037037037037037
 40
0.037037037037037
 40
0.037037037037037
 40
0.037037037037037
 40
0.0555555555555556
 40
0.0555555555555556
 40
0.0555555555555556
 40
0.0555555555555556
 40
0.0740740740740741
 40
0.0740740740740741
 40
0.0740740740740741
 40
0.0740740740740741
 40
0.0925925925925926
 40
0.0925925925925926
 40
0.0925925925925926
 40
0.0925925925925926
 40
0.1111111111111111
 40
0.1111111111111111
 40
0.1111111111111111
 40
0.1111111111111111
 40
0.1296296296296296
 40
0.1296296296296296
 40
0.1296296296296296
 40
0.1296296296296296
 40
0.1481481481481481
 40
0.1481481481481481
 40
0.1481481481481481
 40
0.1481481481481481
 40
0.1666666666666667
 40
0.1666666666666667
 40
0.1666666666666667
 40
0.1666666666666667
 40
0.1851851851851852
 40
0.1851851851851852
 40
0.1851851851851852
 40
0.1851851851851852
 40
0.2037037037037037
 40
0.2037037037037037
 40
0.2037037037037037
 40
0.2037037037037037
 40
0.2222222222222222
 40
0.2222222222222222
 40
0.2222222222222222
 40
0.2222222222222222
 40
0.2407407407407407
 40
0.2407407407407407
 40
0.2407407407407407
 40
0.2407407407407407
 40
0.2592592592592592
 40
0.2592592592592592
 40
0.2592592592592592
 40
0.2592592592592592
 40
0.2777777777777778
 40
0.2777777777777778
 40
0.2777777777777778
 40
0.2777777777777778
 40
0.2962962962962963
 40
0.2962962962962963
 40
0.2962962962962963
 40
0.2962962962962963
 40
0.3148148148148148
 40
0.3148148148148148
 40
0.3148148148148148
 40
0.3148148148148148
 40
0.3333333333333333
 40
0.3333333333333333
 40
0.3333333333333333
 40
0.3333333333333333
 40
0.3518518518518519
 40
0.3518518518518519
 40
0.3518518518518519
 40
0.3518518518518519
 40
0.3703703703703703
 40
0.3703703703703703
 40
0.3703703703703703
 40
0.3703703703703703
 40
0.3888888888888889
 40
0.3888888888888889
 40
0.3888888888888889
 40
0.3888888888888889
 40
0.4074074074074074
 40
0.4074074074074074
 40
0.4074074074074074
 40
0.4074074074074074
 40
0.4259259259259259
 40
0.4259259259259259
 40
0.4259259259259259
 40
0.4259259259259259
 40
0.4444444444444444
 40
0.4444444444444444
 40
0.4444444444444444
 40
0.4444444444444444
 40
0.462962962962963
 40
0.462962962962963
 40
0.462962962962963
 40
0.462962962962963
 40
0.4814814814814815
 40
0.4814814814814815
 40
0.4814814814814815
 40
0.4814814814814815
 40
0.5
 40
0.5
 40
0.5
 40
0.5
 40
0.5185185185185185
 40
0.5185185185185185
 40
0.5185185185185185
 40
0.5185185185185185
 40
0.5370370370370371
 40
0.5370370370370371
 40
0.5370370370370371
 40
0.5370370370370371
 40
0.5555555555555556
 40
0.5555555555555556
 40
0.5555555555555556
 40
0.5555555555555556
 40
0.5740740740740741
 40
0.5740740740740741
 40
0.5740740740740741
 40
0.5740740740740741
 40
0.5925925925925926
 40
0.5925925925925926
 40
0.5925925925925926
 40
0.5925925925925926
 40
0.6111111111111112
 40
0.6111111111111112
 40
0.6111111111111112
 40
0.6111111111111112
 40
0.6296296296296297
 40
0.6296296296296297
 40
0.6296296296296297
 40
0.6296296296296297
 40
0.6481481481481481
 40
0.6481481481481481
 40
0.6481481481481481
 40
0.6481481481481481
 40
0.6666666666666666
 40
0.6666666666666666
 40
0.6666666666666666
 40
0.6666666666666666
 40
0.6851851851851852
 40
0.6851851851851852
 40
0.6851851851851852
 40
0.6851851851851852
 40
0.7037037037037037
 40
0.7037037037037037
 40
0.7037037037037037
 40
0.7037037037037037
 40
0.7222222222222222
 40
0.7222222222222222
 40
0.7222222222222222
 40
0.7222222222222222
 40
0.7407407407407407
 40
0.7407407407407407
 40
0.7407407407407407
 40
0.7407407407407407
 40
0.7592592592592593
 40
0.7592592592592593
 40
0.7592592592592593
 40
0.7592592592592593
 40
0.7777777777777778
 40
0.7777777777777778
 40
0.7777777777777778
 40
0.7777777777777778
 40
0.7962962962962963
 40
0.7962962962962963
 40
0.7962962962962963
 40
0.7962962962962963
 40
0.8148148148148148
 40
0.8148148148148148
 40
0.8148148148148148
 40
0.8148148148148148
 40
0.8333333333333334
 40
0.8333333333333334
 40
0.8333333333333334
 40
0.8333333333333334
 40
0.8518518518518519
 40
0.8518518518518519
 40
0.8518518518518519
 40
0.8518518518518519
 40
0.8703703703703703
 40
0.8703703703703703
 40
0.8703703703703703
 40
0.8703703703703703
 40
0.8888888888888888
 40
0.8888888888888888
 40
0.8888888888888888
 40
0.8888888888888888
 40
0.9074074074074074
 40
0.9074074074074074
 40
0.9074074074074074
 40
0.9074074074074074
 40
0.9259259259259259
 40
0.9259259259259259
 40
0.9259259259259259
 40
0.9259259259259259
 40
0.9444444444444444
 40
0.9444444444444444
 40
0.9444444444444444
 40
0.9444444444444444
 40
0.9629629629629629
 40
0.9629629629629629
 40
0.9629629629629629
 40
0.9629629629629629
 40
1.0
 40
1.0
 40
1.0
 40
1.0
 10
15.9261
 20
-4.3011
 30
0.0
 10
15.88
 20
-4.2164
 30
0.0
 10
15.8113
 20
-4.1402
 30
0.0
 10
15.7191
 20
-4.0725
 30
0.0
 10
15.7191
 20
-4.0725
 30
0.0
 10
15.6279
 20
-4.0048
 30
0.0
 10
15.5244
 20
-3.9502
 30
0.0
 10
15.4096
 20
-3.9088
 30
0.0
 10
15.4096
 20
-3.9088
 30
0.0
 10
15.2948
 20
-3.8674
 30
0.0
 10
15.1744
 20
-3.8364
 30
0.0
 10
15.0503
 20
-3.8166
 30
0.0
 10
15.0503
 20
-3.8166
 30
0.0
 10
14.6796
 20
-3.7611
 30
0.0
 10
14.3334
 20
-3.6416
 30
0.0
 10
14.0117
 20
-3.4554
 30
0.0
 10
14.0117
 20
-3.4554
 30
0.0
 10
13.9844
 20
-3.4413
 30
0.0
 10
13.9552
 20
-3.4102
 30
0.0
 10
13.9242
 20
-3.3622
 30
0.0
 10
13.9242
 20
-3.3622
 30
0.0
 10
13.8932
 20
-3.3143
 30
0.0
 10
13.8772
 20
-3.2682
 30
0.0
 10
13.8772
 20
-3.224
 30
0.0
 10
13.8772
 20
-3.224
 30
0.0
 10
13.8772
 20
-3.0631
 30
0.0
 10
13.9044
 20
-2.9003
 30
0.0
 10
13.9581
 20
-2.7385
 30
0.0
 10
13.9581
 20
-2.7385
 30
0.0
 10
14.0126
 20
-2.5758
 30
0.0
 10
14.0813
 20
-2.4488
 30
0.0
 10
14.166
 20
-2.3566
 30
0.0
 10
14.166
 20
-2.3566
 30
0.0
 10
14.3014
 20
-2.2042
 30
0.0
 10
14.546
 20
-2.0706
 30
0.0
 10
14.8997
 20
-1.9559
 30
0.0
 10
14.8997
 20
-1.9559
 30
0.0
 10
15.2535
 20
-1.842
 30
0.0
 10
15.6514
 20
-1.7846
 30
0.0
 10
16.0945
 20
-1.7846
 30
0.0
 10
16.0945
 20
-1.7846
 30
0.0
 10
16.3588
 20
-1.7846
 30
0.0
 10
16.563
 20
-1.8053
 30
0.0
 10
16.7078
 20
-1.8458
 30
0.0
 10
16.7078
 20
-1.8458
 30
0.0
 10
16.8518
 20
-1.8862
 30
0.0
 10
16.9242
 20
-1.9483
 30
0.0
 10
16.9242
 20
-2.033
 30
0.0
 10
16.9242
 20
-2.033
 30
0.0
 10
16.9242
 20
-2.1713
 30
0.0
 10
16.9044
 20
-2.2785
 30
0.0
 10
16.8668
 20
-2.3538
 30
0.0
 10
16.8668
 20
-2.3538
 30
0.0
 10
16.8292
 20
-2.429
 30
0.0
 10
16.7887
 20
-2.4789
 30
0.0
 10
16.7464
 20
-2.5043
 30
0.0
 10
16.7464
 20
-2.5043
 30
0.0
 10
16.7031
 20
-2.5288
 30
0.0
 10
16.6269
 20
-2.5626
 30
0.0
 10
16.5187
 20
-2.605
 30
0.0
 10
16.5187
 20
-2.605
 30
0.0
 10
16.403
 20
-2.6454
 30
0.0
 10
16.3024
 20
-2.6877
 30
0.0
 10
16.2168
 20
-2.732
 30
0.0
 10
16.2168
 20
-2.732
 30
0.0
 10
16.1312
 20
-2.7762
 30
0.0
 10
16.0587
 20
-2.8185
 30
0.0
 10
15.9976
 20
-2.859
 30
0.0
 10
15.9976
 20
-2.859
 30
0.0
 10
15.9374
 20
-2.8994
 30
0.0
 10
15.8997
 20
-2.9192
 30
0.0
 10
15.8847
 20
-2.9192
 30
0.0
 10
15.8847
 20
-2.9192
 30
0.0
 10
15.8668
 20
-2.9192
 30
0.0
 10
15.8574
 20
-2.9116
 30
0.0
 10
15.8574
 20
-2.8975
 30
0.0
 10
15.8574
 20
-2.8975
 30
0.0
 10
15.8574
 20
-2.8655
 30
0.0
 10
15.8894
 20
-2.8185
 30
0.0
 10
15.9552
 20
-2.7555
 30
0.0
 10
15.9552
 20
-2.7555
 30
0.0
 10
16.0202
 20
-2.6915
 30
0.0
 10
16.1011
 20
-2.636
 30
0.0
 10
16.1961
 20
-2.588
 30
0.0
 10
16.1961
 20
-2.588
 30
0.0
 10
16.2977
 20
-2.5353
 30
0.0
 10
16.3475
 20
-2.5015
 30
0.0
 10
16.3475
 20
-2.4864
 30
0.0
 10
16.3475
 20
-2.4864
 30
0.0
 10
16.3475
 20
-2.4629
 30
0.0
 10
16.292
 20
-2.4507
 30
0.0
 10
16.1801
 20
-2.4507
 30
0.0
 10
16.1801
 20
-2.4507
 30
0.0
 10
15.8395
 20
-2.4507
 30
0.0
 10
15.5263
 20
-2.4808
 30
0.0
 10
15.2375
 20
-2.5419
 30
0.0
 10
15.2375
 20
-2.5419
 30
0.0
 10
14.9487
 20
-2.6021
 30
0.0
 10
14.7219
 20
-2.6821
 30
0.0
 10
14.5554
 20
-2.7809
 30
0.0
 10
14.5554
 20
-2.7809
 30
0.0
 10
14.3889
 20
-2.8806
 30
0.0
 10
14.3061
 20
-2.9812
 30
0.0
 10
14.3061
 20
-3.0838
 30
0.0
 10
14.3061
 20
-3.0838
 30
0.0
 10
14.3061
 20
-3.1487
 30
0.0
 10
14.3409
 20
-3.1939
 30
0.0
 10
14.4096
 20
-3.2202
 30
0.0
 10
14.4096
 20
-3.2202
 30
0.0
 10
14.4783
 20
-3.2465
 30
0.0
 10
14.6307
 20
-3.2917
 30
0.0
 10
14.8659
 20
-3.3538
 30
0.0
 10
14.8659
 20
-3.3538
 30
0.0
 10
15.1001
 20
-3.4159
 30
0.0
 10
15.3108
 20
-3.4883
 30
0.0
 10
15.4962
 20
-3.5683
 30
0.0
 10
15.4962
 20
-3.5683
 30
0.0
 10
15.7624
 20
-3.6821
 30
0.0
 10
15.9599
 20
-3.8006
 30
0.0
 10
16.0888
 20
-3.9239
 30
0.0
 10
16.0888
 20
-3.9239
 30
0.0
 10
16.2177
 20
-4.0471
 30
0.0
 10
16.2817
 20
-4.1844
 30
0.0
 10
16.2817
 20
-4.3368
 30
0.0
 10
16.2817
 20
-4.3368
 30
0.0
 10
16.2817
 20
-4.4413
 30
0.0
 10
16.2563
 20
-4.5466
 30
0.0
 10
16.2055
 20
-4.652
 30
0.0
 10
16.2055
 20
-4.652
 30
0.0
 10
16.1556
 20
-4.7574
 30
0.0
 10
16.0813
 20
-4.8543
 30
0.0
 10
15.9844
 20
-4.9427
 30
0.0
 10
15.9844
 20
-4.9427
 30
0.0
 10
15.8866
 20
-5.0302
 30
0.0
 10
15.7746
 20
-5.1026
 30
0.0
 10
15.6476
 20
-5.16
 30
0.0
 10
15.6476
 20
-5.16
 30
0.0
 10
15.5394
 20
-5.2061
 30
0.0
 10
15.403
 20
-5.2494
 30
0.0
 10
15.2393
 20
-5.2898
 30
0.0
 10
15.2393
 20
-5.2898
 30
0.0
 10
15.0747
 20
-5.3303
 30
0.0
 10
14.8969
 20
-5.3622
 30
0.0
 10
14.705
 20
-5.3848
 30
0.0
 10
14.705
 20
-5.3848
 30
0.0
 10
14.5131
 20
-5.4083
 30
0.0
 10
14.3297
 20
-5.4196
 30
0.0
 10
14.1556
 20
-5.4196
 30
0.0
 10
14.1556
 20
-5.4196
 30
0.0
 10
13.8339
 20
-5.4196
 30
0.0
 10
13.5752
 20
-5.3895
 30
0.0
 10
13.3795
 20
-5.3284
 30
0.0
 10
13.3795
 20
-5.3284
 30
0.0
 10
13.1838
 20
-5.2682
 30
0.0
 10
13.086
 20
-5.176
 30
0.0
 10
13.086
 20
-5.0527
 30
0.0
 10
13.086
 20
-5.0527
 30
0.0
 10
13.086
 20
-4.9982
 30
0.0
 10
13.1189
 20
-4.9126
 30
0.0
 10
13.1857
 20
-4.7959
 30
0.0
 10
13.1857
 20
-4.7959
 30
0.0
 10
13.2516
 20
-4.6793
 30
0.0
 10
13.3297
 20
-4.6003
 30
0.0
 10
13.42
 20
-4.5598
 30
0.0
 10
13.42
 20
-4.5598
 30
0.0
 10
13.499
 20
-4.5288
 30
0.0
 10
13.5752
 20
-4.5109
 30
0.0
 10
13.6486
 20
-4.5062
 30
0.0
 10
13.6486
 20
-4.5062
 30
0.0
 10
13.7219
 20
-4.5015
 30
0.0
 10
13.7586
 20
-4.5099
 30
0.0
 10
13.7586
 20
-4.5325
 30
0.0
 10
13.7586
 20
-4.5325
 30
0.0
 10
13.7586
 20
-4.5382
 30
0.0
 10
13.7558
 20
-4.5438
 30
0.0
 10
13.7502
 20
-4.5495
 30
0.0
 10
13.7502
 20
-4.5495
 30
0.0
 10
13.7445
 20
-4.5542
 30
0.0
 10
13.7389
 20
-4.5589
 30
0.0
 10
13.7313
 20
-4.5626
 30
0.0
 10
13.7313
 20
-4.5626
 30
0.0
 10
13.7238
 20
-4.5664
 30
0.0
 10
13.7163
 20
-4.5701
 30
0.0
 10
13.7088
 20
-4.5739
 30
0.0
 10
13.7088
 20
-4.5739
 30
0.0
 10
13.6721
 20
-4.589
 30
0.0
 10
13.6429
 20
-4.6003
 30
0.0
 10
13.6194
 20
-4.6087
 30
0.0
 10
13.6194
 20
-4.6087
 30
0.0
 10
13.5968
 20
-4.6162
 30
0.0
 10
13.578
 20
-4.6247
 30
0.0
 10
13.5648
 20
-4.6332
 30
0.0
 10
13.5648
 20
-4.6332
 30
0.0
 10
13.5507
 20
-4.6416
 30
0.0
 10
13.5441
 20
-4.6529
 30
0.0
 10
13.5441
 20
-4.667
 30
0.0
 10
13.5441
 20
-4.667
 30
0.0
 10
13.5441
 20
-4.7056
 30
0.0
 10
13.7342
 20
-4.7254
 30
0.0
 10
14.1142
 20
-4.7254
 30
0.0
 10
14.1142
 20
-4.7254
 30
0.0
 10
14.4444
 20
-4.7254
 30
0.0
 10
14.7154
 20
-4.7131
 30
0.0
 10
14.9261
 20
-4.6896
 30
0.0
 10
14.9261
 20
-4.6896
 30
0.0
 10
15.1377
 20
-4.6661
 30
0.0
 10
15.324
 20
-4.6228
 30
0.0
 10
15.4858
 20
-4.5598
 30
0.0
 10
15.4858
 20
-4.5598
 30
0.0
 10
15.6467
 20
-4.4977
 30
0.0
 10
15.7944
 20
-4.4112
 30
0.0
 10
15.9261
 20
-4.3011
 30
0.0
  0
SPLINE
  5
98
330
1F
100
AcDbEntity
  8
layer 1
 62
   142
370
     9
100
AcDbSpline
210
0.0
220
0.0
230
1.0
 70
    11
 71
     3
 72
   164
 73
   160
 74
     0
 42
0.000000001
 43
0.0000000001
 40
0.0
 40
0.0
 40
0.0
 40
0.0
 40
0.024390243902439
 40
0.024390243902439
 40
0.024390243902439
 40
0.024390243902439
 40
0.0487804878048781
 40
0.0487804878048781
 40
0.0487804878048781
 40
0.0487804878048781
 40
0.0731707317073171
 40
0.0731707317073171
 40
0.0731707317073171
 40
0.0731707317073171
 40
0.0975609756097561
 40
0.0975609756097561
 40
0.0975609756097561
 40
0.0975609756097561
 40
0.1219512195121951
 40
0.1219512195121951
 40
0.1219512195121951
 40
0.1219512195121951
 40
0.1463414634146341
 40
0.1463414634146341
 40
0.1463414634146341
 40
0.1463414634146341
 40
0.1707317073170732
 40
0.1707317073170732
 40
0.1707317073170732
 40
0.1707317073170732
 40
0.1951219512195122
 40
0.1951219512195122
 40
0.1951219512195122
 40
0.1951219512195122
 40
0.2195121951219512
 40
0.2195121951219512
 40
0.2195121951219512
 40
0.2195121951219512
 40
0.2439024390243902
 40
0.2439024390243902
 40
0.2439024390243902
 40
0.2439024390243902
 40
0.2682926829268293
 40
0.2682926829268293
 40
0.2682926829268293
 40
0.2682926829268293
 40
0.2926829268292683
 40
0.2926829268292683
 40
0.2926829268292683
 40
0.2926829268292683
 40
0.3170731707317073
 40
0.3170731707317073
 40
0.3170731707317073
 40
0.3170731707317073
 40
0.3414634146341464
 40
0.3414634146341464
 40
0.3414634146341464
 40
0.3414634146341464
 40
0.3658536585365854
 40
0.3658536585365854
 40
0.3658536585365854
 40
0.3658536585365854
 40
0.3902439024390244
 40
0.3902439024390244
 40
0.3902439024390244
 40
0.3902439024390244
 40
0.4146341463414634
 40
0.4146341463414634
 40
0.4146341463414634
 40
0.4146341463414634
 40
0.4390243902439024
 40
0.4390243902439024
 40
0.4390243902439024
 40
0.4390243902439024
 40
0.4634146341463415
 40
0.4634146341463415
 40
0.4634146341463415
 40
0.4634146341463415
 40
0.4878048780487805
 40
0.4878048780487805
 40
0.4878048780487805
 40
0.4878048780487805
 40
0.5121951219512195
 40
0.5121951219512195
 40
0.5121951219512195
 40
0.5121951219512195
 40
0.5365853658536586
 40
0.5365853658536586
 40
0.5365853658536586
 40
0.5365853658536586
 40
0.5609756097560976
 40
0.5609756097560976
 40
0.5609756097560976
 40
0.5609756097560976
 40
0.5853658536585366
 40
0.5853658536585366
 40
0.5853658536585366
 40
0.5853658536585366
 40
0.6097560975609756
 40
0.6097560975609756
 40
0.6097560975609756
 40
0.6097560975609756
 40
0.6341463414634146
 40
0.6341463414634146
 40
0.6341463414634146
 40
0.6341463414634146
 40
0.6585365853658537
 40
0.6585365853658537
 40
0.6585365853658537
 40
0.6585365853658537
 40
0.6829268292682927
 40
0.6829268292682927
 40
0.6829268292682927
 40
0.6829268292682927
 40
0.7073170731707317
 40
0.7073170731707317
 40
0.7073170731707317
 40
0.7073170731707317
 40
0.7317073170731707
 40
0.7317073170731707
 40
0.7317073170731707
 40
0.7317073170731707
 40
0.7560975609756098
 40
0.7560975609756098
 40
0.7560975609756098
 40
0.7560975609756098
 40
0.7804878048780488
 40
0.7804878048780488
 40
0.7804878048780488
 40
0.7804878048780488
 40
0.8048780487804879
 40
0.8048780487804879
 40
0.8048780487804879
 40
0.8048780487804879
 40
0.8292682926829268
 40
0.8292682926829268
 40
0.8292682926829268
 40
0.8292682926829268
 40
0.8536585365853658
 40
0.8536585365853658
 40
0.8536585365853658
 40
0.8536585365853658
 40
0.8780487804878049
 40
0.8780487804878049
 40
0.8780487804878049
 40
0.8780487804878049
 40
0.9024390243902439
 40
0.9024390243902439
 40
0.9024390243902439
 40
0.9024390243902439
 40
0.926829268292683
 40
0.926829268292683
 40
0.926829268292683
 40
0.926829268292683
 40
0.9512195121951219
 40
0.9512195121951219
 40
0.9512195121951219
 40
0.9512195121951219
 40
1.0
 40
1.0
 40
1.0
 40
1.0
 10
17.6881
 20
-2.8006
 30
0.0
 10
17.6881
 20
-2.8006
 30
0.0
 10
17.8066
 20
-2.8006
 30
0.0
 10
17.8066
 20
-2.8006
 30
0.0
 10
17.8066
 20
-2.8006
 30
0.0
 10
17.9045
 20
-2.6257
 30
0.0
 10
17.9919
 20
-2.5024
 30
0.0
 10
18.071
 20
-2.43
 30
0.0
 10
18.071
 20
-2.43
 30
0.0
 10
18.15
 20
-2.3575
 30
0.0
 10
18.2403
 20
-2.3209
 30
0.0
 10
18.341
 20
-2.3209
 30
0.0
 10
18.341
 20
-2.3209
 30
0.0
 10
18.4426
 20
-2.3209
 30
0.0
 10
18.4934
 20
-2.3444
 30
0.0
 10
18.4934
 20
-2.3895
 30
0.0
 10
18.4934
 20
-2.3895
 30
0.0
 10
18.4934
 20
-2.4121
 30
0.0
 10
18.4538
 20
-2.4714
 30
0.0
 10
18.3748
 20
-2.5692
 30
0.0
 10
18.3748
 20
-2.5692
 30
0.0
 10
18.2958
 20
-2.6661
 30
0.0
 10
18.2356
 20
-2.7479
 30
0.0
 10
18.1951
 20
-2.8147
 30
0.0
 10
18.1951
 20
-2.8147
 30
0.0
 10
18.2572
 20
-2.8213
 30
0.0
 10
18.3137
 20
-2.8279
 30
0.0
 10
18.3617
 20
-2.8336
 30
0.0
 10
18.3617
 20
-2.8336
 30
0.0
 10
18.4106
 20
-2.8392
 30
0.0
 10
18.4491
 20
-2.8439
 30
0.0
 10
18.4764
 20
-2.8477
 30
0.0
 10
18.4764
 20
-2.8477
 30
0.0
 10
18.372
 20
-3.0415
 30
0.0
 10
18.2403
 20
-3.24
 30
0.0
 10
18.0823
 20
-3.4432
 30
0.0
 10
18.0823
 20
-3.4432
 30
0.0
 10
18.0305
 20
-3.4394
 30
0.0
 10
17.9872
 20
-3.4366
 30
0.0
 10
17.9524
 20
-3.4337
 30
0.0
 10
17.9524
 20
-3.4337
 30
0.0
 10
17.9176
 20
-3.4309
 30
0.0
 10
17.8828
 20
-3.4281
 30
0.0
 10
17.8461
 20
-3.4253
 30
0.0
 10
17.8461
 20
-3.4253
 30
0.0
 10
17.8104
 20
-3.4225
 30
0.0
 10
17.7671
 20
-3.4196
 30
0.0
 10
17.7154
 20
-3.4159
 30
0.0
 10
17.7154
 20
-3.4159
 30
0.0
 10
17.6166
 20
-3.5758
 30
0.0
 10
17.5329
 20
-3.7188
 30
0.0
 10
17.4661
 20
-3.8448
 30
0.0
 10
17.4661
 20
-3.8448
 30
0.0
 10
17.3993
 20
-3.9709
 30
0.0
 10
17.3475
 20
-4.0866
 30
0.0
 10
17.3118
 20
-4.192
 30
0.0
 10
17.3118
 20
-4.192
 30
0.0
 10
17.276
 20
-4.2964
 30
0.0
 10
17.2582
 20
-4.3961
 30
0.0
 10
17.2582
 20
-4.4892
 30
0.0
 10
17.2582
 20
-4.4892
 30
0.0
 10
17.2582
 20
-4.6162
 30
0.0
 10
17.309
 20
-4.6802
 30
0.0
 10
17.4096
 20
-4.6802
 30
0.0
 10
17.4096
 20
-4.6802
 30
0.0
 10
17.4792
 20
-4.6802
 30
0.0
 10
17.5714
 20
-4.6426
 30
0.0
 10
17.6843
 20
-4.5683
 30
0.0
 10
17.6843
 20
-4.5683
 30
0.0
 10
17.7972
 20
-4.4939
 30
0.0
 10
17.9477
 20
-4.3801
 30
0.0
 10
18.1378
 20
-4.2258
 30
0.0
 10
18.1378
 20
-4.2258
 30
0.0
 10
18.1378
 20
-4.2258
 30
0.0
 10
18.1378
 20
-4.4093
 30
0.0
 10
18.1378
 20
-4.4093
 30
0.0
 10
18.1378
 20
-4.4093
 30
0.0
 10
17.6411
 20
-4.9474
 30
0.0
 10
17.2742
 20
-5.2164
 30
0.0
 10
17.0371
 20
-5.2164
 30
0.0
 10
17.0371
 20
-5.2164
 30
0.0
 10
16.9543
 20
-5.2164
 30
0.0
 10
16.8875
 20
-5.1844
 30
0.0
 10
16.8377
 20
-5.1205
 30
0.0
 10
16.8377
 20
-5.1205
 30
0.0
 10
16.7869
 20
-5.0556
 30
0.0
 10
16.7615
 20
-4.9728
 30
0.0
 10
16.7615
 20
-4.8721
 30
0.0
 10
16.7615
 20
-4.8721
 30
0.0
 10
16.7615
 20
-4.8044
 30
0.0
 10
16.7756
 20
-4.7235
 30
0.0
 10
16.8038
 20
-4.6304
 30
0.0
 10
16.8038
 20
-4.6304
 30
0.0
 10
16.833
 20
-4.5363
 30
0.0
 10
16.8838
 20
-4.3952
 30
0.0
 10
16.9571
 20
-4.2061
 30
0.0
 10
16.9571
 20
-4.2061
 30
0.0
 10
16.9317
 20
-4.2287
 30
0.0
 10
16.9073
 20
-4.2494
 30
0.0
 10
16.8847
 20
-4.271
 30
0.0
 10
16.8847
 20
-4.271
 30
0.0
 10
16.8612
 20
-4.2917
 30
0.0
 10
16.8405
 20
-4.3114
 30
0.0
 10
16.8207
 20
-4.3284
 30
0.0
 10
16.8207
 20
-4.3284
 30
0.0
 10
16.8019
 20
-4.3463
 30
0.0
 10
16.7812
 20
-4.3641
 30
0.0
 10
16.7586
 20
-4.3839
 30
0.0
 10
16.7586
 20
-4.3839
 30
0.0
 10
16.737
 20
-4.4027
 30
0.0
 10
16.7144
 20
-4.4225
 30
0.0
 10
16.6928
 20
-4.4431
 30
0.0
 10
16.6928
 20
-4.4431
 30
0.0
 10
16.6928
 20
-4.4431
 30
0.0
 10
16.6928
 20
-4.2522
 30
0.0
 10
16.6928
 20
-4.2522
 30
0.0
 10
16.6928
 20
-4.2522
 30
0.0
 10
16.8856
 20
-4.0904
 30
0.0
 10
17.1189
 20
-3.8063
 30
0.0
 10
17.3936
 20
-3.3989
 30
0.0
 10
17.3936
 20
-3.3989
 30
0.0
 10
17.3654
 20
-3.398
 30
0.0
 10
17.34
 20
-3.3961
 30
0.0
 10
17.3156
 20
-3.3952
 30
0.0
 10
17.3156
 20
-3.3952
 30
0.0
 10
17.292
 20
-3.3942
 30
0.0
 10
17.2638
 20
-3.3942
 30
0.0
 10
17.2309
 20
-3.3942
 30
0.0
 10
17.2309
 20
-3.3942
 30
0.0
 10
17.1218
 20
-3.3942
 30
0.0
 10
17.0409
 20
-3.4008
 30
0.0
 10
16.9882
 20
-3.4159
 30
0.0
 10
16.9882
 20
-3.4159
 30
0.0
 10
16.9656
 20
-3.4215
 30
0.0
 10
16.9449
 20
-3.4272
 30
0.0
 10
16.9261
 20
-3.4337
 30
0.0
 10
16.9261
 20
-3.4337
 30
0.0
 10
16.9063
 20
-3.4403
 30
0.0
 10
16.8932
 20
-3.4432
 30
0.0
 10
16.8856
 20
-3.4432
 30
0.0
 10
16.8856
 20
-3.4432
 30
0.0
 10
16.8781
 20
-3.4432
 30
0.0
 10
16.8744
 20
-3.4375
 30
0.0
 10
16.8744
 20
-3.4272
 30
0.0
 10
16.8744
 20
-3.4272
 30
0.0
 10
16.8744
 20
-3.367
 30
0.0
 10
16.912
 20
-3.2766
 30
0.0
 10
16.9882
 20
-3.1562
 30
0.0
 10
16.9882
 20
-3.1562
 30
0.0
 10
17.0484
 20
-3.0537
 30
0.0
 10
17.1058
 20
-2.9775
 30
0.0
 10
17.1603
 20
-2.9276
 30
0.0
 10
17.1603
 20
-2.9276
 30
0.0
 10
17.2149
 20
-2.8778
 30
0.0
 10
17.2808
 20
-2.8439
 30
0.0
 10
17.3588
 20
-2.827
 30
0.0
 10
17.3588
 20
-2.827
 30
0.0
 10
17.4369
 20
-2.8091
 30
0.0
 10
17.547
 20
-2.8006
 30
0.0
 10
17.6881
 20
-2.8006
 30
0.0
  0
SPLINE
  5
99
330
1F
100
AcDbEntity
  8
layer 1
 62
   142
370
     9
100
AcDbSpline
210
0.0
220
0.0
230
1.0
 70
    11
 71
     3
 72
    96
 73
    92
 74
     0
 42
0.000000001
 43
0.0000000001
 40
0.0
 40
0.0
 40
0.0
 40
0.0
 40
0.0416666666666667
 40
0.0416666666666667
 40
0.0416666666666667
 40
0.0416666666666667
 40
0.0833333333333333
 40
0.0833333333333333
 40
0.0833333333333333
 40
0.0833333333333333
 40
0.125
 40
0.125
 40
0.125
 40
0.125
 40
0.1666666666666667
 40
0.1666666666666667
 40
0.1666666666666667
 40
0.1666666666666667
 40
0.2083333333333333
 40
0.2083333333333333
 40
0.2083333333333333
 40
0.2083333333333333
 40
0.25
 40
0.25
 40
0.25
 40
0.25
 40
0.2916666666666667
 40
0.2916666666666667
 40
0.2916666666666667
 40
0.2916666666666667
 40
0.3333333333333333
 40
0.3333333333333333
 40
0.3333333333333333
 40
0.3333333333333333
 40
0.375
 40
0.375
 40
0.375
 40
0.375
 40
0.4166666666666667
 40
0.4166666666666667
 40
0.4166666666666667
 40
0.4166666666666667
 40
0.4583333333333333
 40
0.4583333333333333
 40
0.4583333333333333
 40
0.4583333333333333
 40
0.5
 40
0.5
 40
0.5
 40
0.5
 40
0.5416666666666666
 40
0.5416666666666666
 40
0.5416666666666666
 40
0.5416666666666666
 40
0.5833333333333334
 40
0.5833333333333334
 40
0.5833333333333334
 40
0.5833333333333334
 40
0.625
 40
0.625
 40
0.625
 40
0.625
 40
0.6666666666666666
 40
0.6666666666666666
 40
0.6666666666666666
 40
0.6666666666666666
 40
0.7083333333333334
 40
0.7083333333333334
 40
0.7083333333333334
 40
0.7083333333333334
 40
0.75
 40
0.75
 40
0.75
 40
0.75
 40
0.7916666666666666
 40
0.7916666666666666
 40
0.7916666666666666
 40
0.7916666666666666
 40
0.8333333333333334
 40
0.8333333333333334
 40
0.8333333333333334
 40
0.8333333333333334
 40
0.875
 40
0.875
 40
0.875
 40
0.875
 40
0.9166666666666666
 40
0.9166666666666666
 40
0.9166666666666666
 40
0.9166666666666666
 40
1.0
 40
1.0
 40
1.0
 40
1.0
 10
19.9035
 20
-4.224
 30
0.0
 10
19.9035
 20
-4.224
 30
0.0
 10
19.9035
 20
-4.4083
 30
0.0
 10
19.9035
 20
-4.4083
 30
0.0
 10
19.9035
 20
-4.4083
 30
0.0
 10
19.7822
 20
-4.5184
 30
0.0
 10
19.6853
 20
-4.5918
 30
0.0
 10
19.6119
 20
-4.6294
 30
0.0
 10
19.6119
 20
-4.6294
 30
0.0
 10
19.5385
 20
-4.6661
 30
0.0
 10
19.4331
 20
-4.6802
 30
0.0
 10
19.2949
 20
-4.6727
 30
0.0
 10
19.2949
 20
-4.6727
 30
0.0
 10
19.0569
 20
-4.9558
 30
0.0
 10
18.8461
 20
-5.0979
 30
0.0
 10
18.6646
 20
-5.0979
 30
0.0
 10
18.6646
 20
-5.0979
 30
0.0
 10
18.5611
 20
-5.0979
 30
0.0
 10
18.468
 20
-5.064
 30
0.0
 10
18.3833
 20
-4.9963
 30
0.0
 10
18.3833
 20
-4.9963
 30
0.0
 10
18.2986
 20
-4.9276
 30
0.0
 10
18.2309
 20
-4.8354
 30
0.0
 10
18.181
 20
-4.7178
 30
0.0
 10
18.181
 20
-4.7178
 30
0.0
 10
18.1302
 20
-4.6003
 30
0.0
 10
18.1048
 20
-4.4685
 30
0.0
 10
18.1048
 20
-4.3237
 30
0.0
 10
18.1048
 20
-4.3237
 30
0.0
 10
18.1048
 20
-4.2061
 30
0.0
 10
18.1434
 20
-4.0753
 30
0.0
 10
18.2215
 20
-3.9323
 30
0.0
 10
18.2215
 20
-3.9323
 30
0.0
 10
18.2996
 20
-3.7893
 30
0.0
 10
18.4012
 20
-3.6558
 30
0.0
 10
18.5253
 20
-3.5316
 30
0.0
 10
18.5253
 20
-3.5316
 30
0.0
 10
18.6486
 20
-3.4074
 30
0.0
 10
18.7812
 20
-3.3077
 30
0.0
 10
18.9233
 20
-3.2315
 30
0.0
 10
18.9233
 20
-3.2315
 30
0.0
 10
19.0644
 20
-3.1553
 30
0.0
 10
19.1961
 20
-3.1167
 30
0.0
 10
19.3165
 20
-3.1167
 30
0.0
 10
19.3165
 20
-3.1167
 30
0.0
 10
19.403
 20
-3.1167
 30
0.0
 10
19.4708
 20
-3.1299
 30
0.0
 10
19.5206
 20
-3.1562
 30
0.0
 10
19.5206
 20
-3.1562
 30
0.0
 10
19.5705
 20
-3.1835
 30
0.0
 10
19.595
 20
-3.2202
 30
0.0
 10
19.595
 20
-3.2682
 30
0.0
 10
19.595
 20
-3.2682
 30
0.0
 10
19.595
 20
-3.3049
 30
0.0
 10
19.5743
 20
-3.3472
 30
0.0
 10
19.5319
 20
-3.3952
 30
0.0
 10
19.5319
 20
-3.3952
 30
0.0
 10
19.6015
 20
-3.4093
 30
0.0
 10
19.6495
 20
-3.4337
 30
0.0
 10
19.6749
 20
-3.4676
 30
0.0
 10
19.6749
 20
-3.4676
 30
0.0
 10
19.7003
 20
-3.5015
 30
0.0
 10
19.7135
 20
-3.5636
 30
0.0
 10
19.7135
 20
-3.6539
 30
0.0
 10
19.7135
 20
-3.6539
 30
0.0
 10
19.7135
 20
-3.7423
 30
0.0
 10
19.6928
 20
-3.8533
 30
0.0
 10
19.6514
 20
-3.9869
 30
0.0
 10
19.6514
 20
-3.9869
 30
0.0
 10
19.61
 20
-4.1214
 30
0.0
 10
19.5536
 20
-4.2465
 30
0.0
 10
19.4821
 20
-4.3641
 30
0.0
 10
19.4821
 20
-4.3641
 30
0.0
 10
19.4821
 20
-4.3641
 30
0.0
 10
19.5319
 20
-4.414
 30
0.0
 10
19.5319
 20
-4.414
 30
0.0
 10
19.5319
 20
-4.414
 30
0.0
 10
19.5319
 20
-4.414
 30
0.0
 10
19.5733
 20
-4.414
 30
0.0
 10
19.5733
 20
-4.414
 30
0.0
 10
19.5733
 20
-4.414
 30
0.0
 10
19.6044
 20
-4.414
 30
0.0
 10
19.6354
 20
-4.4055
 30
0.0
 10
19.6655
 20
-4.3905
 30
0.0
 10
19.6655
 20
-4.3905
 30
0.0
 10
19.6956
 20
-4.3745
 30
0.0
 10
19.7229
 20
-4.3585
 30
0.0
 10
19.7464
 20
-4.3406
 30
0.0
 10
19.7464
 20
-4.3406
 30
0.0
 10
19.7709
 20
-4.3237
 30
0.0
 10
19.8226
 20
-4.2842
 30
0.0
 10
19.9035
 20
-4.224
 30
0.0
  0
SPLINE
  5
9A
330
1F
100
AcDbEntity
  8
layer 1
 62
   142
370
     9
100
AcDbSpline
210
0.0
220
0.0
230
1.0
 70
    11
 71
     3
 72
    40
 73
    36
 74
     0
 42
0.000000001
 43
0.0000000001
 40
0.0
 40
0.0
 40
0.0
 40
0.0
 40
0.1
 40
0.1
 40
0.1
 40
0.1
 40
0.2
 40
0.2
 40
0.2
 40
0.2
 40
0.3
 40
0.3
 40
0.3
 40
0.3
 40
0.4
 40
0.4
 40
0.4
 40
0.4
 40
0.5
 40
0.5
 40
0.5
 40
0.5
 40
0.6
 40
0.6
 40
0.6
 40
0.6
 40
0.7
 40
0.7
 40
0.7
 40
0.7
 40
0.8
 40
0.8
 40
0.8
 40
0.8
 40
1.0
 40
1.0
 40
1.0
 40
1.0
 10
19.3363
 20
-3.5005
 30
0.0
 10
19.1839
 20
-3.5918
 30
0.0
 10
19.054
 20
-3.6755
 30
0.0
 10
18.9449
 20
-3.7498
 30
0.0
 10
18.9449
 20
-3.7498
 30
0.0
 10
18.8367
 20
-3.8241
 30
0.0
 10
18.7455
 20
-3.8994
 30
0.0
 10
18.6693
 20
-3.9756
 30
0.0
 10
18.6693
 20
-3.9756
 30
0.0
 10
18.594
 20
-4.0518
 30
0.0
 10
18.5442
 20
-4.128
 30
0.0
 10
18.5178
 20
-4.2051
 30
0.0
 10
18.5178
 20
-4.2051
 30
0.0
 10
18.4717
 20
-4.4102
 30
0.0
 10
18.4491
 20
-4.5212
 30
0.0
 10
18.4491
 20
-4.5382
 30
0.0
 10
18.4491
 20
-4.5382
 30
0.0
 10
18.4491
 20
-4.6595
 30
0.0
 10
18.5338
 20
-4.7197
 30
0.0
 10
18.7031
 20
-4.7197
 30
0.0
 10
18.7031
 20
-4.7197
 30
0.0
 10
18.7822
 20
-4.7197
 30
0.0
 10
18.9139
 20
-4.652
 30
0.0
 10
19.1001
 20
-4.5165
 30
0.0
 10
19.1001
 20
-4.5165
 30
0.0
 10
19.0691
 20
-4.43
 30
0.0
 10
19.0531
 20
-4.3472
 30
0.0
 10
19.0531
 20
-4.2682
 30
0.0
 10
19.0531
 20
-4.2682
 30
0.0
 10
19.0531
 20
-4.1525
 30
0.0
 10
19.0766
 20
-4.0349
 30
0.0
 10
19.1246
 20
-3.9145
 30
0.0
 10
19.1246
 20
-3.9145
 30
0.0
 10
19.1726
 20
-3.794
 30
0.0
 10
19.2431
 20
-3.6567
 30
0.0
 10
19.3363
 20
-3.5005
 30
0.0
  0
SPLINE
  5
9B
330
1F
100
AcDbEntity
  8
layer 1
 62
   142
370
     9
100
AcDbSpline
210
0.0
220
0.0
230
1.0
 70
    11
 71
     3
 72
   172
 73
   168
 74
     0
 42
0.000000001
 43
0.0000000001
 40
0.0
 40
0.0
 40
0.0
 40
0.0
 40
0.0232558139534884
 40
0.0232558139534884
 40
0.0232558139534884
 40
0.0232558139534884
 40
0.0465116279069767
 40
0.0465116279069767
 40
0.0465116279069767
 40
0.0465116279069767
 40
0.0697674418604651
 40
0.0697674418604651
 40
0.0697674418604651
 40
0.0697674418604651
 40
0.0930232558139535
 40
0.0930232558139535
 40
0.0930232558139535
 40
0.0930232558139535
 40
0.1162790697674419
 40
0.1162790697674419
 40
0.1162790697674419
 40
0.1162790697674419
 40
0.1395348837209302
 40
0.1395348837209302
 40
0.1395348837209302
 40
0.1395348837209302
 40
0.1627906976744186
 40
0.1627906976744186
 40
0.1627906976744186
 40
0.1627906976744186
 40
0.186046511627907
 40
0.186046511627907
 40
0.186046511627907
 40
0.186046511627907
 40
0.2093023255813954
 40
0.2093023255813954
 40
0.2093023255813954
 40
0.2093023255813954
 40
0.2325581395348837
 40
0.2325581395348837
 40
0.2325581395348837
 40
0.2325581395348837
 40
0.2558139534883721
 40
0.2558139534883721
 40
0.2558139534883721
 40
0.2558139534883721
 40
0.2790697674418605
 40
0.2790697674418605
 40
0.2790697674418605
 40
0.2790697674418605
 40
0.3023255813953488
 40
0.3023255813953488
 40
0.3023255813953488
 40
0.3023255813953488
 40
0.3255813953488372
 40
0.3255813953488372
 40
0.3255813953488372
 40
0.3255813953488372
 40
0.3488372093023256
 40
0.3488372093023256
 40
0.3488372093023256
 40
0.3488372093023256
 40
0.3720930232558139
 40
0.3720930232558139
 40
0.3720930232558139
 40
0.3720930232558139
 40
0.3953488372093023
 40
0.3953488372093023
 40
0.3953488372093023
 40
0.3953488372093023
 40
0.4186046511627907
 40
0.4186046511627907
 40
0.4186046511627907
 40
0.4186046511627907
 40
0.4418604651162791
 40
0.4418604651162791
 40
0.4418604651162791
 40
0.4418604651162791
 40
0.4651162790697674
 40
0.4651162790697674
 40
0.4651162790697674
 40
0.4651162790697674
 40
0.4883720930232558
 40
0.4883720930232558
 40
0.4883720930232558
 40
0.4883720930232558
 40
0.5116279069767442
 40
0.5116279069767442
 40
0.5116279069767442
 40
0.5116279069767442
 40
0.5348837209302325
 40
0.5348837209302325
 40
0.5348837209302325
 40
0.5348837209302325
 40
0.5581395348837209
 40
0.5581395348837209
 40
0.5581395348837209
 40
0.5581395348837209
 40
0.5813953488372093
 40
0.5813953488372093
 40
0.5813953488372093
 40
0.5813953488372093
 40
0.6046511627906976
 40
0.6046511627906976
 40
0.6046511627906976
 40
0.6046511627906976
 40
0.627906976744186
 40
0.627906976744186
 40
0.627906976744186
 40
0.627906976744186
 40
0.6511627906976745
 40
0.6511627906976745
 40
0.6511627906976745
 40
0.6511627906976745
 40
0.6744186046511628
 40
0.6744186046511628
 40
0.6744186046511628
 40
0.6744186046511628
 40
0.6976744186046512
 40
0.6976744186046512
 40
0.6976744186046512
 40
0.6976744186046512
 40
0.7209302325581395
 40
0.7209302325581395
 40
0.7209302325581395
 40
0.7209302325581395
 40
0.7441860465116279
 40
0.7441860465116279
 40
0.7441860465116279
 40
0.7441860465116279
 40
0.7674418604651163
 40
0.7674418604651163
 40
0.7674418604651163
 40
0.7674418604651163
 40
0.7906976744186046
 40
0.7906976744186046
 40
0.7906976744186046
 40
0.7906976744186046
 40
0.813953488372093
 40
0.813953488372093
 40
0.813953488372093
 40
0.813953488372093
 40
0.8372093023255814
 40
0.8372093023255814
 40
0.8372093023255814
 40
0.8372093023255814
 40
0.8604651162790697
 40
0.8604651162790697
 40
0.8604651162790697
 40
0.8604651162790697
 40
0.8837209302325582
 40
0.8837209302325582
 40
0.8837209302325582
 40
0.8837209302325582
 40
0.9069767441860465
 40
0.9069767441860465
 40
0.9069767441860465
 40
0.9069767441860465
 40
0.9302325581395349
 40
0.9302325581395349
 40
0.9302325581395349
 40
0.9302325581395349
 40
0.9534883720930233
 40
0.9534883720930233
 40
0.9534883720930233
 40
0.9534883720930233
 40
1.0
 40
1.0
 40
1.0
 40
1.0
 10
19.8659
 20
-4.4601
 30
0.0
 10
19.8659
 20
-4.4601
 30
0.0
 10
19.8659
 20
-4.2682
 30
0.0
 10
19.8659
 20
-4.2682
 30
0.0
 10
19.8659
 20
-4.2682
 30
0.0
 10
20.1236
 20
-3.9888
 30
0.0
 10
20.3457
 20
-3.7254
 30
0.0
 10
20.5319
 20
-3.4798
 30
0.0
 10
20.5319
 20
-3.4798
 30
0.0
 10
20.7182
 20
-3.2334
 30
0.0
 10
20.8659
 20
-3.0377
 30
0.0
 10
20.9741
 20
-2.8928
 30
0.0
 10
20.9741
 20
-2.8928
 30
0.0
 10
21.0823
 20
-2.7479
 30
0.0
 10
21.1782
 20
-2.6454
 30
0.0
 10
21.261
 20
-2.5852
 30
0.0
 10
21.261
 20
-2.5852
 30
0.0
 10
21.3438
 20
-2.5259
 30
0.0
 10
21.4473
 20
-2.4958
 30
0.0
 10
21.5724
 20
-2.4958
 30
0.0
 10
21.5724
 20
-2.4958
 30
0.0
 10
21.6345
 20
-2.4958
 30
0.0
 10
21.6665
 20
-2.5193
 30
0.0
 10
21.6665
 20
-2.5673
 30
0.0
 10
21.6665
 20
-2.5673
 30
0.0
 10
21.6665
 20
-2.6059
 30
0.0
 10
21.6411
 20
-2.6633
 30
0.0
 10
21.5903
 20
-2.7385
 30
0.0
 10
21.5903
 20
-2.7385
 30
0.0
 10
21.5395
 20
-2.8138
 30
0.0
 10
21.4745
 20
-2.8909
 30
0.0
 10
21.3955
 20
-2.97
 30
0.0
 10
21.3955
 20
-2.97
 30
0.0
 10
21.2911
 20
-3.0734
 30
0.0
 10
21.1886
 20
-3.2023
 30
0.0
 10
21.0888
 20
-3.3575
 30
0.0
 10
21.0888
 20
-3.3575
 30
0.0
 10
20.9882
 20
-3.5128
 30
0.0
 10
20.8753
 20
-3.7113
 30
0.0
 10
20.7483
 20
-3.9521
 30
0.0
 10
20.7483
 20
-3.9521
 30
0.0
 10
20.8471
 20
-3.8749
 30
0.0
 10
20.9618
 20
-3.7828
 30
0.0
 10
21.0917
 20
-3.6774
 30
0.0
 10
21.0917
 20
-3.6774
 30
0.0
 10
21.2205
 20
-3.572
 30
0.0
 10
21.3268
 20
-3.4892
 30
0.0
 10
21.4087
 20
-3.429
 30
0.0
 10
21.4087
 20
-3.429
 30
0.0
 10
21.4905
 20
-3.3698
 30
0.0
 10
21.5714
 20
-3.3227
 30
0.0
 10
21.6514
 20
-3.2879
 30
0.0
 10
21.6514
 20
-3.2879
 30
0.0
 10
21.7314
 20
-3.2531
 30
0.0
 10
21.8113
 20
-3.2352
 30
0.0
 10
21.8922
 20
-3.2352
 30
0.0
 10
21.8922
 20
-3.2352
 30
0.0
 10
21.944
 20
-3.2352
 30
0.0
 10
21.9769
 20
-3.2447
 30
0.0
 10
21.9929
 20
-3.2625
 30
0.0
 10
21.9929
 20
-3.2625
 30
0.0
 10
22.0089
 20
-3.2813
 30
0.0
 10
22.0164
 20
-3.3171
 30
0.0
 10
22.0164
 20
-3.3698
 30
0.0
 10
22.0164
 20
-3.3698
 30
0.0
 10
22.0164
 20
-3.5099
 30
0.0
 10
21.9825
 20
-3.6463
 30
0.0
 10
21.9148
 20
-3.779
 30
0.0
 10
21.9148
 20
-3.779
 30
0.0
 10
21.8461
 20
-3.9116
 30
0.0
 10
21.7492
 20
-4.0499
 30
0.0
 10
21.6222
 20
-4.1929
 30
0.0
 10
21.6222
 20
-4.1929
 30
0.0
 10
21.4952
 20
-4.3368
 30
0.0
 10
21.3391
 20
-4.4921
 30
0.0
 10
21.1528
 20
-4.6614
 30
0.0
 10
21.1528
 20
-4.6614
 30
0.0
 10
21.2177
 20
-4.6849
 30
0.0
 10
21.2836
 20
-4.6971
 30
0.0
 10
21.3522
 20
-4.6971
 30
0.0
 10
21.3522
 20
-4.6971
 30
0.0
 10
21.5649
 20
-4.6971
 30
0.0
 10
21.8508
 20
-4.5344
 30
0.0
 10
22.2093
 20
-4.2098
 30
0.0
 10
22.2093
 20
-4.2098
 30
0.0
 10
22.2093
 20
-4.2098
 30
0.0
 10
22.2093
 20
-4.4083
 30
0.0
 10
22.2093
 20
-4.4083
 30
0.0
 10
22.2093
 20
-4.4083
 30
0.0
 10
22.07
 20
-4.5335
 30
0.0
 10
21.9327
 20
-4.6511
 30
0.0
 10
21.8
 20
-4.7621
 30
0.0
 10
21.8
 20
-4.7621
 30
0.0
 10
21.6665
 20
-4.8721
 30
0.0
 10
21.5413
 20
-4.9606
 30
0.0
 10
21.4237
 20
-5.0264
 30
0.0
 10
21.4237
 20
-5.0264
 30
0.0
 10
21.3062
 20
-5.0932
 30
0.0
 10
21.198
 20
-5.1261
 30
0.0
 10
21.0982
 20
-5.1261
 30
0.0
 10
21.0982
 20
-5.1261
 30
0.0
 10
21.0616
 20
-5.1261
 30
0.0
 10
21.023
 20
-5.1224
 30
0.0
 10
20.9816
 20
-5.1139
 30
0.0
 10
20.9816
 20
-5.1139
 30
0.0
 10
20.9402
 20
-5.1054
 30
0.0
 10
20.9016
 20
-5.0951
 30
0.0
 10
20.8668
 20
-5.0828
 30
0.0
 10
20.8668
 20
-5.0828
 30
0.0
 10
20.832
 20
-5.0716
 30
0.0
 10
20.7869
 20
-5.0546
 30
0.0
 10
20.7314
 20
-5.032
 30
0.0
 10
20.7314
 20
-5.032
 30
0.0
 10
20.6768
 20
-5.0095
 30
0.0
 10
20.6345
 20
-4.9944
 30
0.0
 10
20.6053
 20
-4.985
 30
0.0
 10
20.6053
 20
-4.985
 30
0.0
 10
20.546
 20
-5.0001
 30
0.0
 10
20.5131
 20
-5.0076
 30
0.0
 10
20.5056
 20
-5.0076
 30
0.0
 10
20.5056
 20
-5.0076
 30
0.0
 10
20.4416
 20
-5.0076
 30
0.0
 10
20.3664
 20
-4.9812
 30
0.0
 10
20.2798
 20
-4.9295
 30
0.0
 10
20.2798
 20
-4.9295
 30
0.0
 10
20.2187
 20
-5.0471
 30
0.0
 10
20.1528
 20
-5.1986
 30
0.0
 10
20.0804
 20
-5.3858
 30
0.0
 10
20.0804
 20
-5.3858
 30
0.0
 10
20.007
 20
-5.572
 30
0.0
 10
19.9459
 20
-5.7197
 30
0.0
 10
19.8969
 20
-5.8298
 30
0.0
 10
19.8969
 20
-5.8298
 30
0.0
 10
19.8471
 20
-5.9399
 30
0.0
 10
19.7812
 20
-6.0452
 30
0.0
 10
19.6984
 20
-6.1468
 30
0.0
 10
19.6984
 20
-6.1468
 30
0.0
 10
19.6523
 20
-6.1929
 30
0.0
 10
19.6204
 20
-6.2155
 30
0.0
 10
19.6015
 20
-6.2155
 30
0.0
 10
19.6015
 20
-6.2155
 30
0.0
 10
19.5225
 20
-6.2155
 30
0.0
 10
19.483
 20
-6.1459
 30
0.0
 10
19.483
 20
-6.0057
 30
0.0
 10
19.483
 20
-6.0057
 30
0.0
 10
19.483
 20
-5.8844
 30
0.0
 10
19.5075
 20
-5.7583
 30
0.0
 10
19.5564
 20
-5.6275
 30
0.0
 10
19.5564
 20
-5.6275
 30
0.0
 10
19.6053
 20
-5.4958
 30
0.0
 10
19.6646
 20
-5.3717
 30
0.0
 10
19.7351
 20
-5.2541
 30
0.0
 10
19.7351
 20
-5.2541
 30
0.0
 10
19.8066
 20
-5.1365
 30
0.0
 10
19.8838
 20
-5.017
 30
0.0
 10
19.9684
 20
-4.8966
 30
0.0
 10
19.9684
 20
-4.8966
 30
0.0
 10
20.0531
 20
-4.7771
 30
0.0
 10
20.1124
 20
-4.6868
 30
0.0
 10
20.1472
 20
-4.6285
 30
0.0
 10
20.1472
 20
-4.6285
 30
0.0
 10
20.4379
 20
-4.1289
 30
0.0
 10
20.6636
 20
-3.7047
 30
0.0
 10
20.8254
 20
-3.3538
 30
0.0
 10
20.8254
 20
-3.3538
 30
0.0
 10
20.403
 20
-3.8674
 30
0.0
 10
20.0832
 20
-4.2362
 30
0.0
 10
19.8659
 20
-4.4601
 30
0.0
  0
SPLINE
  5
9C
330
1F
100
AcDbEntity
  8
layer 1
 62
   142
370
     9
100
AcDbSpline
210
0.0
220
0.0
230
1.0
 70
    11
 71
     3
 72
    32
 73
    28
 74
     0
 42
0.000000001
 43
0.0000000001
 40
0.0
 40
0.0
 40
0.0
 40
0.0
 40
0.125
 40
0.125
 40
0.125
 40
0.125
 40
0.25
 40
0.25
 40
0.25
 40
0.25
 40
0.375
 40
0.375
 40
0.375
 40
0.375
 40
0.5
 40
0.5
 40
0.5
 40
0.5
 40
0.625
 40
0.625
 40
0.625
 40
0.625
 40
0.75
 40
0.75
 40
0.75
 40
0.75
 40
1.0
 40
1.0
 40
1.0
 40
1.0
 10
20.9854
 20
-4.5955
 30
0.0
 10
21.1669
 20
-4.4046
 30
0.0
 10
21.3024
 20
-4.2418
 30
0.0
 10
21.3918
 20
-4.1082
 30
0.0
 10
21.3918
 20
-4.1082
 30
0.0
 10
21.4811
 20
-3.9737
 30
0.0
 10
21.5253
 20
-3.8712
 30
0.0
 10
21.5253
 20
-3.7997
 30
0.0
 10
21.5253
 20
-3.7997
 30
0.0
 10
21.5253
 20
-3.732
 30
0.0
 10
21.4915
 20
-3.6981
 30
0.0
 10
21.4237
 20
-3.6981
 30
0.0
 10
21.4237
 20
-3.6981
 30
0.0
 10
21.3316
 20
-3.6981
 30
0.0
 10
21.2027
 20
-3.7733
 30
0.0
 10
21.0362
 20
-3.9248
 30
0.0
 10
21.0362
 20
-3.9248
 30
0.0
 10
20.8697
 20
-4.0763
 30
0.0
 10
20.6984
 20
-4.2804
 30
0.0
 10
20.5225
 20
-4.5372
 30
0.0
 10
20.5225
 20
-4.5372
 30
0.0
 10
20.658
 20
-4.5231
 30
0.0
 10
20.7492
 20
-4.5175
 30
0.0
 10
20.7953
 20
-4.5222
 30
0.0
 10
20.7953
 20
-4.5222
 30
0.0
 10
20.8405
 20
-4.5269
 30
0.0
 10
20.9045
 20
-4.5513
 30
0.0
 10
20.9854
 20
-4.5955
 30
0.0
  0
SPLINE
  5
9D
330
1F
100
AcDbEntity
  8
layer 1
 62
   251
370
     9
100
AcDbSpline
210
0.0
220
0.0
230
1.0
 70
    11
 71
     3
 72
    32
 73
    28
 74
     0
 42
0.000000001
 43
0.0000000001
 40
0.0
 40
0.0
 40
0.0
 40
0.0
 40
0.125
 40
0.125
 40
0.125
 40
0.125
 40
0.25
 40
0.25
 40
0.25
 40
0.25
 40
0.375
 40
0.375
 40
0.375
 40
0.375
 40
0.5
 40
0.5
 40
0.5
 40
0.5
 40
0.625
 40
0.625
 40
0.625
 40
0.625
 40
0.75
 40
0.75
 40
0.75
 40
0.75
 40
1.0
 40
1.0
 40
1.0
 40
1.0
 10
-7.4616
 20
-14.5299
 30
0.0
 10
-7.2992
 20
-16.0662
 30
0.0
 10
-6.7301
 20
-17.3632
 30
0.0
 10
-5.8353
 20
-18.4987
 30
0.0
 10
-5.8353
 20
-18.4987
 30
0.0
 10
-4.3256
 20
-20.4143
 30
0.0
 10
-1.7975
 20
-21.4918
 30
0.0
 10
0.7351
 20
-21.2567
 30
0.0
 10
0.7351
 20
-21.2567
 30
0.0
 10
4.5931
 20
-20.8987
 30
0.0
 10
7.8765
 20
-17.4338
 30
0.0
 10
7.465
 20
-13.0706
 30
0.0
 10
7.465
 20
-13.0706
 30
0.0
 10
7.0975
 20
-9.1737
 30
0.0
 10
3.652
 20
-5.922
 30
0.0
 10
-0.7251
 20
-6.3221
 30
0.0
 10
-0.7251
 20
-6.3221
 30
0.0
 10
-2.8195
 20
-6.5136
 30
0.0
 10
-4.9101
 20
-7.7107
 30
0.0
 10
-6.0726
 20
-9.387
 30
0.0
 10
-6.0726
 20
-9.387
 30
0.0
 10
-6.4582
 20
-9.943
 30
0.0
 10
-6.8165
 20
-10.5621
 30
0.0
 10
-7.0467
 20
-11.2206
 30
0.0
 10
-7.0467
 20
-11.2206
 30
0.0
 10
-7.4
 20
-12.2316
 30
0.0
 10
-7.5854
 20
-13.3589
 30
0.0
 10
-7.4616
 20
-14.5299
 30
0.0
  0
ELLIPSE
  5
9E
330
1F
100
AcDbEntity
  8
layer 1
 62
   142
370
    20
100
AcDbEllipse
 10
0.0001
 20
-13.7887
 30
0.0
 11
7.0001
 21
0.0
 31
0.0
210
0.0
220
0.0
230
1.0
 40
0.999985714489793
 41
0.0
 42
6.283185307179586
  0
SPLINE
  5
9F
330
1F
100
AcDbEntity
  8
layer 1
 62
   142
100
AcDbSpline
210
0.0
220
0.0
230
1.0
 70
    11
 71
     3
 72
   384
 73
   380
 74
     0
 42
0.000000001
 43
0.0000000001
 40
0.0
 40
0.0
 40
0.0
 40
0.0
 40
0.0104166666666667
 40
0.0104166666666667
 40
0.0104166666666667
 40
0.0104166666666667
 40
0.0208333333333333
 40
0.0208333333333333
 40
0.0208333333333333
 40
0.0208333333333333
 40
0.03125
 40
0.03125
 40
0.03125
 40
0.03125
 40
0.0416666666666667
 40
0.0416666666666667
 40
0.0416666666666667
 40
0.0416666666666667
 40
0.0520833333333333
 40
0.0520833333333333
 40
0.0520833333333333
 40
0.0520833333333333
 40
0.0625
 40
0.0625
 40
0.0625
 40
0.0625
 40
0.0729166666666667
 40
0.0729166666666667
 40
0.0729166666666667
 40
0.0729166666666667
 40
0.0833333333333333
 40
0.0833333333333333
 40
0.0833333333333333
 40
0.0833333333333333
 40
0.09375
 40
0.09375
 40
0.09375
 40
0.09375
 40
0.1041666666666667
 40
0.1041666666666667
 40
0.1041666666666667
 40
0.1041666666666667
 40
0.1145833333333333
 40
0.1145833333333333
 40
0.1145833333333333
 40
0.1145833333333333
 40
0.125
 40
0.125
 40
0.125
 40
0.125
 40
0.1354166666666667
 40
0.1354166666666667
 40
0.1354166666666667
 40
0.1354166666666667
 40
0.1458333333333333
 40
0.1458333333333333
 40
0.1458333333333333
 40
0.1458333333333333
 40
0.15625
 40
0.15625
 40
0.15625
 40
0.15625
 40
0.1666666666666667
 40
0.1666666666666667
 40
0.1666666666666667
 40
0.1666666666666667
 40
0.1770833333333333
 40
0.1770833333333333
 40
0.1770833333333333
 40
0.1770833333333333
 40
0.1875
 40
0.1875
 40
0.1875
 40
0.1875
 40
0.1979166666666667
 40
0.1979166666666667
 40
0.1979166666666667
 40
0.1979166666666667
 40
0.2083333333333333
 40
0.2083333333333333
 40
0.2083333333333333
 40
0.2083333333333333
 40
0.21875
 40
0.21875
 40
0.21875
 40
0.21875
 40
0.2291666666666667
 40
0.2291666666666667
 40
0.2291666666666667
 40
0.2291666666666667
 40
0.2395833333333333
 40
0.2395833333333333
 40
0.2395833333333333
 40
0.2395833333333333
 40
0.25
 40
0.25
 40
0.25
 40
0.25
 40
0.2604166666666667
 40
0.2604166666666667
 40
0.2604166666666667
 40
0.2604166666666667
 40
0.2708333333333333
 40
0.2708333333333333
 40
0.2708333333333333
 40
0.2708333333333333
 40
0.28125
 40
0.28125
 40
0.28125
 40
0.28125
 40
0.2916666666666667
 40
0.2916666666666667
 40
0.2916666666666667
 40
0.2916666666666667
 40
0.3020833333333333
 40
0.3020833333333333
 40
0.3020833333333333
 40
0.3020833333333333
 40
0.3125
 40
0.3125
 40
0.3125
 40
0.3125
 40
0.3229166666666667
 40
0.3229166666666667
 40
0.3229166666666667
 40
0.3229166666666667
 40
0.3333333333333333
 40
0.3333333333333333
 40
0.3333333333333333
 40
0.3333333333333333
 40
0.34375
 40
0.34375
 40
0.34375
 40
0.34375
 40
0.3541666666666667
 40
0.3541666666666667
 40
0.3541666666666667
 40
0.3541666666666667
 40
0.3645833333333333
 40
0.3645833333333333
 40
0.3645833333333333
 40
0.3645833333333333
 40
0.375
 40
0.375
 40
0.375
 40
0.375
 40
0.3854166666666667
 40
0.3854166666666667
 40
0.3854166666666667
 40
0.3854166666666667
 40
0.3958333333333333
 40
0.3958333333333333
 40
0.3958333333333333
 40
0.3958333333333333
 40
0.40625
 40
0.40625
 40
0.40625
 40
0.40625
 40
0.4166666666666667
 40
0.4166666666666667
 40
0.4166666666666667
 40
0.4166666666666667
 40
0.4270833333333333
 40
0.4270833333333333
 40
0.4270833333333333
 40
0.4270833333333333
 40
0.4375
 40
0.4375
 40
0.4375
 40
0.4375
 40
0.4479166666666667
 40
0.4479166666666667
 40
0.4479166666666667
 40
0.4479166666666667
 40
0.4583333333333333
 40
0.4583333333333333
 40
0.4583333333333333
 40
0.4583333333333333
 40
0.46875
 40
0.46875
 40
0.46875
 40
0.46875
 40
0.4791666666666667
 40
0.4791666666666667
 40
0.4791666666666667
 40
0.4791666666666667
 40
0.4895833333333333
 40
0.4895833333333333
 40
0.4895833333333333
 40
0.4895833333333333
 40
0.5
 40
0.5
 40
0.5
 40
0.5
 40
0.5104166666666666
 40
0.5104166666666666
 40
0.5104166666666666
 40
0.5104166666666666
 40
0.5208333333333334
 40
0.5208333333333334
 40
0.5208333333333334
 40
0.5208333333333334
 40
0.53125
 40
0.53125
 40
0.53125
 40
0.53125
 40
0.5416666666666666
 40
0.5416666666666666
 40
0.5416666666666666
 40
0.5416666666666666
 40
0.5520833333333334
 40
0.5520833333333334
 40
0.5520833333333334
 40
0.5520833333333334
 40
0.5625
 40
0.5625
 40
0.5625
 40
0.5625
 40
0.5729166666666666
 40
0.5729166666666666
 40
0.5729166666666666
 40
0.5729166666666666
 40
0.5833333333333334
 40
0.5833333333333334
 40
0.5833333333333334
 40
0.5833333333333334
 40
0.59375
 40
0.59375
 40
0.59375
 40
0.59375
 40
0.6041666666666666
 40
0.6041666666666666
 40
0.6041666666666666
 40
0.6041666666666666
 40
0.6145833333333334
 40
0.6145833333333334
 40
0.6145833333333334
 40
0.6145833333333334
 40
0.625
 40
0.625
 40
0.625
 40
0.625
 40
0.6354166666666666
 40
0.6354166666666666
 40
0.6354166666666666
 40
0.6354166666666666
 40
0.6458333333333334
 40
0.6458333333333334
 40
0.6458333333333334
 40
0.6458333333333334
 40
0.65625
 40
0.65625
 40
0.65625
 40
0.65625
 40
0.6666666666666666
 40
0.6666666666666666
 40
0.6666666666666666
 40
0.6666666666666666
 40
0.6770833333333334
 40
0.6770833333333334
 40
0.6770833333333334
 40
0.6770833333333334
 40
0.6875
 40
0.6875
 40
0.6875
 40
0.6875
 40
0.6979166666666666
 40
0.6979166666666666
 40
0.6979166666666666
 40
0.6979166666666666
 40
0.7083333333333334
 40
0.7083333333333334
 40
0.7083333333333334
 40
0.7083333333333334
 40
0.71875
 40
0.71875
 40
0.71875
 40
0.71875
 40
0.7291666666666666
 40
0.7291666666666666
 40
0.7291666666666666
 40
0.7291666666666666
 40
0.7395833333333334
 40
0.7395833333333334
 40
0.7395833333333334
 40
0.7395833333333334
 40
0.75
 40
0.75
 40
0.75
 40
0.75
 40
0.7604166666666666
 40
0.7604166666666666
 40
0.7604166666666666
 40
0.7604166666666666
 40
0.7708333333333334
 40
0.7708333333333334
 40
0.7708333333333334
 40
0.7708333333333334
 40
0.78125
 40
0.78125
 40
0.78125
 40
0.78125
 40
0.7916666666666666
 40
0.7916666666666666
 40
0.7916666666666666
 40
0.7916666666666666
 40
0.8020833333333334
 40
0.8020833333333334
 40
0.8020833333333334
 40
0.8020833333333334
 40
0.8125
 40
0.8125
 40
0.8125
 40
0.8125
 40
0.8229166666666666
 40
0.8229166666666666
 40
0.8229166666666666
 40
0.8229166666666666
 40
0.8333333333333334
 40
0.8333333333333334
 40
0.8333333333333334
 40
0.8333333333333334
 40
0.84375
 40
0.84375
 40
0.84375
 40
0.84375
 40
0.8541666666666666
 40
0.8541666666666666
 40
0.8541666666666666
 40
0.8541666666666666
 40
0.8645833333333334
 40
0.8645833333333334
 40
0.8645833333333334
 40
0.8645833333333334
 40
0.875
 40
0.875
 40
0.875
 40
0.875
 40
0.8854166666666666
 40
0.8854166666666666
 40
0.8854166666666666
 40
0.8854166666666666
 40
0.8958333333333334
 40
0.8958333333333334
 40
0.8958333333333334
 40
0.8958333333333334
 40
0.90625
 40
0.90625
 40
0.90625
 40
0.90625
 40
0.9166666666666666
 40
0.9166666666666666
 40
0.9166666666666666
 40
0.9166666666666666
 40
0.9270833333333334
 40
0.9270833333333334
 40
0.9270833333333334
 40
0.9270833333333334
 40
0.9375
 40
0.9375
 40
0.9375
 40
0.9375
 40
0.9479166666666666
 40
0.9479166666666666
 40
0.9479166666666666
 40
0.9479166666666666
 40
0.9583333333333334
 40
0.9583333333333334
 40
0.9583333333333334
 40
0.9583333333333334
 40
0.96875
 40
0.96875
 40
0.96875
 40
0.96875
 40
0.9791666666666666
 40
0.9791666666666666
 40
0.9791666666666666
 40
0.9791666666666666
 40
1.0
 40
1.0
 40
1.0
 40
1.0
 10
-0.6675
 20
-14.4068
 30
0.0
 10
-0.6675
 20
-14.4068
 30
0.0
 10
-0.6675
 20
-14.5968
 30
0.0
 10
-0.6675
 20
-14.5968
 30
0.0
 10
-0.6675
 20
-14.5968
 30
0.0
 10
-0.8425
 20
-14.7596
 30
0.0
 10
-0.9911
 20
-14.8913
 30
0.0
 10
-1.1125
 20
-14.991
 30
0.0
 10
-1.1125
 20
-14.991
 30
0.0
 10
-1.2348
 20
-15.0907
 30
0.0
 10
-1.3571
 20
-15.181
 30
0.0
 10
-1.4784
 20
-15.261
 30
0.0
 10
-1.4784
 20
-15.261
 30
0.0
 10
-1.5998
 20
-15.34
 30
0.0
 10
-1.7004
 20
-15.3974
 30
0.0
 10
-1.7795
 20
-15.4313
 30
0.0
 10
-1.7795
 20
-15.4313
 30
0.0
 10
-1.8594
 20
-15.4651
 30
0.0
 10
-1.9281
 20
-15.4821
 30
0.0
 10
-1.9855
 20
-15.4821
 30
0.0
 10
-1.9855
 20
-15.4821
 30
0.0
 10
-2.1209
 20
-15.4821
 30
0.0
 10
-2.2319
 20
-15.4313
 30
0.0
 10
-2.3185
 20
-15.3306
 30
0.0
 10
-2.3185
 20
-15.3306
 30
0.0
 10
-2.405
 20
-15.2299
 30
0.0
 10
-2.4483
 20
-15.0992
 30
0.0
 10
-2.4483
 20
-14.9393
 30
0.0
 10
-2.4483
 20
-14.9393
 30
0.0
 10
-2.4483
 20
-14.7558
 30
0.0
 10
-2.4107
 20
-14.5742
 30
0.0
 10
-2.3364
 20
-14.3946
 30
0.0
 10
-2.3364
 20
-14.3946
 30
0.0
 10
-2.262
 20
-14.2139
 30
0.0
 10
-2.1557
 20
-14.0286
 30
0.0
 10
-2.0184
 20
-13.8367
 30
0.0
 10
-2.0184
 20
-13.8367
 30
0.0
 10
-1.8801
 20
-13.6448
 30
0.0
 10
-1.708
 20
-13.4294
 30
0.0
 10
-1.5001
 20
-13.1904
 30
0.0
 10
-1.5001
 20
-13.1904
 30
0.0
 10
-1.3458
 20
-13.0145
 30
0.0
 10
-1.2686
 20
-12.9148
 30
0.0
 10
-1.2686
 20
-12.8922
 30
0.0
 10
-1.2686
 20
-12.8922
 30
0.0
 10
-1.2686
 20
-12.88
 30
0.0
 10
-1.2733
 20
-12.8687
 30
0.0
 10
-1.2827
 20
-12.8593
 30
0.0
 10
-1.2827
 20
-12.8593
 30
0.0
 10
-1.2922
 20
-12.8508
 30
0.0
 10
-1.3016
 20
-12.8461
 30
0.0
 10
-1.3128
 20
-12.8461
 30
0.0
 10
-1.3128
 20
-12.8461
 30
0.0
 10
-1.3477
 20
-12.8461
 30
0.0
 10
-1.4549
 20
-12.9233
 30
0.0
 10
-1.6355
 20
-13.0775
 30
0.0
 10
-1.6355
 20
-13.0775
 30
0.0
 10
-1.8152
 20
-13.2318
 30
0.0
 10
-2.0466
 20
-13.4585
 30
0.0
 10
-2.3288
 20
-13.7586
 30
0.0
 10
-2.3288
 20
-13.7586
 30
0.0
 10
-2.6111
 20
-14.0578
 30
0.0
 10
-2.9159
 20
-14.4143
 30
0.0
 10
-3.2432
 20
-14.8282
 30
0.0
 10
-3.2432
 20
-14.8282
 30
0.0
 10
-3.262
 20
-14.8499
 30
0.0
 10
-3.3204
 20
-14.9242
 30
0.0
 10
-3.4191
 20
-15.0521
 30
0.0
 10
-3.4191
 20
-15.0521
 30
0.0
 10
-3.517
 20
-15.1791
 30
0.0
 10
-3.5866
 20
-15.2619
 30
0.0
 10
-3.6271
 20
-15.3005
 30
0.0
 10
-3.6271
 20
-15.3005
 30
0.0
 10
-3.6675
 20
-15.3391
 30
0.0
 10
-3.7023
 20
-15.3579
 30
0.0
 10
-3.7324
 20
-15.3579
 30
0.0
 10
-3.7324
 20
-15.3579
 30
0.0
 10
-3.7832
 20
-15.3579
 30
0.0
 10
-3.8284
 20
-15.3061
 30
0.0
 10
-3.866
 20
-15.2027
 30
0.0
 10
-3.866
 20
-15.2027
 30
0.0
 10
-3.9036
 20
-15.0982
 30
0.0
 10
-3.9224
 20
-14.9882
 30
0.0
 10
-3.9224
 20
-14.8706
 30
0.0
 10
-3.9224
 20
-14.8706
 30
0.0
 10
-3.9224
 20
-14.7991
 30
0.0
 10
-3.8989
 20
-14.7219
 30
0.0
 10
-3.8519
 20
-14.6392
 30
0.0
 10
-3.8519
 20
-14.6392
 30
0.0
 10
-3.8048
 20
-14.5564
 30
0.0
 10
-3.7033
 20
-14.4077
 30
0.0
 10
-3.5452
 20
-14.1942
 30
0.0
 10
-3.5452
 20
-14.1942
 30
0.0
 10
-3.3881
 20
-13.9806
 30
0.0
 10
-3.2583
 20
-13.8
 30
0.0
 10
-3.1548
 20
-13.6533
 30
0.0
 10
-3.1548
 20
-13.6533
 30
0.0
 10
-3.0523
 20
-13.5065
 30
0.0
 10
-2.9384
 20
-13.3278
 30
0.0
 10
-2.8152
 20
-13.1189
 30
0.0
 10
-2.8152
 20
-13.1189
 30
0.0
 10
-2.7287
 20
-12.9731
 30
0.0
 10
-2.6647
 20
-12.8574
 30
0.0
 10
-2.6233
 20
-12.7718
 30
0.0
 10
-2.6233
 20
-12.7718
 30
0.0
 10
-2.5819
 20
-12.6853
 30
0.0
 10
-2.5612
 20
-12.6091
 30
0.0
 10
-2.5612
 20
-12.5423
 30
0.0
 10
-2.5612
 20
-12.5423
 30
0.0
 10
-2.5612
 20
-12.4858
 30
0.0
 10
-2.5781
 20
-12.4567
 30
0.0
 10
-2.6111
 20
-12.4567
 30
0.0
 10
-2.6111
 20
-12.4567
 30
0.0
 10
-2.6807
 20
-12.4567
 30
0.0
 10
-2.8124
 20
-12.5507
 30
0.0
 10
-3.0052
 20
-12.737
 30
0.0
 10
-3.0052
 20
-12.737
 30
0.0
 10
-3.199
 20
-12.9233
 30
0.0
 10
-3.437
 20
-13.2008
 30
0.0
 10
-3.7211
 20
-13.5686
 30
0.0
 10
-3.7211
 20
-13.5686
 30
0.0
 10
-4.0052
 20
-13.9355
 30
0.0
 10
-4.3025
 20
-14.3616
 30
0.0
 10
-4.6111
 20
-14.8452
 30
0.0
 10
-4.6111
 20
-14.8452
 30
0.0
 10
-4.7127
 20
-15.0098
 30
0.0
 10
-4.7842
 20
-15.1208
 30
0.0
 10
-4.8265
 20
-15.1773
 30
0.0
 10
-4.8265
 20
-15.1773
 30
0.0
 10
-4.8688
 20
-15.2337
 30
0.0
 10
-4.9149
 20
-15.2629
 30
0.0
 10
-4.9667
 20
-15.2629
 30
0.0
 10
-4.9667
 20
-15.2629
 30
0.0
 10
-5.0306
 20
-15.2629
 30
0.0
 10
-5.0908
 20
-15.1942
 30
0.0
 10
-5.1473
 20
-15.0578
 30
0.0
 10
-5.1473
 20
-15.0578
 30
0.0
 10
-5.2028
 20
-14.9214
 30
0.0
 10
-5.231
 20
-14.8104
 30
0.0
 10
-5.231
 20
-14.7257
 30
0.0
 10
-5.231
 20
-14.7257
 30
0.0
 10
-5.231
 20
-14.6984
 30
0.0
 10
-5.2207
 20
-14.6683
 30
0.0
 10
-5.1981
 20
-14.6354
 30
0.0
 10
-5.1981
 20
-14.6354
 30
0.0
 10
-4.9554
 20
-14.3118
 30
0.0
 10
-4.7559
 20
-14.0371
 30
0.0
 10
-4.5998
 20
-13.8104
 30
0.0
 10
-4.5998
 20
-13.8104
 30
0.0
 10
-4.4436
 20
-13.5846
 30
0.0
 10
-4.3053
 20
-13.3701
 30
0.0
 10
-4.184
 20
-13.1669
 30
0.0
 10
-4.184
 20
-13.1669
 30
0.0
 10
-4.0626
 20
-12.9637
 30
0.0
 10
-3.9742
 20
-12.7963
 30
0.0
 10
-3.9196
 20
-12.6655
 30
0.0
 10
-3.9196
 20
-12.6655
 30
0.0
 10
-3.8641
 20
-12.5338
 30
0.0
 10
-3.8368
 20
-12.4303
 30
0.0
 10
-3.8368
 20
-12.3551
 30
0.0
 10
-3.8368
 20
-12.3551
 30
0.0
 10
-3.8368
 20
-12.276
 30
0.0
 10
-3.8726
 20
-12.2365
 30
0.0
 10
-3.9441
 20
-12.2365
 30
0.0
 10
-3.9441
 20
-12.2365
 30
0.0
 10
-4.0033
 20
-12.2365
 30
0.0
 10
-4.1031
 20
-12.2742
 30
0.0
 10
-4.2442
 20
-12.3494
 30
0.0
 10
-4.2442
 20
-12.3494
 30
0.0
 10
-4.3862
 20
-12.4247
 30
0.0
 10
-4.565
 20
-12.5282
 30
0.0
 10
-4.7804
 20
-12.658
 30
0.0
 10
-4.7804
 20
-12.658
 30
0.0
 10
-4.9958
 20
-12.7887
 30
0.0
 10
-5.1689
 20
-12.8885
 30
0.0
 10
-5.2997
 20
-12.9571
 30
0.0
 10
-5.2997
 20
-12.9571
 30
0.0
 10
-5.4304
 20
-13.0267
 30
0.0
 10
-5.5273
 20
-13.0606
 30
0.0
 10
-5.5913
 20
-13.0606
 30
0.0
 10
-5.5913
 20
-13.0606
 30
0.0
 10
-5.6525
 20
-13.0606
 30
0.0
 10
-5.6826
 20
-13.0267
 30
0.0
 10
-5.6826
 20
-12.959
 30
0.0
 10
-5.6826
 20
-12.959
 30
0.0
 10
-5.6826
 20
-12.9204
 30
0.0
 10
-5.6694
 20
-12.832
 30
0.0
 10
-5.644
 20
-12.6928
 30
0.0
 10
-5.644
 20
-12.6928
 30
0.0
 10
-5.6186
 20
-12.5536
 30
0.0
 10
-5.5913
 20
-12.4557
 30
0.0
 10
-5.564
 20
-12.3993
 30
0.0
 10
-5.564
 20
-12.3993
 30
0.0
 10
-5.5255
 20
-12.3259
 30
0.0
 10
-5.4267
 20
-12.2281
 30
0.0
 10
-5.2686
 20
-12.1067
 30
0.0
 10
-5.2686
 20
-12.1067
 30
0.0
 10
-5.1096
 20
-11.9853
 30
0.0
 10
-5.0222
 20
-11.9251
 30
0.0
 10
-5.0052
 20
-11.9251
 30
0.0
 10
-5.0052
 20
-11.9251
 30
0.0
 10
-4.9902
 20
-11.9251
 30
0.0
 10
-4.9836
 20
-11.9317
 30
0.0
 10
-4.9836
 20
-11.944
 30
0.0
 10
-4.9836
 20
-11.944
 30
0.0
 10
-4.9836
 20
-11.9515
 30
0.0
 10
-4.9902
 20
-11.9628
 30
0.0
 10
-5.0052
 20
-11.9769
 30
0.0
 10
-5.0052
 20
-11.9769
 30
0.0
 10
-5.0805
 20
-12.038
 30
0.0
 10
-5.1369
 20
-12.0879
 30
0.0
 10
-5.1736
 20
-12.1265
 30
0.0
 10
-5.1736
 20
-12.1265
 30
0.0
 10
-5.2103
 20
-12.165
 30
0.0
 10
-5.2329
 20
-12.2074
 30
0.0
 10
-5.2423
 20
-12.2535
 30
0.0
 10
-5.2423
 20
-12.2535
 30
0.0
 10
-4.9064
 20
-12.0512
 30
0.0
 10
-4.6054
 20
-11.8969
 30
0.0
 10
-4.3392
 20
-11.7916
 30
0.0
 10
-4.3392
 20
-11.7916
 30
0.0
 10
-4.0739
 20
-11.6853
 30
0.0
 10
-3.8895
 20
-11.6326
 30
0.0
 10
-3.787
 20
-11.6326
 30
0.0
 10
-3.787
 20
-11.6326
 30
0.0
 10
-3.7352
 20
-11.6326
 30
0.0
 10
-3.6873
 20
-11.6674
 30
0.0
 10
-3.6412
 20
-11.7361
 30
0.0
 10
-3.6412
 20
-11.7361
 30
0.0
 10
-3.5951
 20
-11.8047
 30
0.0
 10
-3.5556
 20
-11.8847
 30
0.0
 10
-3.5236
 20
-11.9759
 30
0.0
 10
-3.5236
 20
-11.9759
 30
0.0
 10
-3.4916
 20
-12.0672
 30
0.0
 10
-3.4756
 20
-12.1255
 30
0.0
 10
-3.4756
 20
-12.1509
 30
0.0
 10
-3.4756
 20
-12.1509
 30
0.0
 10
-3.4756
 20
-12.245
 30
0.0
 10
-3.4991
 20
-12.3551
 30
0.0
 10
-3.5471
 20
-12.483
 30
0.0
 10
-3.5471
 20
-12.483
 30
0.0
 10
-3.5951
 20
-12.6109
 30
0.0
 10
-3.66
 20
-12.7596
 30
0.0
 10
-3.7418
 20
-12.9289
 30
0.0
 10
-3.7418
 20
-12.9289
 30
0.0
 10
-3.8237
 20
-13.0973
 30
0.0
 10
-3.9253
 20
-13.309
 30
0.0
 10
-4.0466
 20
-13.563
 30
0.0
 10
-4.0466
 20
-13.563
 30
0.0
 10
-3.9507
 20
-13.4397
 30
0.0
 10
-3.8594
 20
-13.3259
 30
0.0
 10
-3.7729
 20
-13.2205
 30
0.0
 10
-3.7729
 20
-13.2205
 30
0.0
 10
-3.6863
 20
-13.1161
 30
0.0
 10
-3.6007
 20
-13.0136
 30
0.0
 10
-3.5151
 20
-12.9148
 30
0.0
 10
-3.5151
 20
-12.9148
 30
0.0
 10
-3.4295
 20
-12.8151
 30
0.0
 10
-3.3429
 20
-12.7154
 30
0.0
 10
-3.2545
 20
-12.6138
 30
0.0
 10
-3.2545
 20
-12.6138
 30
0.0
 10
-3.135
 20
-12.4764
 30
0.0
 10
-3.0005
 20
-12.3447
 30
0.0
 10
-2.8519
 20
-12.2187
 30
0.0
 10
-2.8519
 20
-12.2187
 30
0.0
 10
-2.7023
 20
-12.0926
 30
0.0
 10
-2.5631
 20
-11.9901
 30
0.0
 10
-2.4333
 20
-11.9101
 30
0.0
 10
-2.4333
 20
-11.9101
 30
0.0
 10
-2.3044
 20
-11.8301
 30
0.0
 10
-2.216
 20
-11.7897
 30
0.0
 10
-2.1699
 20
-11.7897
 30
0.0
 10
-2.1699
 20
-11.7897
 30
0.0
 10
-2.1059
 20
-11.7897
 30
0.0
 10
-2.0485
 20
-11.8254
 30
0.0
 10
-1.9977
 20
-11.896
 30
0.0
 10
-1.9977
 20
-11.896
 30
0.0
 10
-1.9469
 20
-11.9665
 30
0.0
 10
-1.9215
 20
-12.0427
 30
0.0
 10
-1.9215
 20
-12.1236
 30
0.0
 10
-1.9215
 20
-12.1236
 30
0.0
 10
-1.9215
 20
-12.1763
 30
0.0
 10
-1.9563
 20
-12.2789
 30
0.0
 10
-2.0269
 20
-12.4294
 30
0.0
 10
-2.0269
 20
-12.4294
 30
0.0
 10
-2.0965
 20
-12.5799
 30
0.0
 10
-2.1981
 20
-12.7727
 30
0.0
 10
-2.3326
 20
-13.0089
 30
0.0
 10
-2.3326
 20
-13.0089
 30
0.0
 10
-2.4662
 20
-13.244
 30
0.0
 10
-2.644
 20
-13.547
 30
0.0
 10
-2.8641
 20
-13.9186
 30
0.0
 10
-2.8641
 20
-13.9186
 30
0.0
 10
-2.6553
 20
-13.6956
 30
0.0
 10
-2.437
 20
-13.467
 30
0.0
 10
-2.2112
 20
-13.2318
 30
0.0
 10
-2.2112
 20
-13.2318
 30
0.0
 10
-1.9855
 20
-12.9966
 30
0.0
 10
-1.8171
 20
-12.8245
 30
0.0
 10
-1.707
 20
-12.7163
 30
0.0
 10
-1.707
 20
-12.7163
 30
0.0
 10
-1.5969
 20
-12.6081
 30
0.0
 10
-1.5048
 20
-12.5253
 30
0.0
 10
-1.4314
 20
-12.4679
 30
0.0
 10
-1.4314
 20
-12.4679
 30
0.0
 10
-1.3298
 20
-12.3908
 30
0.0
 10
-1.2291
 20
-12.308
 30
0.0
 10
-1.1266
 20
-12.2187
 30
0.0
 10
-1.1266
 20
-12.2187
 30
0.0
 10
-1.025
 20
-12.1293
 30
0.0
 10
-0.9441
 20
-12.0587
 30
0.0
 10
-0.8858
 20
-12.0079
 30
0.0
 10
-0.8858
 20
-12.0079
 30
0.0
 10
-0.8265
 20
-11.9562
 30
0.0
 10
-0.7747
 20
-11.9167
 30
0.0
 10
-0.7287
 20
-11.8894
 30
0.0
 10
-0.7287
 20
-11.8894
 30
0.0
 10
-0.6826
 20
-11.8612
 30
0.0
 10
-0.6402
 20
-11.848
 30
0.0
 10
-0.6017
 20
-11.848
 30
0.0
 10
-0.6017
 20
-11.848
 30
0.0
 10
-0.5537
 20
-11.848
 30
0.0
 10
-0.4935
 20
-11.9026
 30
0.0
 10
-0.421
 20
-12.0136
 30
0.0
 10
-0.421
 20
-12.0136
 30
0.0
 10
-0.3486
 20
-12.1236
 30
0.0
 10
-0.3119
 20
-12.1942
 30
0.0
 10
-0.3119
 20
-12.2252
 30
0.0
 10
-0.3119
 20
-12.2252
 30
0.0
 10
-0.3119
 20
-12.2638
 30
0.0
 10
-0.3335
 20
-12.3099
 30
0.0
 10
-0.3768
 20
-12.3635
 30
0.0
 10
-0.3768
 20
-12.3635
 30
0.0
 10
-0.4201
 20
-12.4162
 30
0.0
 10
-0.5095
 20
-12.5159
 30
0.0
 10
-0.6459
 20
-12.6608
 30
0.0
 10
-0.6459
 20
-12.6608
 30
0.0
 10
-0.8961
 20
-12.9298
 30
0.0
 10
-1.1125
 20
-13.1998
 30
0.0
 10
-1.2959
 20
-13.4726
 30
0.0
 10
-1.2959
 20
-13.4726
 30
0.0
 10
-1.4803
 20
-13.7464
 30
0.0
 10
-1.6195
 20
-13.9948
 30
0.0
 10
-1.7136
 20
-14.2205
 30
0.0
 10
-1.7136
 20
-14.2205
 30
0.0
 10
-1.8086
 20
-14.4454
 30
0.0
 10
-1.8557
 20
-14.6232
 30
0.0
 10
-1.8557
 20
-14.7539
 30
0.0
 10
-1.8557
 20
-14.7539
 30
0.0
 10
-1.8557
 20
-14.8348
 30
0.0
 10
-1.8406
 20
-14.8932
 30
0.0
 10
-1.8105
 20
-14.9298
 30
0.0
 10
-1.8105
 20
-14.9298
 30
0.0
 10
-1.7795
 20
-14.9665
 30
0.0
 10
-1.7324
 20
-14.9853
 30
0.0
 10
-1.6684
 20
-14.9853
 30
0.0
 10
-1.6684
 20
-14.9853
 30
0.0
 10
-1.6092
 20
-14.9853
 30
0.0
 10
-1.5546
 20
-14.9741
 30
0.0
 10
-1.5038
 20
-14.9524
 30
0.0
 10
-1.5038
 20
-14.9524
 30
0.0
 10
-1.454
 20
-14.9298
 30
0.0
 10
-1.3975
 20
-14.8988
 30
0.0
 10
-1.3364
 20
-14.8583
 30
0.0
 10
-1.3364
 20
-14.8583
 30
0.0
 10
-1.2743
 20
-14.8179
 30
0.0
 10
-1.216
 20
-14.7793
 30
0.0
 10
-1.1614
 20
-14.7426
 30
0.0
 10
-1.1614
 20
-14.7426
 30
0.0
 10
-1.0842
 20
-14.6965
 30
0.0
 10
-1.008
 20
-14.6476
 30
0.0
 10
-0.9337
 20
-14.5949
 30
0.0
 10
-0.9337
 20
-14.5949
 30
0.0
 10
-0.8594
 20
-14.5432
 30
0.0
 10
-0.8011
 20
-14.5018
 30
0.0
 10
-0.7597
 20
-14.4708
 30
0.0
 10
-0.7597
 20
-14.4708
 30
0.0
 10
-0.7192
 20
-14.4407
 30
0.0
 10
-0.6882
 20
-14.419
 30
0.0
 10
-0.6675
 20
-14.4068
 30
0.0
  0
SPLINE
  5
A0
330
1F
100
AcDbEntity
  8
layer 1
 62
   142
100
AcDbSpline
210
0.0
220
0.0
230
1.0
 70
    11
 71
     3
 72
    84
 73
    80
 74
     0
 42
0.000000001
 43
0.0000000001
 40
0.0
 40
0.0
 40
0.0
 40
0.0
 40
0.0476190476190476
 40
0.0476190476190476
 40
0.0476190476190476
 40
0.0476190476190476
 40
0.0952380952380952
 40
0.0952380952380952
 40
0.0952380952380952
 40
0.0952380952380952
 40
0.1428571428571428
 40
0.1428571428571428
 40
0.1428571428571428
 40
0.1428571428571428
 40
0.1904761904761905
 40
0.1904761904761905
 40
0.1904761904761905
 40
0.1904761904761905
 40
0.2380952380952381
 40
0.2380952380952381
 40
0.2380952380952381
 40
0.2380952380952381
 40
0.2857142857142857
 40
0.2857142857142857
 40
0.2857142857142857
 40
0.2857142857142857
 40
0.3333333333333333
 40
0.3333333333333333
 40
0.3333333333333333
 40
0.3333333333333333
 40
0.3809523809523809
 40
0.3809523809523809
 40
0.3809523809523809
 40
0.3809523809523809
 40
0.4285714285714285
 40
0.4285714285714285
 40
0.4285714285714285
 40
0.4285714285714285
 40
0.4761904761904762
 40
0.4761904761904762
 40
0.4761904761904762
 40
0.4761904761904762
 40
0.5238095238095238
 40
0.5238095238095238
 40
0.5238095238095238
 40
0.5238095238095238
 40
0.5714285714285714
 40
0.5714285714285714
 40
0.5714285714285714
 40
0.5714285714285714
 40
0.6190476190476191
 40
0.6190476190476191
 40
0.6190476190476191
 40
0.6190476190476191
 40
0.6666666666666666
 40
0.6666666666666666
 40
0.6666666666666666
 40
0.6666666666666666
 40
0.7142857142857143
 40
0.7142857142857143
 40
0.7142857142857143
 40
0.7142857142857143
 40
0.7619047619047619
 40
0.7619047619047619
 40
0.7619047619047619
 40
0.7619047619047619
 40
0.8095238095238095
 40
0.8095238095238095
 40
0.8095238095238095
 40
0.8095238095238095
 40
0.8571428571428571
 40
0.8571428571428571
 40
0.8571428571428571
 40
0.8571428571428571
 40
0.9047619047619048
 40
0.9047619047619048
 40
0.9047619047619048
 40
0.9047619047619048
 40
1.0
 40
1.0
 40
1.0
 40
1.0
 10
-0.247
 20
-14.5159
 30
0.0
 10
-0.247
 20
-14.5159
 30
0.0
 10
-0.247
 20
-14.5846
 30
0.0
 10
-0.247
 20
-14.5846
 30
0.0
 10
-0.247
 20
-14.5846
 30
0.0
 10
-0.247
 20
-14.6928
 30
0.0
 10
-0.2206
 20
-14.7774
 30
0.0
 10
-0.167
 20
-14.8377
 30
0.0
 10
-0.167
 20
-14.8377
 30
0.0
 10
-0.1134
 20
-14.8988
 30
0.0
 10
-0.0438
 20
-14.9289
 30
0.0
 10
0.0428
 20
-14.9289
 30
0.0
 10
0.0428
 20
-14.9289
 30
0.0
 10
0.1321
 20
-14.9289
 30
0.0
 10
0.2262
 20
-14.9082
 30
0.0
 10
0.3222
 20
-14.8659
 30
0.0
 10
0.3222
 20
-14.8659
 30
0.0
 10
0.4191
 20
-14.8235
 30
0.0
 10
0.515
 20
-14.7671
 30
0.0
 10
0.61
 20
-14.6975
 30
0.0
 10
0.61
 20
-14.6975
 30
0.0
 10
0.706
 20
-14.6279
 30
0.0
 10
0.8226
 20
-14.5338
 30
0.0
 10
0.96
 20
-14.4162
 30
0.0
 10
0.96
 20
-14.4162
 30
0.0
 10
0.96
 20
-14.4162
 30
0.0
 10
0.96
 20
-14.5846
 30
0.0
 10
0.96
 20
-14.5846
 30
0.0
 10
0.96
 20
-14.5846
 30
0.0
 10
0.753
 20
-14.8339
 30
0.0
 10
0.5583
 20
-15.0258
 30
0.0
 10
0.3758
 20
-15.1584
 30
0.0
 10
0.3758
 20
-15.1584
 30
0.0
 10
0.1942
 20
-15.2911
 30
0.0
 10
0.0098
 20
-15.3579
 30
0.0
 10
-0.1783
 20
-15.3579
 30
0.0
 10
-0.1783
 20
-15.3579
 30
0.0
 10
-0.3411
 20
-15.3579
 30
0.0
 10
-0.4709
 20
-15.2948
 30
0.0
 10
-0.5668
 20
-15.1678
 30
0.0
 10
-0.5668
 20
-15.1678
 30
0.0
 10
-0.6618
 20
-15.0409
 30
0.0
 10
-0.7098
 20
-14.8678
 30
0.0
 10
-0.7098
 20
-14.6467
 30
0.0
 10
-0.7098
 20
-14.6467
 30
0.0
 10
-0.7098
 20
-14.4538
 30
0.0
 10
-0.6647
 20
-14.2789
 30
0.0
 10
-0.5744
 20
-14.1218
 30
0.0
 10
-0.5744
 20
-14.1218
 30
0.0
 10
-0.485
 20
-13.9647
 30
0.0
 10
-0.3382
 20
-13.7991
 30
0.0
 10
-0.1341
 20
-13.625
 30
0.0
 10
-0.1341
 20
-13.625
 30
0.0
 10
0.0061
 20
-13.5056
 30
0.0
 10
0.1444
 20
-13.4153
 30
0.0
 10
0.2827
 20
-13.3551
 30
0.0
 10
0.2827
 20
-13.3551
 30
0.0
 10
0.42
 20
-13.2939
 30
0.0
 10
0.5432
 20
-13.2638
 30
0.0
 10
0.6514
 20
-13.2638
 30
0.0
 10
0.6514
 20
-13.2638
 30
0.0
 10
0.738
 20
-13.2638
 30
0.0
 10
0.8066
 20
-13.2836
 30
0.0
 10
0.8565
 20
-13.3231
 30
0.0
 10
0.8565
 20
-13.3231
 30
0.0
 10
0.9073
 20
-13.3626
 30
0.0
 10
0.9327
 20
-13.4218
 30
0.0
 10
0.9327
 20
-13.5009
 30
0.0
 10
0.9327
 20
-13.5009
 30
0.0
 10
0.9327
 20
-13.6166
 30
0.0
 10
0.8894
 20
-13.7323
 30
0.0
 10
0.8029
 20
-13.8471
 30
0.0
 10
0.8029
 20
-13.8471
 30
0.0
 10
0.7163
 20
-13.9618
 30
0.0
 10
0.5846
 20
-14.0757
 30
0.0
 10
0.4078
 20
-14.1895
 30
0.0
 10
0.4078
 20
-14.1895
 30
0.0
 10
0.23
 20
-14.3024
 30
0.0
 10
0.0117
 20
-14.4115
 30
0.0
 10
-0.247
 20
-14.5159
 30
0.0
  0
SPLINE
  5
A1
330
1F
100
AcDbEntity
  8
layer 1
 62
   142
100
AcDbSpline
210
0.0
220
0.0
230
1.0
 70
    11
 71
     3
 72
    36
 73
    32
 74
     0
 42
0.000000001
 43
0.0000000001
 40
0.0
 40
0.0
 40
0.0
 40
0.0
 40
0.1111111111111111
 40
0.1111111111111111
 40
0.1111111111111111
 40
0.1111111111111111
 40
0.2222222222222222
 40
0.2222222222222222
 40
0.2222222222222222
 40
0.2222222222222222
 40
0.3333333333333333
 40
0.3333333333333333
 40
0.3333333333333333
 40
0.3333333333333333
 40
0.4444444444444444
 40
0.4444444444444444
 40
0.4444444444444444
 40
0.4444444444444444
 40
0.5555555555555556
 40
0.5555555555555556
 40
0.5555555555555556
 40
0.5555555555555556
 40
0.6666666666666666
 40
0.6666666666666666
 40
0.6666666666666666
 40
0.6666666666666666
 40
0.7777777777777778
 40
0.7777777777777778
 40
0.7777777777777778
 40
0.7777777777777778
 40
1.0
 40
1.0
 40
1.0
 40
1.0
 10
-0.2197
 20
-14.3372
 30
0.0
 10
-0.0541
 20
-14.2723
 30
0.0
 10
0.087
 20
-14.1923
 30
0.0
 10
0.2046
 20
-14.0973
 30
0.0
 10
0.2046
 20
-14.0973
 30
0.0
 10
0.3222
 20
-14.0023
 30
0.0
 10
0.4087
 20
-13.9101
 30
0.0
 10
0.4652
 20
-13.8235
 30
0.0
 10
0.4652
 20
-13.8235
 30
0.0
 10
0.5207
 20
-13.7361
 30
0.0
 10
0.5489
 20
-13.6721
 30
0.0
 10
0.5489
 20
-13.6316
 30
0.0
 10
0.5489
 20
-13.6316
 30
0.0
 10
0.5489
 20
-13.5893
 30
0.0
 10
0.5301
 20
-13.5686
 30
0.0
 10
0.4915
 20
-13.5686
 30
0.0
 10
0.4915
 20
-13.5686
 30
0.0
 10
0.4576
 20
-13.5686
 30
0.0
 10
0.404
 20
-13.5893
 30
0.0
 10
0.3297
 20
-13.6316
 30
0.0
 10
0.3297
 20
-13.6316
 30
0.0
 10
0.2554
 20
-13.674
 30
0.0
 10
0.1801
 20
-13.7295
 30
0.0
 10
0.1039
 20
-13.7972
 30
0.0
 10
0.1039
 20
-13.7972
 30
0.0
 10
0.0277
 20
-13.8649
 30
0.0
 10
-0.04
 20
-13.9449
 30
0.0
 10
-0.1012
 20
-14.0371
 30
0.0
 10
-0.1012
 20
-14.0371
 30
0.0
 10
-0.1614
 20
-14.1283
 30
0.0
 10
-0.2009
 20
-14.229
 30
0.0
 10
-0.2197
 20
-14.3372
 30
0.0
  0
SPLINE
  5
A2
330
1F
100
AcDbEntity
  8
layer 1
 62
   142
100
AcDbSpline
210
0.0
220
0.0
230
1.0
 70
    11
 71
     3
 72
   156
 73
   152
 74
     0
 42
0.000000001
 43
0.0000000001
 40
0.0
 40
0.0
 40
0.0
 40
0.0
 40
0.0256410256410256
 40
0.0256410256410256
 40
0.0256410256410256
 40
0.0256410256410256
 40
0.0512820512820513
 40
0.0512820512820513
 40
0.0512820512820513
 40
0.0512820512820513
 40
0.0769230769230769
 40
0.0769230769230769
 40
0.0769230769230769
 40
0.0769230769230769
 40
0.1025641025641026
 40
0.1025641025641026
 40
0.1025641025641026
 40
0.1025641025641026
 40
0.1282051282051282
 40
0.1282051282051282
 40
0.1282051282051282
 40
0.1282051282051282
 40
0.1538461538461539
 40
0.1538461538461539
 40
0.1538461538461539
 40
0.1538461538461539
 40
0.1794871794871795
 40
0.1794871794871795
 40
0.1794871794871795
 40
0.1794871794871795
 40
0.2051282051282051
 40
0.2051282051282051
 40
0.2051282051282051
 40
0.2051282051282051
 40
0.2307692307692308
 40
0.2307692307692308
 40
0.2307692307692308
 40
0.2307692307692308
 40
0.2564102564102564
 40
0.2564102564102564
 40
0.2564102564102564
 40
0.2564102564102564
 40
0.282051282051282
 40
0.282051282051282
 40
0.282051282051282
 40
0.282051282051282
 40
0.3076923076923077
 40
0.3076923076923077
 40
0.3076923076923077
 40
0.3076923076923077
 40
0.3333333333333333
 40
0.3333333333333333
 40
0.3333333333333333
 40
0.3333333333333333
 40
0.358974358974359
 40
0.358974358974359
 40
0.358974358974359
 40
0.358974358974359
 40
0.3846153846153846
 40
0.3846153846153846
 40
0.3846153846153846
 40
0.3846153846153846
 40
0.4102564102564102
 40
0.4102564102564102
 40
0.4102564102564102
 40
0.4102564102564102
 40
0.4358974358974359
 40
0.4358974358974359
 40
0.4358974358974359
 40
0.4358974358974359
 40
0.4615384615384616
 40
0.4615384615384616
 40
0.4615384615384616
 40
0.4615384615384616
 40
0.4871794871794872
 40
0.4871794871794872
 40
0.4871794871794872
 40
0.4871794871794872
 40
0.5128205128205128
 40
0.5128205128205128
 40
0.5128205128205128
 40
0.5128205128205128
 40
0.5384615384615384
 40
0.5384615384615384
 40
0.5384615384615384
 40
0.5384615384615384
 40
0.5641025641025641
 40
0.5641025641025641
 40
0.5641025641025641
 40
0.5641025641025641
 40
0.5897435897435898
 40
0.5897435897435898
 40
0.5897435897435898
 40
0.5897435897435898
 40
0.6153846153846154
 40
0.6153846153846154
 40
0.6153846153846154
 40
0.6153846153846154
 40
0.6410256410256411
 40
0.6410256410256411
 40
0.6410256410256411
 40
0.6410256410256411
 40
0.6666666666666666
 40
0.6666666666666666
 40
0.6666666666666666
 40
0.6666666666666666
 40
0.6923076923076923
 40
0.6923076923076923
 40
0.6923076923076923
 40
0.6923076923076923
 40
0.717948717948718
 40
0.717948717948718
 40
0.717948717948718
 40
0.717948717948718
 40
0.7435897435897436
 40
0.7435897435897436
 40
0.7435897435897436
 40
0.7435897435897436
 40
0.7692307692307693
 40
0.7692307692307693
 40
0.7692307692307693
 40
0.7692307692307693
 40
0.7948717948717948
 40
0.7948717948717948
 40
0.7948717948717948
 40
0.7948717948717948
 40
0.8205128205128205
 40
0.8205128205128205
 40
0.8205128205128205
 40
0.8205128205128205
 40
0.8461538461538461
 40
0.8461538461538461
 40
0.8461538461538461
 40
0.8461538461538461
 40
0.8717948717948718
 40
0.8717948717948718
 40
0.8717948717948718
 40
0.8717948717948718
 40
0.8974358974358975
 40
0.8974358974358975
 40
0.8974358974358975
 40
0.8974358974358975
 40
0.9230769230769231
 40
0.9230769230769231
 40
0.9230769230769231
 40
0.9230769230769231
 40
0.9487179487179487
 40
0.9487179487179487
 40
0.9487179487179487
 40
0.9487179487179487
 40
1.0
 40
1.0
 40
1.0
 40
1.0
 10
2.818
 20
-13.9176
 30
0.0
 10
2.4944
 20
-14.2779
 30
0.0
 10
2.3325
 20
-14.5291
 30
0.0
 10
2.3325
 20
-14.6702
 30
0.0
 10
2.3325
 20
-14.6702
 30
0.0
 10
2.3325
 20
-14.7492
 30
0.0
 10
2.3645
 20
-14.7887
 30
0.0
 10
2.4294
 20
-14.7887
 30
0.0
 10
2.4294
 20
-14.7887
 30
0.0
 10
2.4821
 20
-14.7887
 30
0.0
 10
2.5517
 20
-14.7605
 30
0.0
 10
2.6373
 20
-14.7041
 30
0.0
 10
2.6373
 20
-14.7041
 30
0.0
 10
2.7229
 20
-14.6486
 30
0.0
 10
2.8565
 20
-14.5488
 30
0.0
 10
3.0381
 20
-14.4059
 30
0.0
 10
3.0381
 20
-14.4059
 30
0.0
 10
3.0381
 20
-14.4059
 30
0.0
 10
3.0381
 20
-14.5949
 30
0.0
 10
3.0381
 20
-14.5949
 30
0.0
 10
3.0381
 20
-14.5949
 30
0.0
 10
2.7775
 20
-14.8527
 30
0.0
 10
2.5771
 20
-15.039
 30
0.0
 10
2.4379
 20
-15.1528
 30
0.0
 10
2.4379
 20
-15.1528
 30
0.0
 10
2.2977
 20
-15.2666
 30
0.0
 10
2.1839
 20
-15.324
 30
0.0
 10
2.0955
 20
-15.324
 30
0.0
 10
2.0955
 20
-15.324
 30
0.0
 10
1.945
 20
-15.324
 30
0.0
 10
1.8697
 20
-15.2243
 30
0.0
 10
1.8697
 20
-15.0258
 30
0.0
 10
1.8697
 20
-15.0258
 30
0.0
 10
1.8697
 20
-14.9675
 30
0.0
 10
1.8791
 20
-14.9091
 30
0.0
 10
1.897
 20
-14.8527
 30
0.0
 10
1.897
 20
-14.8527
 30
0.0
 10
1.9158
 20
-14.7953
 30
0.0
 10
1.9412
 20
-14.7361
 30
0.0
 10
1.9732
 20
-14.6749
 30
0.0
 10
1.9732
 20
-14.6749
 30
0.0
 10
2.0052
 20
-14.6128
 30
0.0
 10
2.0541
 20
-14.5253
 30
0.0
 10
2.1209
 20
-14.4106
 30
0.0
 10
2.1209
 20
-14.4106
 30
0.0
 10
2.1867
 20
-14.2948
 30
0.0
 10
2.2629
 20
-14.165
 30
0.0
 10
2.3495
 20
-14.0202
 30
0.0
 10
2.3495
 20
-14.0202
 30
0.0
 10
2.2451
 20
-14.0738
 30
0.0
 10
2.1134
 20
-14.1791
 30
0.0
 10
1.9553
 20
-14.3362
 30
0.0
 10
1.9553
 20
-14.3362
 30
0.0
 10
1.8518
 20
-14.436
 30
0.0
 10
1.7653
 20
-14.53
 30
0.0
 10
1.6928
 20
-14.6194
 30
0.0
 10
1.6928
 20
-14.6194
 30
0.0
 10
1.6214
 20
-14.7088
 30
0.0
 10
1.5452
 20
-14.8075
 30
0.0
 10
1.4633
 20
-14.9167
 30
0.0
 10
1.4633
 20
-14.9167
 30
0.0
 10
1.3815
 20
-15.0267
 30
0.0
 10
1.3213
 20
-15.1001
 30
0.0
 10
1.2836
 20
-15.1377
 30
0.0
 10
1.2836
 20
-15.1377
 30
0.0
 10
1.246
 20
-15.1754
 30
0.0
 10
1.2084
 20
-15.1942
 30
0.0
 10
1.1698
 20
-15.1942
 30
0.0
 10
1.1698
 20
-15.1942
 30
0.0
 10
1.1105
 20
-15.1942
 30
0.0
 10
1.0569
 20
-15.133
 30
0.0
 10
1.0071
 20
-15.0098
 30
0.0
 10
1.0071
 20
-15.0098
 30
0.0
 10
0.9572
 20
-14.8866
 30
0.0
 10
0.9327
 20
-14.7426
 30
0.0
 10
0.9327
 20
-14.5789
 30
0.0
 10
0.9327
 20
-14.5789
 30
0.0
 10
0.9327
 20
-14.4783
 30
0.0
 10
0.944
 20
-14.3993
 30
0.0
 10
0.9675
 20
-14.3419
 30
0.0
 10
0.9675
 20
-14.3419
 30
0.0
 10
0.9901
 20
-14.2854
 30
0.0
 10
1.0353
 20
-14.2045
 30
0.0
 10
1.1039
 20
-14.0992
 30
0.0
 10
1.1039
 20
-14.0992
 30
0.0
 10
1.23
 20
-13.9044
 30
0.0
 10
1.3401
 20
-13.7615
 30
0.0
 10
1.4313
 20
-13.6702
 30
0.0
 10
1.4313
 20
-13.6702
 30
0.0
 10
1.5235
 20
-13.5799
 30
0.0
 10
1.6119
 20
-13.5338
 30
0.0
 10
1.6957
 20
-13.5338
 30
0.0
 10
1.6957
 20
-13.5338
 30
0.0
 10
1.7549
 20
-13.5338
 30
0.0
 10
1.802
 20
-13.5441
 30
0.0
 10
1.8377
 20
-13.5639
 30
0.0
 10
1.8377
 20
-13.5639
 30
0.0
 10
1.8735
 20
-13.5846
 30
0.0
 10
1.8913
 20
-13.6156
 30
0.0
 10
1.8913
 20
-13.658
 30
0.0
 10
1.8913
 20
-13.658
 30
0.0
 10
1.8913
 20
-13.6768
 30
0.0
 10
1.8866
 20
-13.6956
 30
0.0
 10
1.8753
 20
-13.7163
 30
0.0
 10
1.8753
 20
-13.7163
 30
0.0
 10
1.8641
 20
-13.737
 30
0.0
 10
1.8518
 20
-13.7549
 30
0.0
 10
1.8377
 20
-13.7718
 30
0.0
 10
1.8377
 20
-13.7718
 30
0.0
 10
1.8245
 20
-13.7878
 30
0.0
 10
1.7954
 20
-13.8207
 30
0.0
 10
1.7512
 20
-13.8678
 30
0.0
 10
1.7512
 20
-13.8678
 30
0.0
 10
1.4614
 20
-14.1895
 30
0.0
 10
1.3166
 20
-14.3983
 30
0.0
 10
1.3166
 20
-14.4933
 30
0.0
 10
1.3166
 20
-14.4933
 30
0.0
 10
1.3166
 20
-14.547
 30
0.0
 10
1.3344
 20
-14.5733
 30
0.0
 10
1.3692
 20
-14.5733
 30
0.0
 10
1.3692
 20
-14.5733
 30
0.0
 10
1.3909
 20
-14.5733
 30
0.0
 10
1.4332
 20
-14.5376
 30
0.0
 10
1.4972
 20
-14.467
 30
0.0
 10
1.4972
 20
-14.467
 30
0.0
 10
1.5602
 20
-14.3964
 30
0.0
 10
1.642
 20
-14.3033
 30
0.0
 10
1.7418
 20
-14.1885
 30
0.0
 10
1.7418
 20
-14.1885
 30
0.0
 10
1.8424
 20
-14.0738
 30
0.0
 10
1.961
 20
-13.9543
 30
0.0
 10
2.0974
 20
-13.8292
 30
0.0
 10
2.0974
 20
-13.8292
 30
0.0
 10
2.2347
 20
-13.7041
 30
0.0
 10
2.3899
 20
-13.5837
 30
0.0
 10
2.564
 20
-13.4679
 30
0.0
 10
2.564
 20
-13.4679
 30
0.0
 10
2.6618
 20
-13.3993
 30
0.0
 10
2.7427
 20
-13.3654
 30
0.0
 10
2.8067
 20
-13.3654
 30
0.0
 10
2.8067
 20
-13.3654
 30
0.0
 10
2.8368
 20
-13.3654
 30
0.0
 10
2.865
 20
-13.4059
 30
0.0
 10
2.8942
 20
-13.4868
 30
0.0
 10
2.8942
 20
-13.4868
 30
0.0
 10
2.9224
 20
-13.5677
 30
0.0
 10
2.9365
 20
-13.6495
 30
0.0
 10
2.9365
 20
-13.7332
 30
0.0
 10
2.9365
 20
-13.7332
 30
0.0
 10
2.9365
 20
-13.7737
 30
0.0
 10
2.897
 20
-13.8348
 30
0.0
 10
2.818
 20
-13.9176
 30
0.0
  0
SPLINE
  5
A3
330
1F
100
AcDbEntity
  8
layer 1
 62
   142
100
AcDbSpline
210
0.0
220
0.0
230
1.0
 70
    11
 71
     3
 72
   180
 73
   176
 74
     0
 42
0.000000001
 43
0.0000000001
 40
0.0
 40
0.0
 40
0.0
 40
0.0
 40
0.0222222222222222
 40
0.0222222222222222
 40
0.0222222222222222
 40
0.0222222222222222
 40
0.0444444444444444
 40
0.0444444444444444
 40
0.0444444444444444
 40
0.0444444444444444
 40
0.0666666666666667
 40
0.0666666666666667
 40
0.0666666666666667
 40
0.0666666666666667
 40
0.0888888888888889
 40
0.0888888888888889
 40
0.0888888888888889
 40
0.0888888888888889
 40
0.1111111111111111
 40
0.1111111111111111
 40
0.1111111111111111
 40
0.1111111111111111
 40
0.1333333333333333
 40
0.1333333333333333
 40
0.1333333333333333
 40
0.1333333333333333
 40
0.1555555555555556
 40
0.1555555555555556
 40
0.1555555555555556
 40
0.1555555555555556
 40
0.1777777777777778
 40
0.1777777777777778
 40
0.1777777777777778
 40
0.1777777777777778
 40
0.2
 40
0.2
 40
0.2
 40
0.2
 40
0.2222222222222222
 40
0.2222222222222222
 40
0.2222222222222222
 40
0.2222222222222222
 40
0.2444444444444444
 40
0.2444444444444444
 40
0.2444444444444444
 40
0.2444444444444444
 40
0.2666666666666667
 40
0.2666666666666667
 40
0.2666666666666667
 40
0.2666666666666667
 40
0.2888888888888889
 40
0.2888888888888889
 40
0.2888888888888889
 40
0.2888888888888889
 40
0.3111111111111111
 40
0.3111111111111111
 40
0.3111111111111111
 40
0.3111111111111111
 40
0.3333333333333333
 40
0.3333333333333333
 40
0.3333333333333333
 40
0.3333333333333333
 40
0.3555555555555556
 40
0.3555555555555556
 40
0.3555555555555556
 40
0.3555555555555556
 40
0.3777777777777778
 40
0.3777777777777778
 40
0.3777777777777778
 40
0.3777777777777778
 40
0.4
 40
0.4
 40
0.4
 40
0.4
 40
0.4222222222222222
 40
0.4222222222222222
 40
0.4222222222222222
 40
0.4222222222222222
 40
0.4444444444444444
 40
0.4444444444444444
 40
0.4444444444444444
 40
0.4444444444444444
 40
0.4666666666666667
 40
0.4666666666666667
 40
0.4666666666666667
 40
0.4666666666666667
 40
0.4888888888888889
 40
0.4888888888888889
 40
0.4888888888888889
 40
0.4888888888888889
 40
0.5111111111111111
 40
0.5111111111111111
 40
0.5111111111111111
 40
0.5111111111111111
 40
0.5333333333333333
 40
0.5333333333333333
 40
0.5333333333333333
 40
0.5333333333333333
 40
0.5555555555555556
 40
0.5555555555555556
 40
0.5555555555555556
 40
0.5555555555555556
 40
0.5777777777777777
 40
0.5777777777777777
 40
0.5777777777777777
 40
0.5777777777777777
 40
0.6
 40
0.6
 40
0.6
 40
0.6
 40
0.6222222222222222
 40
0.6222222222222222
 40
0.6222222222222222
 40
0.6222222222222222
 40
0.6444444444444445
 40
0.6444444444444445
 40
0.6444444444444445
 40
0.6444444444444445
 40
0.6666666666666666
 40
0.6666666666666666
 40
0.6666666666666666
 40
0.6666666666666666
 40
0.6888888888888889
 40
0.6888888888888889
 40
0.6888888888888889
 40
0.6888888888888889
 40
0.7111111111111111
 40
0.7111111111111111
 40
0.7111111111111111
 40
0.7111111111111111
 40
0.7333333333333333
 40
0.7333333333333333
 40
0.7333333333333333
 40
0.7333333333333333
 40
0.7555555555555555
 40
0.7555555555555555
 40
0.7555555555555555
 40
0.7555555555555555
 40
0.7777777777777778
 40
0.7777777777777778
 40
0.7777777777777778
 40
0.7777777777777778
 40
0.8
 40
0.8
 40
0.8
 40
0.8
 40
0.8222222222222222
 40
0.8222222222222222
 40
0.8222222222222222
 40
0.8222222222222222
 40
0.8444444444444444
 40
0.8444444444444444
 40
0.8444444444444444
 40
0.8444444444444444
 40
0.8666666666666667
 40
0.8666666666666667
 40
0.8666666666666667
 40
0.8666666666666667
 40
0.8888888888888888
 40
0.8888888888888888
 40
0.8888888888888888
 40
0.8888888888888888
 40
0.9111111111111111
 40
0.9111111111111111
 40
0.9111111111111111
 40
0.9111111111111111
 40
0.9333333333333333
 40
0.9333333333333333
 40
0.9333333333333333
 40
0.9333333333333333
 40
0.9555555555555556
 40
0.9555555555555556
 40
0.9555555555555556
 40
0.9555555555555556
 40
1.0
 40
1.0
 40
1.0
 40
1.0
 10
4.3193
 20
-14.229
 30
0.0
 10
4.0531
 20
-14.5818
 30
0.0
 10
3.8499
 20
-14.8329
 30
0.0
 10
3.7116
 20
-14.9816
 30
0.0
 10
3.7116
 20
-14.9816
 30
0.0
 10
3.5724
 20
-15.1312
 30
0.0
 10
3.4595
 20
-15.2055
 30
0.0
 10
3.3711
 20
-15.2055
 30
0.0
 10
3.3711
 20
-15.2055
 30
0.0
 10
3.3015
 20
-15.2055
 30
0.0
 10
3.2375
 20
-15.1763
 30
0.0
 10
3.1782
 20
-15.1189
 30
0.0
 10
3.1782
 20
-15.1189
 30
0.0
 10
3.1199
 20
-15.0606
 30
0.0
 10
3.0738
 20
-14.9825
 30
0.0
 10
3.0418
 20
-14.8837
 30
0.0
 10
3.0418
 20
-14.8837
 30
0.0
 10
3.0098
 20
-14.7859
 30
0.0
 10
2.9938
 20
-14.6805
 30
0.0
 10
2.9938
 20
-14.5686
 30
0.0
 10
2.9938
 20
-14.5686
 30
0.0
 10
2.9938
 20
-14.4952
 30
0.0
 10
3.0004
 20
-14.4284
 30
0.0
 10
3.0145
 20
-14.3701
 30
0.0
 10
3.0145
 20
-14.3701
 30
0.0
 10
3.0286
 20
-14.3108
 30
0.0
 10
3.054
 20
-14.2459
 30
0.0
 10
3.0926
 20
-14.1754
 30
0.0
 10
3.0926
 20
-14.1754
 30
0.0
 10
3.1312
 20
-14.1048
 30
0.0
 10
3.1829
 20
-14.0277
 30
0.0
 10
3.2459
 20
-13.9449
 30
0.0
 10
3.2459
 20
-13.9449
 30
0.0
 10
3.309
 20
-13.8621
 30
0.0
 10
3.3871
 20
-13.769
 30
0.0
 10
3.4783
 20
-13.6636
 30
0.0
 10
3.4783
 20
-13.6636
 30
0.0
 10
3.5338
 20
-13.5996
 30
0.0
 10
3.5799
 20
-13.5451
 30
0.0
 10
3.6175
 20
-13.5009
 30
0.0
 10
3.6175
 20
-13.5009
 30
0.0
 10
3.6552
 20
-13.4567
 30
0.0
 10
3.6919
 20
-13.4275
 30
0.0
 10
3.7276
 20
-13.4115
 30
0.0
 10
3.7276
 20
-13.4115
 30
0.0
 10
3.7634
 20
-13.3955
 30
0.0
 10
3.8217
 20
-13.388
 30
0.0
 10
3.9026
 20
-13.388
 30
0.0
 10
3.9026
 20
-13.388
 30
0.0
 10
3.9618
 20
-13.388
 30
0.0
 10
4.0174
 20
-13.3955
 30
0.0
 10
4.071
 20
-13.4115
 30
0.0
 10
4.071
 20
-13.4115
 30
0.0
 10
4.1246
 20
-13.4266
 30
0.0
 10
4.1509
 20
-13.4435
 30
0.0
 10
4.1509
 20
-13.4595
 30
0.0
 10
4.1509
 20
-13.4595
 30
0.0
 10
4.1509
 20
-13.4924
 30
0.0
 10
4.1237
 20
-13.5526
 30
0.0
 10
4.07
 20
-13.6392
 30
0.0
 10
4.07
 20
-13.6392
 30
0.0
 10
4.0155
 20
-13.7248
 30
0.0
 10
3.928
 20
-13.8301
 30
0.0
 10
3.8076
 20
-13.9543
 30
0.0
 10
3.8076
 20
-13.9543
 30
0.0
 10
3.6872
 20
-14.0785
 30
0.0
 10
3.5489
 20
-14.1998
 30
0.0
 10
3.3908
 20
-14.3193
 30
0.0
 10
3.3908
 20
-14.3193
 30
0.0
 10
3.356
 20
-14.4284
 30
0.0
 10
3.3381
 20
-14.5103
 30
0.0
 10
3.3381
 20
-14.5677
 30
0.0
 10
3.3381
 20
-14.5677
 30
0.0
 10
3.3381
 20
-14.6467
 30
0.0
 10
3.3682
 20
-14.6862
 30
0.0
 10
3.4294
 20
-14.6862
 30
0.0
 10
3.4294
 20
-14.6862
 30
0.0
 10
3.451
 20
-14.6862
 30
0.0
 10
3.4877
 20
-14.6674
 30
0.0
 10
3.5395
 20
-14.6297
 30
0.0
 10
3.5395
 20
-14.6297
 30
0.0
 10
3.5903
 20
-14.5921
 30
0.0
 10
3.6777
 20
-14.5197
 30
0.0
 10
3.8
 20
-14.4124
 30
0.0
 10
3.8
 20
-14.4124
 30
0.0
 10
3.9214
 20
-14.3052
 30
0.0
 10
4.0315
 20
-14.2102
 30
0.0
 10
4.1284
 20
-14.1274
 30
0.0
 10
4.1284
 20
-14.1274
 30
0.0
 10
4.2008
 20
-14.0653
 30
0.0
 10
4.2836
 20
-13.9722
 30
0.0
 10
4.3786
 20
-13.848
 30
0.0
 10
4.3786
 20
-13.848
 30
0.0
 10
4.4727
 20
-13.7238
 30
0.0
 10
4.5498
 20
-13.6307
 30
0.0
 10
4.6081
 20
-13.5686
 30
0.0
 10
4.6081
 20
-13.5686
 30
0.0
 10
4.7445
 20
-13.4256
 30
0.0
 10
4.8377
 20
-13.3325
 30
0.0
 10
4.8866
 20
-13.2892
 30
0.0
 10
4.8866
 20
-13.2892
 30
0.0
 10
4.9364
 20
-13.2459
 30
0.0
 10
4.9844
 20
-13.2243
 30
0.0
 10
5.0305
 20
-13.2243
 30
0.0
 10
5.0305
 20
-13.2243
 30
0.0
 10
5.0738
 20
-13.2243
 30
0.0
 10
5.1039
 20
-13.2384
 30
0.0
 10
5.1199
 20
-13.2657
 30
0.0
 10
5.1199
 20
-13.2657
 30
0.0
 10
5.1349
 20
-13.293
 30
0.0
 10
5.1434
 20
-13.3494
 30
0.0
 10
5.1434
 20
-13.4331
 30
0.0
 10
5.1434
 20
-13.4331
 30
0.0
 10
5.1434
 20
-13.4717
 30
0.0
 10
5.1396
 20
-13.5037
 30
0.0
 10
5.1321
 20
-13.5272
 30
0.0
 10
5.1321
 20
-13.5272
 30
0.0
 10
5.1246
 20
-13.5507
 30
0.0
 10
5.1095
 20
-13.5818
 30
0.0
 10
5.087
 20
-13.6194
 30
0.0
 10
5.087
 20
-13.6194
 30
0.0
 10
5.0634
 20
-13.657
 30
0.0
 10
5.0174
 20
-13.7266
 30
0.0
 10
4.9477
 20
-13.8273
 30
0.0
 10
4.9477
 20
-13.8273
 30
0.0
 10
4.8772
 20
-13.928
 30
0.0
 10
4.7953
 20
-14.0474
 30
0.0
 10
4.6994
 20
-14.1848
 30
0.0
 10
4.6994
 20
-14.1848
 30
0.0
 10
4.6476
 20
-14.2591
 30
0.0
 10
4.6034
 20
-14.3391
 30
0.0
 10
4.5649
 20
-14.4266
 30
0.0
 10
4.5649
 20
-14.4266
 30
0.0
 10
4.5263
 20
-14.5131
 30
0.0
 10
4.5065
 20
-14.5789
 30
0.0
 10
4.5065
 20
-14.6232
 30
0.0
 10
4.5065
 20
-14.6232
 30
0.0
 10
4.5065
 20
-14.7182
 30
0.0
 10
4.5442
 20
-14.7662
 30
0.0
 10
4.6194
 20
-14.7662
 30
0.0
 10
4.6194
 20
-14.7662
 30
0.0
 10
4.6824
 20
-14.7662
 30
0.0
 10
4.7549
 20
-14.7408
 30
0.0
 10
4.8377
 20
-14.689
 30
0.0
 10
4.8377
 20
-14.689
 30
0.0
 10
4.9195
 20
-14.6373
 30
0.0
 10
5.0465
 20
-14.5451
 30
0.0
 10
5.2177
 20
-14.4106
 30
0.0
 10
5.2177
 20
-14.4106
 30
0.0
 10
5.2177
 20
-14.4106
 30
0.0
 10
5.2177
 20
-14.5959
 30
0.0
 10
5.2177
 20
-14.5959
 30
0.0
 10
5.2177
 20
-14.5959
 30
0.0
 10
5.0023
 20
-14.7944
 30
0.0
 10
4.8433
 20
-14.9383
 30
0.0
 10
4.7408
 20
-15.0286
 30
0.0
 10
4.7408
 20
-15.0286
 30
0.0
 10
4.6382
 20
-15.1189
 30
0.0
 10
4.5489
 20
-15.1867
 30
0.0
 10
4.4736
 20
-15.2328
 30
0.0
 10
4.4736
 20
-15.2328
 30
0.0
 10
4.3983
 20
-15.2789
 30
0.0
 10
4.3269
 20
-15.3024
 30
0.0
 10
4.2582
 20
-15.3024
 30
0.0
 10
4.2582
 20
-15.3024
 30
0.0
 10
4.1039
 20
-15.3024
 30
0.0
 10
4.0268
 20
-15.2102
 30
0.0
 10
4.0268
 20
-15.0258
 30
0.0
 10
4.0268
 20
-15.0258
 30
0.0
 10
4.0268
 20
-14.9562
 30
0.0
 10
4.0493
 20
-14.8621
 30
0.0
 10
4.0954
 20
-14.7436
 30
0.0
 10
4.0954
 20
-14.7436
 30
0.0
 10
4.1415
 20
-14.625
 30
0.0
 10
4.2158
 20
-14.4529
 30
0.0
 10
4.3193
 20
-14.229
 30
0.0
  0
SPLINE
  5
A4
330
1F
100
AcDbEntity
  8
layer 1
 62
   142
370
     9
100
AcDbSpline
210
0.0
220
0.0
230
1.0
 70
    11
 71
     3
 72
   384
 73
   380
 74
     0
 42
0.000000001
 43
0.0000000001
 40
0.0
 40
0.0
 40
0.0
 40
0.0
 40
0.0104166666666667
 40
0.0104166666666667
 40
0.0104166666666667
 40
0.0104166666666667
 40
0.0208333333333333
 40
0.0208333333333333
 40
0.0208333333333333
 40
0.0208333333333333
 40
0.03125
 40
0.03125
 40
0.03125
 40
0.03125
 40
0.0416666666666667
 40
0.0416666666666667
 40
0.0416666666666667
 40
0.0416666666666667
 40
0.0520833333333333
 40
0.0520833333333333
 40
0.0520833333333333
 40
0.0520833333333333
 40
0.0625
 40
0.0625
 40
0.0625
 40
0.0625
 40
0.0729166666666667
 40
0.0729166666666667
 40
0.0729166666666667
 40
0.0729166666666667
 40
0.0833333333333333
 40
0.0833333333333333
 40
0.0833333333333333
 40
0.0833333333333333
 40
0.09375
 40
0.09375
 40
0.09375
 40
0.09375
 40
0.1041666666666667
 40
0.1041666666666667
 40
0.1041666666666667
 40
0.1041666666666667
 40
0.1145833333333333
 40
0.1145833333333333
 40
0.1145833333333333
 40
0.1145833333333333
 40
0.125
 40
0.125
 40
0.125
 40
0.125
 40
0.1354166666666667
 40
0.1354166666666667
 40
0.1354166666666667
 40
0.1354166666666667
 40
0.1458333333333333
 40
0.1458333333333333
 40
0.1458333333333333
 40
0.1458333333333333
 40
0.15625
 40
0.15625
 40
0.15625
 40
0.15625
 40
0.1666666666666667
 40
0.1666666666666667
 40
0.1666666666666667
 40
0.1666666666666667
 40
0.1770833333333333
 40
0.1770833333333333
 40
0.1770833333333333
 40
0.1770833333333333
 40
0.1875
 40
0.1875
 40
0.1875
 40
0.1875
 40
0.1979166666666667
 40
0.1979166666666667
 40
0.1979166666666667
 40
0.1979166666666667
 40
0.2083333333333333
 40
0.2083333333333333
 40
0.2083333333333333
 40
0.2083333333333333
 40
0.21875
 40
0.21875
 40
0.21875
 40
0.21875
 40
0.2291666666666667
 40
0.2291666666666667
 40
0.2291666666666667
 40
0.2291666666666667
 40
0.2395833333333333
 40
0.2395833333333333
 40
0.2395833333333333
 40
0.2395833333333333
 40
0.25
 40
0.25
 40
0.25
 40
0.25
 40
0.2604166666666667
 40
0.2604166666666667
 40
0.2604166666666667
 40
0.2604166666666667
 40
0.2708333333333333
 40
0.2708333333333333
 40
0.2708333333333333
 40
0.2708333333333333
 40
0.28125
 40
0.28125
 40
0.28125
 40
0.28125
 40
0.2916666666666667
 40
0.2916666666666667
 40
0.2916666666666667
 40
0.2916666666666667
 40
0.3020833333333333
 40
0.3020833333333333
 40
0.3020833333333333
 40
0.3020833333333333
 40
0.3125
 40
0.3125
 40
0.3125
 40
0.3125
 40
0.3229166666666667
 40
0.3229166666666667
 40
0.3229166666666667
 40
0.3229166666666667
 40
0.3333333333333333
 40
0.3333333333333333
 40
0.3333333333333333
 40
0.3333333333333333
 40
0.34375
 40
0.34375
 40
0.34375
 40
0.34375
 40
0.3541666666666667
 40
0.3541666666666667
 40
0.3541666666666667
 40
0.3541666666666667
 40
0.3645833333333333
 40
0.3645833333333333
 40
0.3645833333333333
 40
0.3645833333333333
 40
0.375
 40
0.375
 40
0.375
 40
0.375
 40
0.3854166666666667
 40
0.3854166666666667
 40
0.3854166666666667
 40
0.3854166666666667
 40
0.3958333333333333
 40
0.3958333333333333
 40
0.3958333333333333
 40
0.3958333333333333
 40
0.40625
 40
0.40625
 40
0.40625
 40
0.40625
 40
0.4166666666666667
 40
0.4166666666666667
 40
0.4166666666666667
 40
0.4166666666666667
 40
0.4270833333333333
 40
0.4270833333333333
 40
0.4270833333333333
 40
0.4270833333333333
 40
0.4375
 40
0.4375
 40
0.4375
 40
0.4375
 40
0.4479166666666667
 40
0.4479166666666667
 40
0.4479166666666667
 40
0.4479166666666667
 40
0.4583333333333333
 40
0.4583333333333333
 40
0.4583333333333333
 40
0.4583333333333333
 40
0.46875
 40
0.46875
 40
0.46875
 40
0.46875
 40
0.4791666666666667
 40
0.4791666666666667
 40
0.4791666666666667
 40
0.4791666666666667
 40
0.4895833333333333
 40
0.4895833333333333
 40
0.4895833333333333
 40
0.4895833333333333
 40
0.5
 40
0.5
 40
0.5
 40
0.5
 40
0.5104166666666666
 40
0.5104166666666666
 40
0.5104166666666666
 40
0.5104166666666666
 40
0.5208333333333334
 40
0.5208333333333334
 40
0.5208333333333334
 40
0.5208333333333334
 40
0.53125
 40
0.53125
 40
0.53125
 40
0.53125
 40
0.5416666666666666
 40
0.5416666666666666
 40
0.5416666666666666
 40
0.5416666666666666
 40
0.5520833333333334
 40
0.5520833333333334
 40
0.5520833333333334
 40
0.5520833333333334
 40
0.5625
 40
0.5625
 40
0.5625
 40
0.5625
 40
0.5729166666666666
 40
0.5729166666666666
 40
0.5729166666666666
 40
0.5729166666666666
 40
0.5833333333333334
 40
0.5833333333333334
 40
0.5833333333333334
 40
0.5833333333333334
 40
0.59375
 40
0.59375
 40
0.59375
 40
0.59375
 40
0.6041666666666666
 40
0.6041666666666666
 40
0.6041666666666666
 40
0.6041666666666666
 40
0.6145833333333334
 40
0.6145833333333334
 40
0.6145833333333334
 40
0.6145833333333334
 40
0.625
 40
0.625
 40
0.625
 40
0.625
 40
0.6354166666666666
 40
0.6354166666666666
 40
0.6354166666666666
 40
0.6354166666666666
 40
0.6458333333333334
 40
0.6458333333333334
 40
0.6458333333333334
 40
0.6458333333333334
 40
0.65625
 40
0.65625
 40
0.65625
 40
0.65625
 40
0.6666666666666666
 40
0.6666666666666666
 40
0.6666666666666666
 40
0.6666666666666666
 40
0.6770833333333334
 40
0.6770833333333334
 40
0.6770833333333334
 40
0.6770833333333334
 40
0.6875
 40
0.6875
 40
0.6875
 40
0.6875
 40
0.6979166666666666
 40
0.6979166666666666
 40
0.6979166666666666
 40
0.6979166666666666
 40
0.7083333333333334
 40
0.7083333333333334
 40
0.7083333333333334
 40
0.7083333333333334
 40
0.71875
 40
0.71875
 40
0.71875
 40
0.71875
 40
0.7291666666666666
 40
0.7291666666666666
 40
0.7291666666666666
 40
0.7291666666666666
 40
0.7395833333333334
 40
0.7395833333333334
 40
0.7395833333333334
 40
0.7395833333333334
 40
0.75
 40
0.75
 40
0.75
 40
0.75
 40
0.7604166666666666
 40
0.7604166666666666
 40
0.7604166666666666
 40
0.7604166666666666
 40
0.7708333333333334
 40
0.7708333333333334
 40
0.7708333333333334
 40
0.7708333333333334
 40
0.78125
 40
0.78125
 40
0.78125
 40
0.78125
 40
0.7916666666666666
 40
0.7916666666666666
 40
0.7916666666666666
 40
0.7916666666666666
 40
0.8020833333333334
 40
0.8020833333333334
 40
0.8020833333333334
 40
0.8020833333333334
 40
0.8125
 40
0.8125
 40
0.8125
 40
0.8125
 40
0.8229166666666666
 40
0.8229166666666666
 40
0.8229166666666666
 40
0.8229166666666666
 40
0.8333333333333334
 40
0.8333333333333334
 40
0.8333333333333334
 40
0.8333333333333334
 40
0.84375
 40
0.84375
 40
0.84375
 40
0.84375
 40
0.8541666666666666
 40
0.8541666666666666
 40
0.8541666666666666
 40
0.8541666666666666
 40
0.8645833333333334
 40
0.8645833333333334
 40
0.8645833333333334
 40
0.8645833333333334
 40
0.875
 40
0.875
 40
0.875
 40
0.875
 40
0.8854166666666666
 40
0.8854166666666666
 40
0.8854166666666666
 40
0.8854166666666666
 40
0.8958333333333334
 40
0.8958333333333334
 40
0.8958333333333334
 40
0.8958333333333334
 40
0.90625
 40
0.90625
 40
0.90625
 40
0.90625
 40
0.9166666666666666
 40
0.9166666666666666
 40
0.9166666666666666
 40
0.9166666666666666
 40
0.9270833333333334
 40
0.9270833333333334
 40
0.9270833333333334
 40
0.9270833333333334
 40
0.9375
 40
0.9375
 40
0.9375
 40
0.9375
 40
0.9479166666666666
 40
0.9479166666666666
 40
0.9479166666666666
 40
0.9479166666666666
 40
0.9583333333333334
 40
0.9583333333333334
 40
0.9583333333333334
 40
0.9583333333333334
 40
0.96875
 40
0.96875
 40
0.96875
 40
0.96875
 40
0.9791666666666666
 40
0.9791666666666666
 40
0.9791666666666666
 40
0.9791666666666666
 40
1.0
 40
1.0
 40
1.0
 40
1.0
 10
-0.6675
 20
-14.4068
 30
0.0
 10
-0.6675
 20
-14.4068
 30
0.0
 10
-0.6675
 20
-14.5968
 30
0.0
 10
-0.6675
 20
-14.5968
 30
0.0
 10
-0.6675
 20
-14.5968
 30
0.0
 10
-0.8425
 20
-14.7596
 30
0.0
 10
-0.9911
 20
-14.8913
 30
0.0
 10
-1.1125
 20
-14.991
 30
0.0
 10
-1.1125
 20
-14.991
 30
0.0
 10
-1.2348
 20
-15.0907
 30
0.0
 10
-1.3571
 20
-15.181
 30
0.0
 10
-1.4784
 20
-15.261
 30
0.0
 10
-1.4784
 20
-15.261
 30
0.0
 10
-1.5998
 20
-15.34
 30
0.0
 10
-1.7004
 20
-15.3974
 30
0.0
 10
-1.7795
 20
-15.4313
 30
0.0
 10
-1.7795
 20
-15.4313
 30
0.0
 10
-1.8594
 20
-15.4651
 30
0.0
 10
-1.9281
 20
-15.4821
 30
0.0
 10
-1.9855
 20
-15.4821
 30
0.0
 10
-1.9855
 20
-15.4821
 30
0.0
 10
-2.1209
 20
-15.4821
 30
0.0
 10
-2.2319
 20
-15.4313
 30
0.0
 10
-2.3185
 20
-15.3306
 30
0.0
 10
-2.3185
 20
-15.3306
 30
0.0
 10
-2.405
 20
-15.2299
 30
0.0
 10
-2.4483
 20
-15.0992
 30
0.0
 10
-2.4483
 20
-14.9393
 30
0.0
 10
-2.4483
 20
-14.9393
 30
0.0
 10
-2.4483
 20
-14.7558
 30
0.0
 10
-2.4107
 20
-14.5742
 30
0.0
 10
-2.3364
 20
-14.3946
 30
0.0
 10
-2.3364
 20
-14.3946
 30
0.0
 10
-2.262
 20
-14.2139
 30
0.0
 10
-2.1557
 20
-14.0286
 30
0.0
 10
-2.0184
 20
-13.8367
 30
0.0
 10
-2.0184
 20
-13.8367
 30
0.0
 10
-1.8801
 20
-13.6448
 30
0.0
 10
-1.708
 20
-13.4294
 30
0.0
 10
-1.5001
 20
-13.1904
 30
0.0
 10
-1.5001
 20
-13.1904
 30
0.0
 10
-1.3458
 20
-13.0145
 30
0.0
 10
-1.2686
 20
-12.9148
 30
0.0
 10
-1.2686
 20
-12.8922
 30
0.0
 10
-1.2686
 20
-12.8922
 30
0.0
 10
-1.2686
 20
-12.88
 30
0.0
 10
-1.2733
 20
-12.8687
 30
0.0
 10
-1.2827
 20
-12.8593
 30
0.0
 10
-1.2827
 20
-12.8593
 30
0.0
 10
-1.2922
 20
-12.8508
 30
0.0
 10
-1.3016
 20
-12.8461
 30
0.0
 10
-1.3128
 20
-12.8461
 30
0.0
 10
-1.3128
 20
-12.8461
 30
0.0
 10
-1.3477
 20
-12.8461
 30
0.0
 10
-1.4549
 20
-12.9233
 30
0.0
 10
-1.6355
 20
-13.0775
 30
0.0
 10
-1.6355
 20
-13.0775
 30
0.0
 10
-1.8152
 20
-13.2318
 30
0.0
 10
-2.0466
 20
-13.4585
 30
0.0
 10
-2.3288
 20
-13.7586
 30
0.0
 10
-2.3288
 20
-13.7586
 30
0.0
 10
-2.6111
 20
-14.0578
 30
0.0
 10
-2.9159
 20
-14.4143
 30
0.0
 10
-3.2432
 20
-14.8282
 30
0.0
 10
-3.2432
 20
-14.8282
 30
0.0
 10
-3.262
 20
-14.8499
 30
0.0
 10
-3.3204
 20
-14.9242
 30
0.0
 10
-3.4191
 20
-15.0521
 30
0.0
 10
-3.4191
 20
-15.0521
 30
0.0
 10
-3.517
 20
-15.1791
 30
0.0
 10
-3.5866
 20
-15.2619
 30
0.0
 10
-3.6271
 20
-15.3005
 30
0.0
 10
-3.6271
 20
-15.3005
 30
0.0
 10
-3.6675
 20
-15.3391
 30
0.0
 10
-3.7023
 20
-15.3579
 30
0.0
 10
-3.7324
 20
-15.3579
 30
0.0
 10
-3.7324
 20
-15.3579
 30
0.0
 10
-3.7832
 20
-15.3579
 30
0.0
 10
-3.8284
 20
-15.3061
 30
0.0
 10
-3.866
 20
-15.2027
 30
0.0
 10
-3.866
 20
-15.2027
 30
0.0
 10
-3.9036
 20
-15.0982
 30
0.0
 10
-3.9224
 20
-14.9882
 30
0.0
 10
-3.9224
 20
-14.8706
 30
0.0
 10
-3.9224
 20
-14.8706
 30
0.0
 10
-3.9224
 20
-14.7991
 30
0.0
 10
-3.8989
 20
-14.7219
 30
0.0
 10
-3.8519
 20
-14.6392
 30
0.0
 10
-3.8519
 20
-14.6392
 30
0.0
 10
-3.8048
 20
-14.5564
 30
0.0
 10
-3.7033
 20
-14.4077
 30
0.0
 10
-3.5452
 20
-14.1942
 30
0.0
 10
-3.5452
 20
-14.1942
 30
0.0
 10
-3.3881
 20
-13.9806
 30
0.0
 10
-3.2583
 20
-13.8
 30
0.0
 10
-3.1548
 20
-13.6533
 30
0.0
 10
-3.1548
 20
-13.6533
 30
0.0
 10
-3.0523
 20
-13.5065
 30
0.0
 10
-2.9384
 20
-13.3278
 30
0.0
 10
-2.8152
 20
-13.1189
 30
0.0
 10
-2.8152
 20
-13.1189
 30
0.0
 10
-2.7287
 20
-12.9731
 30
0.0
 10
-2.6647
 20
-12.8574
 30
0.0
 10
-2.6233
 20
-12.7718
 30
0.0
 10
-2.6233
 20
-12.7718
 30
0.0
 10
-2.5819
 20
-12.6853
 30
0.0
 10
-2.5612
 20
-12.6091
 30
0.0
 10
-2.5612
 20
-12.5423
 30
0.0
 10
-2.5612
 20
-12.5423
 30
0.0
 10
-2.5612
 20
-12.4858
 30
0.0
 10
-2.5781
 20
-12.4567
 30
0.0
 10
-2.6111
 20
-12.4567
 30
0.0
 10
-2.6111
 20
-12.4567
 30
0.0
 10
-2.6807
 20
-12.4567
 30
0.0
 10
-2.8124
 20
-12.5507
 30
0.0
 10
-3.0052
 20
-12.737
 30
0.0
 10
-3.0052
 20
-12.737
 30
0.0
 10
-3.199
 20
-12.9233
 30
0.0
 10
-3.437
 20
-13.2008
 30
0.0
 10
-3.7211
 20
-13.5686
 30
0.0
 10
-3.7211
 20
-13.5686
 30
0.0
 10
-4.0052
 20
-13.9355
 30
0.0
 10
-4.3025
 20
-14.3616
 30
0.0
 10
-4.6111
 20
-14.8452
 30
0.0
 10
-4.6111
 20
-14.8452
 30
0.0
 10
-4.7127
 20
-15.0098
 30
0.0
 10
-4.7842
 20
-15.1208
 30
0.0
 10
-4.8265
 20
-15.1773
 30
0.0
 10
-4.8265
 20
-15.1773
 30
0.0
 10
-4.8688
 20
-15.2337
 30
0.0
 10
-4.9149
 20
-15.2629
 30
0.0
 10
-4.9667
 20
-15.2629
 30
0.0
 10
-4.9667
 20
-15.2629
 30
0.0
 10
-5.0306
 20
-15.2629
 30
0.0
 10
-5.0908
 20
-15.1942
 30
0.0
 10
-5.1473
 20
-15.0578
 30
0.0
 10
-5.1473
 20
-15.0578
 30
0.0
 10
-5.2028
 20
-14.9214
 30
0.0
 10
-5.231
 20
-14.8104
 30
0.0
 10
-5.231
 20
-14.7257
 30
0.0
 10
-5.231
 20
-14.7257
 30
0.0
 10
-5.231
 20
-14.6984
 30
0.0
 10
-5.2207
 20
-14.6683
 30
0.0
 10
-5.1981
 20
-14.6354
 30
0.0
 10
-5.1981
 20
-14.6354
 30
0.0
 10
-4.9554
 20
-14.3118
 30
0.0
 10
-4.7559
 20
-14.0371
 30
0.0
 10
-4.5998
 20
-13.8104
 30
0.0
 10
-4.5998
 20
-13.8104
 30
0.0
 10
-4.4436
 20
-13.5846
 30
0.0
 10
-4.3053
 20
-13.3701
 30
0.0
 10
-4.184
 20
-13.1669
 30
0.0
 10
-4.184
 20
-13.1669
 30
0.0
 10
-4.0626
 20
-12.9637
 30
0.0
 10
-3.9742
 20
-12.7963
 30
0.0
 10
-3.9196
 20
-12.6655
 30
0.0
 10
-3.9196
 20
-12.6655
 30
0.0
 10
-3.8641
 20
-12.5338
 30
0.0
 10
-3.8368
 20
-12.4303
 30
0.0
 10
-3.8368
 20
-12.3551
 30
0.0
 10
-3.8368
 20
-12.3551
 30
0.0
 10
-3.8368
 20
-12.276
 30
0.0
 10
-3.8726
 20
-12.2365
 30
0.0
 10
-3.9441
 20
-12.2365
 30
0.0
 10
-3.9441
 20
-12.2365
 30
0.0
 10
-4.0033
 20
-12.2365
 30
0.0
 10
-4.1031
 20
-12.2742
 30
0.0
 10
-4.2442
 20
-12.3494
 30
0.0
 10
-4.2442
 20
-12.3494
 30
0.0
 10
-4.3862
 20
-12.4247
 30
0.0
 10
-4.565
 20
-12.5282
 30
0.0
 10
-4.7804
 20
-12.658
 30
0.0
 10
-4.7804
 20
-12.658
 30
0.0
 10
-4.9958
 20
-12.7887
 30
0.0
 10
-5.1689
 20
-12.8885
 30
0.0
 10
-5.2997
 20
-12.9571
 30
0.0
 10
-5.2997
 20
-12.9571
 30
0.0
 10
-5.4304
 20
-13.0267
 30
0.0
 10
-5.5273
 20
-13.0606
 30
0.0
 10
-5.5913
 20
-13.0606
 30
0.0
 10
-5.5913
 20
-13.0606
 30
0.0
 10
-5.6525
 20
-13.0606
 30
0.0
 10
-5.6826
 20
-13.0267
 30
0.0
 10
-5.6826
 20
-12.959
 30
0.0
 10
-5.6826
 20
-12.959
 30
0.0
 10
-5.6826
 20
-12.9204
 30
0.0
 10
-5.6694
 20
-12.832
 30
0.0
 10
-5.644
 20
-12.6928
 30
0.0
 10
-5.644
 20
-12.6928
 30
0.0
 10
-5.6186
 20
-12.5536
 30
0.0
 10
-5.5913
 20
-12.4557
 30
0.0
 10
-5.564
 20
-12.3993
 30
0.0
 10
-5.564
 20
-12.3993
 30
0.0
 10
-5.5255
 20
-12.3259
 30
0.0
 10
-5.4267
 20
-12.2281
 30
0.0
 10
-5.2686
 20
-12.1067
 30
0.0
 10
-5.2686
 20
-12.1067
 30
0.0
 10
-5.1096
 20
-11.9853
 30
0.0
 10
-5.0222
 20
-11.9251
 30
0.0
 10
-5.0052
 20
-11.9251
 30
0.0
 10
-5.0052
 20
-11.9251
 30
0.0
 10
-4.9902
 20
-11.9251
 30
0.0
 10
-4.9836
 20
-11.9317
 30
0.0
 10
-4.9836
 20
-11.944
 30
0.0
 10
-4.9836
 20
-11.944
 30
0.0
 10
-4.9836
 20
-11.9515
 30
0.0
 10
-4.9902
 20
-11.9628
 30
0.0
 10
-5.0052
 20
-11.9769
 30
0.0
 10
-5.0052
 20
-11.9769
 30
0.0
 10
-5.0805
 20
-12.038
 30
0.0
 10
-5.1369
 20
-12.0879
 30
0.0
 10
-5.1736
 20
-12.1265
 30
0.0
 10
-5.1736
 20
-12.1265
 30
0.0
 10
-5.2103
 20
-12.165
 30
0.0
 10
-5.2329
 20
-12.2074
 30
0.0
 10
-5.2423
 20
-12.2535
 30
0.0
 10
-5.2423
 20
-12.2535
 30
0.0
 10
-4.9064
 20
-12.0512
 30
0.0
 10
-4.6054
 20
-11.8969
 30
0.0
 10
-4.3392
 20
-11.7916
 30
0.0
 10
-4.3392
 20
-11.7916
 30
0.0
 10
-4.0739
 20
-11.6853
 30
0.0
 10
-3.8895
 20
-11.6326
 30
0.0
 10
-3.787
 20
-11.6326
 30
0.0
 10
-3.787
 20
-11.6326
 30
0.0
 10
-3.7352
 20
-11.6326
 30
0.0
 10
-3.6873
 20
-11.6674
 30
0.0
 10
-3.6412
 20
-11.7361
 30
0.0
 10
-3.6412
 20
-11.7361
 30
0.0
 10
-3.5951
 20
-11.8047
 30
0.0
 10
-3.5556
 20
-11.8847
 30
0.0
 10
-3.5236
 20
-11.9759
 30
0.0
 10
-3.5236
 20
-11.9759
 30
0.0
 10
-3.4916
 20
-12.0672
 30
0.0
 10
-3.4756
 20
-12.1255
 30
0.0
 10
-3.4756
 20
-12.1509
 30
0.0
 10
-3.4756
 20
-12.1509
 30
0.0
 10
-3.4756
 20
-12.245
 30
0.0
 10
-3.4991
 20
-12.3551
 30
0.0
 10
-3.5471
 20
-12.483
 30
0.0
 10
-3.5471
 20
-12.483
 30
0.0
 10
-3.5951
 20
-12.6109
 30
0.0
 10
-3.66
 20
-12.7596
 30
0.0
 10
-3.7418
 20
-12.9289
 30
0.0
 10
-3.7418
 20
-12.9289
 30
0.0
 10
-3.8237
 20
-13.0973
 30
0.0
 10
-3.9253
 20
-13.309
 30
0.0
 10
-4.0466
 20
-13.563
 30
0.0
 10
-4.0466
 20
-13.563
 30
0.0
 10
-3.9507
 20
-13.4397
 30
0.0
 10
-3.8594
 20
-13.3259
 30
0.0
 10
-3.7729
 20
-13.2205
 30
0.0
 10
-3.7729
 20
-13.2205
 30
0.0
 10
-3.6863
 20
-13.1161
 30
0.0
 10
-3.6007
 20
-13.0136
 30
0.0
 10
-3.5151
 20
-12.9148
 30
0.0
 10
-3.5151
 20
-12.9148
 30
0.0
 10
-3.4295
 20
-12.8151
 30
0.0
 10
-3.3429
 20
-12.7154
 30
0.0
 10
-3.2545
 20
-12.6138
 30
0.0
 10
-3.2545
 20
-12.6138
 30
0.0
 10
-3.135
 20
-12.4764
 30
0.0
 10
-3.0005
 20
-12.3447
 30
0.0
 10
-2.8519
 20
-12.2187
 30
0.0
 10
-2.8519
 20
-12.2187
 30
0.0
 10
-2.7023
 20
-12.0926
 30
0.0
 10
-2.5631
 20
-11.9901
 30
0.0
 10
-2.4333
 20
-11.9101
 30
0.0
 10
-2.4333
 20
-11.9101
 30
0.0
 10
-2.3044
 20
-11.8301
 30
0.0
 10
-2.216
 20
-11.7897
 30
0.0
 10
-2.1699
 20
-11.7897
 30
0.0
 10
-2.1699
 20
-11.7897
 30
0.0
 10
-2.1059
 20
-11.7897
 30
0.0
 10
-2.0485
 20
-11.8254
 30
0.0
 10
-1.9977
 20
-11.896
 30
0.0
 10
-1.9977
 20
-11.896
 30
0.0
 10
-1.9469
 20
-11.9665
 30
0.0
 10
-1.9215
 20
-12.0427
 30
0.0
 10
-1.9215
 20
-12.1236
 30
0.0
 10
-1.9215
 20
-12.1236
 30
0.0
 10
-1.9215
 20
-12.1763
 30
0.0
 10
-1.9563
 20
-12.2789
 30
0.0
 10
-2.0269
 20
-12.4294
 30
0.0
 10
-2.0269
 20
-12.4294
 30
0.0
 10
-2.0965
 20
-12.5799
 30
0.0
 10
-2.1981
 20
-12.7727
 30
0.0
 10
-2.3326
 20
-13.0089
 30
0.0
 10
-2.3326
 20
-13.0089
 30
0.0
 10
-2.4662
 20
-13.244
 30
0.0
 10
-2.644
 20
-13.547
 30
0.0
 10
-2.8641
 20
-13.9186
 30
0.0
 10
-2.8641
 20
-13.9186
 30
0.0
 10
-2.6553
 20
-13.6956
 30
0.0
 10
-2.437
 20
-13.467
 30
0.0
 10
-2.2112
 20
-13.2318
 30
0.0
 10
-2.2112
 20
-13.2318
 30
0.0
 10
-1.9855
 20
-12.9966
 30
0.0
 10
-1.8171
 20
-12.8245
 30
0.0
 10
-1.707
 20
-12.7163
 30
0.0
 10
-1.707
 20
-12.7163
 30
0.0
 10
-1.5969
 20
-12.6081
 30
0.0
 10
-1.5048
 20
-12.5253
 30
0.0
 10
-1.4314
 20
-12.4679
 30
0.0
 10
-1.4314
 20
-12.4679
 30
0.0
 10
-1.3298
 20
-12.3908
 30
0.0
 10
-1.2291
 20
-12.308
 30
0.0
 10
-1.1266
 20
-12.2187
 30
0.0
 10
-1.1266
 20
-12.2187
 30
0.0
 10
-1.025
 20
-12.1293
 30
0.0
 10
-0.9441
 20
-12.0587
 30
0.0
 10
-0.8858
 20
-12.0079
 30
0.0
 10
-0.8858
 20
-12.0079
 30
0.0
 10
-0.8265
 20
-11.9562
 30
0.0
 10
-0.7747
 20
-11.9167
 30
0.0
 10
-0.7287
 20
-11.8894
 30
0.0
 10
-0.7287
 20
-11.8894
 30
0.0
 10
-0.6826
 20
-11.8612
 30
0.0
 10
-0.6402
 20
-11.848
 30
0.0
 10
-0.6017
 20
-11.848
 30
0.0
 10
-0.6017
 20
-11.848
 30
0.0
 10
-0.5537
 20
-11.848
 30
0.0
 10
-0.4935
 20
-11.9026
 30
0.0
 10
-0.421
 20
-12.0136
 30
0.0
 10
-0.421
 20
-12.0136
 30
0.0
 10
-0.3486
 20
-12.1236
 30
0.0
 10
-0.3119
 20
-12.1942
 30
0.0
 10
-0.3119
 20
-12.2252
 30
0.0
 10
-0.3119
 20
-12.2252
 30
0.0
 10
-0.3119
 20
-12.2638
 30
0.0
 10
-0.3335
 20
-12.3099
 30
0.0
 10
-0.3768
 20
-12.3635
 30
0.0
 10
-0.3768
 20
-12.3635
 30
0.0
 10
-0.4201
 20
-12.4162
 30
0.0
 10
-0.5095
 20
-12.5159
 30
0.0
 10
-0.6459
 20
-12.6608
 30
0.0
 10
-0.6459
 20
-12.6608
 30
0.0
 10
-0.8961
 20
-12.9298
 30
0.0
 10
-1.1125
 20
-13.1998
 30
0.0
 10
-1.2959
 20
-13.4726
 30
0.0
 10
-1.2959
 20
-13.4726
 30
0.0
 10
-1.4803
 20
-13.7464
 30
0.0
 10
-1.6195
 20
-13.9948
 30
0.0
 10
-1.7136
 20
-14.2205
 30
0.0
 10
-1.7136
 20
-14.2205
 30
0.0
 10
-1.8086
 20
-14.4454
 30
0.0
 10
-1.8557
 20
-14.6232
 30
0.0
 10
-1.8557
 20
-14.7539
 30
0.0
 10
-1.8557
 20
-14.7539
 30
0.0
 10
-1.8557
 20
-14.8348
 30
0.0
 10
-1.8406
 20
-14.8932
 30
0.0
 10
-1.8105
 20
-14.9298
 30
0.0
 10
-1.8105
 20
-14.9298
 30
0.0
 10
-1.7795
 20
-14.9665
 30
0.0
 10
-1.7324
 20
-14.9853
 30
0.0
 10
-1.6684
 20
-14.9853
 30
0.0
 10
-1.6684
 20
-14.9853
 30
0.0
 10
-1.6092
 20
-14.9853
 30
0.0
 10
-1.5546
 20
-14.9741
 30
0.0
 10
-1.5038
 20
-14.9524
 30
0.0
 10
-1.5038
 20
-14.9524
 30
0.0
 10
-1.454
 20
-14.9298
 30
0.0
 10
-1.3975
 20
-14.8988
 30
0.0
 10
-1.3364
 20
-14.8583
 30
0.0
 10
-1.3364
 20
-14.8583
 30
0.0
 10
-1.2743
 20
-14.8179
 30
0.0
 10
-1.216
 20
-14.7793
 30
0.0
 10
-1.1614
 20
-14.7426
 30
0.0
 10
-1.1614
 20
-14.7426
 30
0.0
 10
-1.0842
 20
-14.6965
 30
0.0
 10
-1.008
 20
-14.6476
 30
0.0
 10
-0.9337
 20
-14.5949
 30
0.0
 10
-0.9337
 20
-14.5949
 30
0.0
 10
-0.8594
 20
-14.5432
 30
0.0
 10
-0.8011
 20
-14.5018
 30
0.0
 10
-0.7597
 20
-14.4708
 30
0.0
 10
-0.7597
 20
-14.4708
 30
0.0
 10
-0.7192
 20
-14.4407
 30
0.0
 10
-0.6882
 20
-14.419
 30
0.0
 10
-0.6675
 20
-14.4068
 30
0.0
  0
SPLINE
  5
A5
330
1F
100
AcDbEntity
  8
layer 1
 62
   142
370
     9
100
AcDbSpline
210
0.0
220
0.0
230
1.0
 70
    11
 71
     3
 72
    84
 73
    80
 74
     0
 42
0.000000001
 43
0.0000000001
 40
0.0
 40
0.0
 40
0.0
 40
0.0
 40
0.0476190476190476
 40
0.0476190476190476
 40
0.0476190476190476
 40
0.0476190476190476
 40
0.0952380952380952
 40
0.0952380952380952
 40
0.0952380952380952
 40
0.0952380952380952
 40
0.1428571428571428
 40
0.1428571428571428
 40
0.1428571428571428
 40
0.1428571428571428
 40
0.1904761904761905
 40
0.1904761904761905
 40
0.1904761904761905
 40
0.1904761904761905
 40
0.2380952380952381
 40
0.2380952380952381
 40
0.2380952380952381
 40
0.2380952380952381
 40
0.2857142857142857
 40
0.2857142857142857
 40
0.2857142857142857
 40
0.2857142857142857
 40
0.3333333333333333
 40
0.3333333333333333
 40
0.3333333333333333
 40
0.3333333333333333
 40
0.3809523809523809
 40
0.3809523809523809
 40
0.3809523809523809
 40
0.3809523809523809
 40
0.4285714285714285
 40
0.4285714285714285
 40
0.4285714285714285
 40
0.4285714285714285
 40
0.4761904761904762
 40
0.4761904761904762
 40
0.4761904761904762
 40
0.4761904761904762
 40
0.5238095238095238
 40
0.5238095238095238
 40
0.5238095238095238
 40
0.5238095238095238
 40
0.5714285714285714
 40
0.5714285714285714
 40
0.5714285714285714
 40
0.5714285714285714
 40
0.6190476190476191
 40
0.6190476190476191
 40
0.6190476190476191
 40
0.6190476190476191
 40
0.6666666666666666
 40
0.6666666666666666
 40
0.6666666666666666
 40
0.6666666666666666
 40
0.7142857142857143
 40
0.7142857142857143
 40
0.7142857142857143
 40
0.7142857142857143
 40
0.7619047619047619
 40
0.7619047619047619
 40
0.7619047619047619
 40
0.7619047619047619
 40
0.8095238095238095
 40
0.8095238095238095
 40
0.8095238095238095
 40
0.8095238095238095
 40
0.8571428571428571
 40
0.8571428571428571
 40
0.8571428571428571
 40
0.8571428571428571
 40
0.9047619047619048
 40
0.9047619047619048
 40
0.9047619047619048
 40
0.9047619047619048
 40
1.0
 40
1.0
 40
1.0
 40
1.0
 10
-0.247
 20
-14.5159
 30
0.0
 10
-0.247
 20
-14.5159
 30
0.0
 10
-0.247
 20
-14.5846
 30
0.0
 10
-0.247
 20
-14.5846
 30
0.0
 10
-0.247
 20
-14.5846
 30
0.0
 10
-0.247
 20
-14.6928
 30
0.0
 10
-0.2206
 20
-14.7774
 30
0.0
 10
-0.167
 20
-14.8377
 30
0.0
 10
-0.167
 20
-14.8377
 30
0.0
 10
-0.1134
 20
-14.8988
 30
0.0
 10
-0.0438
 20
-14.9289
 30
0.0
 10
0.0428
 20
-14.9289
 30
0.0
 10
0.0428
 20
-14.9289
 30
0.0
 10
0.1321
 20
-14.9289
 30
0.0
 10
0.2262
 20
-14.9082
 30
0.0
 10
0.3222
 20
-14.8659
 30
0.0
 10
0.3222
 20
-14.8659
 30
0.0
 10
0.4191
 20
-14.8235
 30
0.0
 10
0.515
 20
-14.7671
 30
0.0
 10
0.61
 20
-14.6975
 30
0.0
 10
0.61
 20
-14.6975
 30
0.0
 10
0.706
 20
-14.6279
 30
0.0
 10
0.8226
 20
-14.5338
 30
0.0
 10
0.96
 20
-14.4162
 30
0.0
 10
0.96
 20
-14.4162
 30
0.0
 10
0.96
 20
-14.4162
 30
0.0
 10
0.96
 20
-14.5846
 30
0.0
 10
0.96
 20
-14.5846
 30
0.0
 10
0.96
 20
-14.5846
 30
0.0
 10
0.753
 20
-14.8339
 30
0.0
 10
0.5583
 20
-15.0258
 30
0.0
 10
0.3758
 20
-15.1584
 30
0.0
 10
0.3758
 20
-15.1584
 30
0.0
 10
0.1942
 20
-15.2911
 30
0.0
 10
0.0098
 20
-15.3579
 30
0.0
 10
-0.1783
 20
-15.3579
 30
0.0
 10
-0.1783
 20
-15.3579
 30
0.0
 10
-0.3411
 20
-15.3579
 30
0.0
 10
-0.4709
 20
-15.2948
 30
0.0
 10
-0.5668
 20
-15.1678
 30
0.0
 10
-0.5668
 20
-15.1678
 30
0.0
 10
-0.6618
 20
-15.0409
 30
0.0
 10
-0.7098
 20
-14.8678
 30
0.0
 10
-0.7098
 20
-14.6467
 30
0.0
 10
-0.7098
 20
-14.6467
 30
0.0
 10
-0.7098
 20
-14.4538
 30
0.0
 10
-0.6647
 20
-14.2789
 30
0.0
 10
-0.5744
 20
-14.1218
 30
0.0
 10
-0.5744
 20
-14.1218
 30
0.0
 10
-0.485
 20
-13.9647
 30
0.0
 10
-0.3382
 20
-13.7991
 30
0.0
 10
-0.1341
 20
-13.625
 30
0.0
 10
-0.1341
 20
-13.625
 30
0.0
 10
0.0061
 20
-13.5056
 30
0.0
 10
0.1444
 20
-13.4153
 30
0.0
 10
0.2827
 20
-13.3551
 30
0.0
 10
0.2827
 20
-13.3551
 30
0.0
 10
0.42
 20
-13.2939
 30
0.0
 10
0.5432
 20
-13.2638
 30
0.0
 10
0.6514
 20
-13.2638
 30
0.0
 10
0.6514
 20
-13.2638
 30
0.0
 10
0.738
 20
-13.2638
 30
0.0
 10
0.8066
 20
-13.2836
 30
0.0
 10
0.8565
 20
-13.3231
 30
0.0
 10
0.8565
 20
-13.3231
 30
0.0
 10
0.9073
 20
-13.3626
 30
0.0
 10
0.9327
 20
-13.4218
 30
0.0
 10
0.9327
 20
-13.5009
 30
0.0
 10
0.9327
 20
-13.5009
 30
0.0
 10
0.9327
 20
-13.6166
 30
0.0
 10
0.8894
 20
-13.7323
 30
0.0
 10
0.8029
 20
-13.8471
 30
0.0
 10
0.8029
 20
-13.8471
 30
0.0
 10
0.7163
 20
-13.9618
 30
0.0
 10
0.5846
 20
-14.0757
 30
0.0
 10
0.4078
 20
-14.1895
 30
0.0
 10
0.4078
 20
-14.1895
 30
0.0
 10
0.23
 20
-14.3024
 30
0.0
 10
0.0117
 20
-14.4115
 30
0.0
 10
-0.247
 20
-14.5159
 30
0.0
  0
SPLINE
  5
A6
330
1F
100
AcDbEntity
  8
layer 1
 62
   142
370
     9
100
AcDbSpline
210
0.0
220
0.0
230
1.0
 70
    11
 71
     3
 72
    36
 73
    32
 74
     0
 42
0.000000001
 43
0.0000000001
 40
0.0
 40
0.0
 40
0.0
 40
0.0
 40
0.1111111111111111
 40
0.1111111111111111
 40
0.1111111111111111
 40
0.1111111111111111
 40
0.2222222222222222
 40
0.2222222222222222
 40
0.2222222222222222
 40
0.2222222222222222
 40
0.3333333333333333
 40
0.3333333333333333
 40
0.3333333333333333
 40
0.3333333333333333
 40
0.4444444444444444
 40
0.4444444444444444
 40
0.4444444444444444
 40
0.4444444444444444
 40
0.5555555555555556
 40
0.5555555555555556
 40
0.5555555555555556
 40
0.5555555555555556
 40
0.6666666666666666
 40
0.6666666666666666
 40
0.6666666666666666
 40
0.6666666666666666
 40
0.7777777777777778
 40
0.7777777777777778
 40
0.7777777777777778
 40
0.7777777777777778
 40
1.0
 40
1.0
 40
1.0
 40
1.0
 10
-0.2197
 20
-14.3372
 30
0.0
 10
-0.0541
 20
-14.2723
 30
0.0
 10
0.087
 20
-14.1923
 30
0.0
 10
0.2046
 20
-14.0973
 30
0.0
 10
0.2046
 20
-14.0973
 30
0.0
 10
0.3222
 20
-14.0023
 30
0.0
 10
0.4087
 20
-13.9101
 30
0.0
 10
0.4652
 20
-13.8235
 30
0.0
 10
0.4652
 20
-13.8235
 30
0.0
 10
0.5207
 20
-13.7361
 30
0.0
 10
0.5489
 20
-13.6721
 30
0.0
 10
0.5489
 20
-13.6316
 30
0.0
 10
0.5489
 20
-13.6316
 30
0.0
 10
0.5489
 20
-13.5893
 30
0.0
 10
0.5301
 20
-13.5686
 30
0.0
 10
0.4915
 20
-13.5686
 30
0.0
 10
0.4915
 20
-13.5686
 30
0.0
 10
0.4576
 20
-13.5686
 30
0.0
 10
0.404
 20
-13.5893
 30
0.0
 10
0.3297
 20
-13.6316
 30
0.0
 10
0.3297
 20
-13.6316
 30
0.0
 10
0.2554
 20
-13.674
 30
0.0
 10
0.1801
 20
-13.7295
 30
0.0
 10
0.1039
 20
-13.7972
 30
0.0
 10
0.1039
 20
-13.7972
 30
0.0
 10
0.0277
 20
-13.8649
 30
0.0
 10
-0.04
 20
-13.9449
 30
0.0
 10
-0.1012
 20
-14.0371
 30
0.0
 10
-0.1012
 20
-14.0371
 30
0.0
 10
-0.1614
 20
-14.1283
 30
0.0
 10
-0.2009
 20
-14.229
 30
0.0
 10
-0.2197
 20
-14.3372
 30
0.0
  0
SPLINE
  5
A7
330
1F
100
AcDbEntity
  8
layer 1
 62
   142
370
     9
100
AcDbSpline
210
0.0
220
0.0
230
1.0
 70
    11
 71
     3
 72
   156
 73
   152
 74
     0
 42
0.000000001
 43
0.0000000001
 40
0.0
 40
0.0
 40
0.0
 40
0.0
 40
0.0256410256410256
 40
0.0256410256410256
 40
0.0256410256410256
 40
0.0256410256410256
 40
0.0512820512820513
 40
0.0512820512820513
 40
0.0512820512820513
 40
0.0512820512820513
 40
0.0769230769230769
 40
0.0769230769230769
 40
0.0769230769230769
 40
0.0769230769230769
 40
0.1025641025641026
 40
0.1025641025641026
 40
0.1025641025641026
 40
0.1025641025641026
 40
0.1282051282051282
 40
0.1282051282051282
 40
0.1282051282051282
 40
0.1282051282051282
 40
0.1538461538461539
 40
0.1538461538461539
 40
0.1538461538461539
 40
0.1538461538461539
 40
0.1794871794871795
 40
0.1794871794871795
 40
0.1794871794871795
 40
0.1794871794871795
 40
0.2051282051282051
 40
0.2051282051282051
 40
0.2051282051282051
 40
0.2051282051282051
 40
0.2307692307692308
 40
0.2307692307692308
 40
0.2307692307692308
 40
0.2307692307692308
 40
0.2564102564102564
 40
0.2564102564102564
 40
0.2564102564102564
 40
0.2564102564102564
 40
0.282051282051282
 40
0.282051282051282
 40
0.282051282051282
 40
0.282051282051282
 40
0.3076923076923077
 40
0.3076923076923077
 40
0.3076923076923077
 40
0.3076923076923077
 40
0.3333333333333333
 40
0.3333333333333333
 40
0.3333333333333333
 40
0.3333333333333333
 40
0.358974358974359
 40
0.358974358974359
 40
0.358974358974359
 40
0.358974358974359
 40
0.3846153846153846
 40
0.3846153846153846
 40
0.3846153846153846
 40
0.3846153846153846
 40
0.4102564102564102
 40
0.4102564102564102
 40
0.4102564102564102
 40
0.4102564102564102
 40
0.4358974358974359
 40
0.4358974358974359
 40
0.4358974358974359
 40
0.4358974358974359
 40
0.4615384615384616
 40
0.4615384615384616
 40
0.4615384615384616
 40
0.4615384615384616
 40
0.4871794871794872
 40
0.4871794871794872
 40
0.4871794871794872
 40
0.4871794871794872
 40
0.5128205128205128
 40
0.5128205128205128
 40
0.5128205128205128
 40
0.5128205128205128
 40
0.5384615384615384
 40
0.5384615384615384
 40
0.5384615384615384
 40
0.5384615384615384
 40
0.5641025641025641
 40
0.5641025641025641
 40
0.5641025641025641
 40
0.5641025641025641
 40
0.5897435897435898
 40
0.5897435897435898
 40
0.5897435897435898
 40
0.5897435897435898
 40
0.6153846153846154
 40
0.6153846153846154
 40
0.6153846153846154
 40
0.6153846153846154
 40
0.6410256410256411
 40
0.6410256410256411
 40
0.6410256410256411
 40
0.6410256410256411
 40
0.6666666666666666
 40
0.6666666666666666
 40
0.6666666666666666
 40
0.6666666666666666
 40
0.6923076923076923
 40
0.6923076923076923
 40
0.6923076923076923
 40
0.6923076923076923
 40
0.717948717948718
 40
0.717948717948718
 40
0.717948717948718
 40
0.717948717948718
 40
0.7435897435897436
 40
0.7435897435897436
 40
0.7435897435897436
 40
0.7435897435897436
 40
0.7692307692307693
 40
0.7692307692307693
 40
0.7692307692307693
 40
0.7692307692307693
 40
0.7948717948717948
 40
0.7948717948717948
 40
0.7948717948717948
 40
0.7948717948717948
 40
0.8205128205128205
 40
0.8205128205128205
 40
0.8205128205128205
 40
0.8205128205128205
 40
0.8461538461538461
 40
0.8461538461538461
 40
0.8461538461538461
 40
0.8461538461538461
 40
0.8717948717948718
 40
0.8717948717948718
 40
0.8717948717948718
 40
0.8717948717948718
 40
0.8974358974358975
 40
0.8974358974358975
 40
0.8974358974358975
 40
0.8974358974358975
 40
0.9230769230769231
 40
0.9230769230769231
 40
0.9230769230769231
 40
0.9230769230769231
 40
0.9487179487179487
 40
0.9487179487179487
 40
0.9487179487179487
 40
0.9487179487179487
 40
1.0
 40
1.0
 40
1.0
 40
1.0
 10
2.818
 20
-13.9176
 30
0.0
 10
2.4944
 20
-14.2779
 30
0.0
 10
2.3325
 20
-14.5291
 30
0.0
 10
2.3325
 20
-14.6702
 30
0.0
 10
2.3325
 20
-14.6702
 30
0.0
 10
2.3325
 20
-14.7492
 30
0.0
 10
2.3645
 20
-14.7887
 30
0.0
 10
2.4294
 20
-14.7887
 30
0.0
 10
2.4294
 20
-14.7887
 30
0.0
 10
2.4821
 20
-14.7887
 30
0.0
 10
2.5517
 20
-14.7605
 30
0.0
 10
2.6373
 20
-14.7041
 30
0.0
 10
2.6373
 20
-14.7041
 30
0.0
 10
2.7229
 20
-14.6486
 30
0.0
 10
2.8565
 20
-14.5488
 30
0.0
 10
3.0381
 20
-14.4059
 30
0.0
 10
3.0381
 20
-14.4059
 30
0.0
 10
3.0381
 20
-14.4059
 30
0.0
 10
3.0381
 20
-14.5949
 30
0.0
 10
3.0381
 20
-14.5949
 30
0.0
 10
3.0381
 20
-14.5949
 30
0.0
 10
2.7775
 20
-14.8527
 30
0.0
 10
2.5771
 20
-15.039
 30
0.0
 10
2.4379
 20
-15.1528
 30
0.0
 10
2.4379
 20
-15.1528
 30
0.0
 10
2.2977
 20
-15.2666
 30
0.0
 10
2.1839
 20
-15.324
 30
0.0
 10
2.0955
 20
-15.324
 30
0.0
 10
2.0955
 20
-15.324
 30
0.0
 10
1.945
 20
-15.324
 30
0.0
 10
1.8697
 20
-15.2243
 30
0.0
 10
1.8697
 20
-15.0258
 30
0.0
 10
1.8697
 20
-15.0258
 30
0.0
 10
1.8697
 20
-14.9675
 30
0.0
 10
1.8791
 20
-14.9091
 30
0.0
 10
1.897
 20
-14.8527
 30
0.0
 10
1.897
 20
-14.8527
 30
0.0
 10
1.9158
 20
-14.7953
 30
0.0
 10
1.9412
 20
-14.7361
 30
0.0
 10
1.9732
 20
-14.6749
 30
0.0
 10
1.9732
 20
-14.6749
 30
0.0
 10
2.0052
 20
-14.6128
 30
0.0
 10
2.0541
 20
-14.5253
 30
0.0
 10
2.1209
 20
-14.4106
 30
0.0
 10
2.1209
 20
-14.4106
 30
0.0
 10
2.1867
 20
-14.2948
 30
0.0
 10
2.2629
 20
-14.165
 30
0.0
 10
2.3495
 20
-14.0202
 30
0.0
 10
2.3495
 20
-14.0202
 30
0.0
 10
2.2451
 20
-14.0738
 30
0.0
 10
2.1134
 20
-14.1791
 30
0.0
 10
1.9553
 20
-14.3362
 30
0.0
 10
1.9553
 20
-14.3362
 30
0.0
 10
1.8518
 20
-14.436
 30
0.0
 10
1.7653
 20
-14.53
 30
0.0
 10
1.6928
 20
-14.6194
 30
0.0
 10
1.6928
 20
-14.6194
 30
0.0
 10
1.6214
 20
-14.7088
 30
0.0
 10
1.5452
 20
-14.8075
 30
0.0
 10
1.4633
 20
-14.9167
 30
0.0
 10
1.4633
 20
-14.9167
 30
0.0
 10
1.3815
 20
-15.0267
 30
0.0
 10
1.3213
 20
-15.1001
 30
0.0
 10
1.2836
 20
-15.1377
 30
0.0
 10
1.2836
 20
-15.1377
 30
0.0
 10
1.246
 20
-15.1754
 30
0.0
 10
1.2084
 20
-15.1942
 30
0.0
 10
1.1698
 20
-15.1942
 30
0.0
 10
1.1698
 20
-15.1942
 30
0.0
 10
1.1105
 20
-15.1942
 30
0.0
 10
1.0569
 20
-15.133
 30
0.0
 10
1.0071
 20
-15.0098
 30
0.0
 10
1.0071
 20
-15.0098
 30
0.0
 10
0.9572
 20
-14.8866
 30
0.0
 10
0.9327
 20
-14.7426
 30
0.0
 10
0.9327
 20
-14.5789
 30
0.0
 10
0.9327
 20
-14.5789
 30
0.0
 10
0.9327
 20
-14.4783
 30
0.0
 10
0.944
 20
-14.3993
 30
0.0
 10
0.9675
 20
-14.3419
 30
0.0
 10
0.9675
 20
-14.3419
 30
0.0
 10
0.9901
 20
-14.2854
 30
0.0
 10
1.0353
 20
-14.2045
 30
0.0
 10
1.1039
 20
-14.0992
 30
0.0
 10
1.1039
 20
-14.0992
 30
0.0
 10
1.23
 20
-13.9044
 30
0.0
 10
1.3401
 20
-13.7615
 30
0.0
 10
1.4313
 20
-13.6702
 30
0.0
 10
1.4313
 20
-13.6702
 30
0.0
 10
1.5235
 20
-13.5799
 30
0.0
 10
1.6119
 20
-13.5338
 30
0.0
 10
1.6957
 20
-13.5338
 30
0.0
 10
1.6957
 20
-13.5338
 30
0.0
 10
1.7549
 20
-13.5338
 30
0.0
 10
1.802
 20
-13.5441
 30
0.0
 10
1.8377
 20
-13.5639
 30
0.0
 10
1.8377
 20
-13.5639
 30
0.0
 10
1.8735
 20
-13.5846
 30
0.0
 10
1.8913
 20
-13.6156
 30
0.0
 10
1.8913
 20
-13.658
 30
0.0
 10
1.8913
 20
-13.658
 30
0.0
 10
1.8913
 20
-13.6768
 30
0.0
 10
1.8866
 20
-13.6956
 30
0.0
 10
1.8753
 20
-13.7163
 30
0.0
 10
1.8753
 20
-13.7163
 30
0.0
 10
1.8641
 20
-13.737
 30
0.0
 10
1.8518
 20
-13.7549
 30
0.0
 10
1.8377
 20
-13.7718
 30
0.0
 10
1.8377
 20
-13.7718
 30
0.0
 10
1.8245
 20
-13.7878
 30
0.0
 10
1.7954
 20
-13.8207
 30
0.0
 10
1.7512
 20
-13.8678
 30
0.0
 10
1.7512
 20
-13.8678
 30
0.0
 10
1.4614
 20
-14.1895
 30
0.0
 10
1.3166
 20
-14.3983
 30
0.0
 10
1.3166
 20
-14.4933
 30
0.0
 10
1.3166
 20
-14.4933
 30
0.0
 10
1.3166
 20
-14.547
 30
0.0
 10
1.3344
 20
-14.5733
 30
0.0
 10
1.3692
 20
-14.5733
 30
0.0
 10
1.3692
 20
-14.5733
 30
0.0
 10
1.3909
 20
-14.5733
 30
0.0
 10
1.4332
 20
-14.5376
 30
0.0
 10
1.4972
 20
-14.467
 30
0.0
 10
1.4972
 20
-14.467
 30
0.0
 10
1.5602
 20
-14.3964
 30
0.0
 10
1.642
 20
-14.3033
 30
0.0
 10
1.7418
 20
-14.1885
 30
0.0
 10
1.7418
 20
-14.1885
 30
0.0
 10
1.8424
 20
-14.0738
 30
0.0
 10
1.961
 20
-13.9543
 30
0.0
 10
2.0974
 20
-13.8292
 30
0.0
 10
2.0974
 20
-13.8292
 30
0.0
 10
2.2347
 20
-13.7041
 30
0.0
 10
2.3899
 20
-13.5837
 30
0.0
 10
2.564
 20
-13.4679
 30
0.0
 10
2.564
 20
-13.4679
 30
0.0
 10
2.6618
 20
-13.3993
 30
0.0
 10
2.7427
 20
-13.3654
 30
0.0
 10
2.8067
 20
-13.3654
 30
0.0
 10
2.8067
 20
-13.3654
 30
0.0
 10
2.8368
 20
-13.3654
 30
0.0
 10
2.865
 20
-13.4059
 30
0.0
 10
2.8942
 20
-13.4868
 30
0.0
 10
2.8942
 20
-13.4868
 30
0.0
 10
2.9224
 20
-13.5677
 30
0.0
 10
2.9365
 20
-13.6495
 30
0.0
 10
2.9365
 20
-13.7332
 30
0.0
 10
2.9365
 20
-13.7332
 30
0.0
 10
2.9365
 20
-13.7737
 30
0.0
 10
2.897
 20
-13.8348
 30
0.0
 10
2.818
 20
-13.9176
 30
0.0
  0
SPLINE
  5
A8
330
1F
100
AcDbEntity
  8
layer 1
 62
   142
370
     9
100
AcDbSpline
210
0.0
220
0.0
230
1.0
 70
    11
 71
     3
 72
   180
 73
   176
 74
     0
 42
0.000000001
 43
0.0000000001
 40
0.0
 40
0.0
 40
0.0
 40
0.0
 40
0.0222222222222222
 40
0.0222222222222222
 40
0.0222222222222222
 40
0.0222222222222222
 40
0.0444444444444444
 40
0.0444444444444444
 40
0.0444444444444444
 40
0.0444444444444444
 40
0.0666666666666667
 40
0.0666666666666667
 40
0.0666666666666667
 40
0.0666666666666667
 40
0.0888888888888889
 40
0.0888888888888889
 40
0.0888888888888889
 40
0.0888888888888889
 40
0.1111111111111111
 40
0.1111111111111111
 40
0.1111111111111111
 40
0.1111111111111111
 40
0.1333333333333333
 40
0.1333333333333333
 40
0.1333333333333333
 40
0.1333333333333333
 40
0.1555555555555556
 40
0.1555555555555556
 40
0.1555555555555556
 40
0.1555555555555556
 40
0.1777777777777778
 40
0.1777777777777778
 40
0.1777777777777778
 40
0.1777777777777778
 40
0.2
 40
0.2
 40
0.2
 40
0.2
 40
0.2222222222222222
 40
0.2222222222222222
 40
0.2222222222222222
 40
0.2222222222222222
 40
0.2444444444444444
 40
0.2444444444444444
 40
0.2444444444444444
 40
0.2444444444444444
 40
0.2666666666666667
 40
0.2666666666666667
 40
0.2666666666666667
 40
0.2666666666666667
 40
0.2888888888888889
 40
0.2888888888888889
 40
0.2888888888888889
 40
0.2888888888888889
 40
0.3111111111111111
 40
0.3111111111111111
 40
0.3111111111111111
 40
0.3111111111111111
 40
0.3333333333333333
 40
0.3333333333333333
 40
0.3333333333333333
 40
0.3333333333333333
 40
0.3555555555555556
 40
0.3555555555555556
 40
0.3555555555555556
 40
0.3555555555555556
 40
0.3777777777777778
 40
0.3777777777777778
 40
0.3777777777777778
 40
0.3777777777777778
 40
0.4
 40
0.4
 40
0.4
 40
0.4
 40
0.4222222222222222
 40
0.4222222222222222
 40
0.4222222222222222
 40
0.4222222222222222
 40
0.4444444444444444
 40
0.4444444444444444
 40
0.4444444444444444
 40
0.4444444444444444
 40
0.4666666666666667
 40
0.4666666666666667
 40
0.4666666666666667
 40
0.4666666666666667
 40
0.4888888888888889
 40
0.4888888888888889
 40
0.4888888888888889
 40
0.4888888888888889
 40
0.5111111111111111
 40
0.5111111111111111
 40
0.5111111111111111
 40
0.5111111111111111
 40
0.5333333333333333
 40
0.5333333333333333
 40
0.5333333333333333
 40
0.5333333333333333
 40
0.5555555555555556
 40
0.5555555555555556
 40
0.5555555555555556
 40
0.5555555555555556
 40
0.5777777777777777
 40
0.5777777777777777
 40
0.5777777777777777
 40
0.5777777777777777
 40
0.6
 40
0.6
 40
0.6
 40
0.6
 40
0.6222222222222222
 40
0.6222222222222222
 40
0.6222222222222222
 40
0.6222222222222222
 40
0.6444444444444445
 40
0.6444444444444445
 40
0.6444444444444445
 40
0.6444444444444445
 40
0.6666666666666666
 40
0.6666666666666666
 40
0.6666666666666666
 40
0.6666666666666666
 40
0.6888888888888889
 40
0.6888888888888889
 40
0.6888888888888889
 40
0.6888888888888889
 40
0.7111111111111111
 40
0.7111111111111111
 40
0.7111111111111111
 40
0.7111111111111111
 40
0.7333333333333333
 40
0.7333333333333333
 40
0.7333333333333333
 40
0.7333333333333333
 40
0.7555555555555555
 40
0.7555555555555555
 40
0.7555555555555555
 40
0.7555555555555555
 40
0.7777777777777778
 40
0.7777777777777778
 40
0.7777777777777778
 40
0.7777777777777778
 40
0.8
 40
0.8
 40
0.8
 40
0.8
 40
0.8222222222222222
 40
0.8222222222222222
 40
0.8222222222222222
 40
0.8222222222222222
 40
0.8444444444444444
 40
0.8444444444444444
 40
0.8444444444444444
 40
0.8444444444444444
 40
0.8666666666666667
 40
0.8666666666666667
 40
0.8666666666666667
 40
0.8666666666666667
 40
0.8888888888888888
 40
0.8888888888888888
 40
0.8888888888888888
 40
0.8888888888888888
 40
0.9111111111111111
 40
0.9111111111111111
 40
0.9111111111111111
 40
0.9111111111111111
 40
0.9333333333333333
 40
0.9333333333333333
 40
0.9333333333333333
 40
0.9333333333333333
 40
0.9555555555555556
 40
0.9555555555555556
 40
0.9555555555555556
 40
0.9555555555555556
 40
1.0
 40
1.0
 40
1.0
 40
1.0
 10
4.3193
 20
-14.229
 30
0.0
 10
4.0531
 20
-14.5818
 30
0.0
 10
3.8499
 20
-14.8329
 30
0.0
 10
3.7116
 20
-14.9816
 30
0.0
 10
3.7116
 20
-14.9816
 30
0.0
 10
3.5724
 20
-15.1312
 30
0.0
 10
3.4595
 20
-15.2055
 30
0.0
 10
3.3711
 20
-15.2055
 30
0.0
 10
3.3711
 20
-15.2055
 30
0.0
 10
3.3015
 20
-15.2055
 30
0.0
 10
3.2375
 20
-15.1763
 30
0.0
 10
3.1782
 20
-15.1189
 30
0.0
 10
3.1782
 20
-15.1189
 30
0.0
 10
3.1199
 20
-15.0606
 30
0.0
 10
3.0738
 20
-14.9825
 30
0.0
 10
3.0418
 20
-14.8837
 30
0.0
 10
3.0418
 20
-14.8837
 30
0.0
 10
3.0098
 20
-14.7859
 30
0.0
 10
2.9938
 20
-14.6805
 30
0.0
 10
2.9938
 20
-14.5686
 30
0.0
 10
2.9938
 20
-14.5686
 30
0.0
 10
2.9938
 20
-14.4952
 30
0.0
 10
3.0004
 20
-14.4284
 30
0.0
 10
3.0145
 20
-14.3701
 30
0.0
 10
3.0145
 20
-14.3701
 30
0.0
 10
3.0286
 20
-14.3108
 30
0.0
 10
3.054
 20
-14.2459
 30
0.0
 10
3.0926
 20
-14.1754
 30
0.0
 10
3.0926
 20
-14.1754
 30
0.0
 10
3.1312
 20
-14.1048
 30
0.0
 10
3.1829
 20
-14.0277
 30
0.0
 10
3.2459
 20
-13.9449
 30
0.0
 10
3.2459
 20
-13.9449
 30
0.0
 10
3.309
 20
-13.8621
 30
0.0
 10
3.3871
 20
-13.769
 30
0.0
 10
3.4783
 20
-13.6636
 30
0.0
 10
3.4783
 20
-13.6636
 30
0.0
 10
3.5338
 20
-13.5996
 30
0.0
 10
3.5799
 20
-13.5451
 30
0.0
 10
3.6175
 20
-13.5009
 30
0.0
 10
3.6175
 20
-13.5009
 30
0.0
 10
3.6552
 20
-13.4567
 30
0.0
 10
3.6919
 20
-13.4275
 30
0.0
 10
3.7276
 20
-13.4115
 30
0.0
 10
3.7276
 20
-13.4115
 30
0.0
 10
3.7634
 20
-13.3955
 30
0.0
 10
3.8217
 20
-13.388
 30
0.0
 10
3.9026
 20
-13.388
 30
0.0
 10
3.9026
 20
-13.388
 30
0.0
 10
3.9618
 20
-13.388
 30
0.0
 10
4.0174
 20
-13.3955
 30
0.0
 10
4.071
 20
-13.4115
 30
0.0
 10
4.071
 20
-13.4115
 30
0.0
 10
4.1246
 20
-13.4266
 30
0.0
 10
4.1509
 20
-13.4435
 30
0.0
 10
4.1509
 20
-13.4595
 30
0.0
 10
4.1509
 20
-13.4595
 30
0.0
 10
4.1509
 20
-13.4924
 30
0.0
 10
4.1237
 20
-13.5526
 30
0.0
 10
4.07
 20
-13.6392
 30
0.0
 10
4.07
 20
-13.6392
 30
0.0
 10
4.0155
 20
-13.7248
 30
0.0
 10
3.928
 20
-13.8301
 30
0.0
 10
3.8076
 20
-13.9543
 30
0.0
 10
3.8076
 20
-13.9543
 30
0.0
 10
3.6872
 20
-14.0785
 30
0.0
 10
3.5489
 20
-14.1998
 30
0.0
 10
3.3908
 20
-14.3193
 30
0.0
 10
3.3908
 20
-14.3193
 30
0.0
 10
3.356
 20
-14.4284
 30
0.0
 10
3.3381
 20
-14.5103
 30
0.0
 10
3.3381
 20
-14.5677
 30
0.0
 10
3.3381
 20
-14.5677
 30
0.0
 10
3.3381
 20
-14.6467
 30
0.0
 10
3.3682
 20
-14.6862
 30
0.0
 10
3.4294
 20
-14.6862
 30
0.0
 10
3.4294
 20
-14.6862
 30
0.0
 10
3.451
 20
-14.6862
 30
0.0
 10
3.4877
 20
-14.6674
 30
0.0
 10
3.5395
 20
-14.6297
 30
0.0
 10
3.5395
 20
-14.6297
 30
0.0
 10
3.5903
 20
-14.5921
 30
0.0
 10
3.6777
 20
-14.5197
 30
0.0
 10
3.8
 20
-14.4124
 30
0.0
 10
3.8
 20
-14.4124
 30
0.0
 10
3.9214
 20
-14.3052
 30
0.0
 10
4.0315
 20
-14.2102
 30
0.0
 10
4.1284
 20
-14.1274
 30
0.0
 10
4.1284
 20
-14.1274
 30
0.0
 10
4.2008
 20
-14.0653
 30
0.0
 10
4.2836
 20
-13.9722
 30
0.0
 10
4.3786
 20
-13.848
 30
0.0
 10
4.3786
 20
-13.848
 30
0.0
 10
4.4727
 20
-13.7238
 30
0.0
 10
4.5498
 20
-13.6307
 30
0.0
 10
4.6081
 20
-13.5686
 30
0.0
 10
4.6081
 20
-13.5686
 30
0.0
 10
4.7445
 20
-13.4256
 30
0.0
 10
4.8377
 20
-13.3325
 30
0.0
 10
4.8866
 20
-13.2892
 30
0.0
 10
4.8866
 20
-13.2892
 30
0.0
 10
4.9364
 20
-13.2459
 30
0.0
 10
4.9844
 20
-13.2243
 30
0.0
 10
5.0305
 20
-13.2243
 30
0.0
 10
5.0305
 20
-13.2243
 30
0.0
 10
5.0738
 20
-13.2243
 30
0.0
 10
5.1039
 20
-13.2384
 30
0.0
 10
5.1199
 20
-13.2657
 30
0.0
 10
5.1199
 20
-13.2657
 30
0.0
 10
5.1349
 20
-13.293
 30
0.0
 10
5.1434
 20
-13.3494
 30
0.0
 10
5.1434
 20
-13.4331
 30
0.0
 10
5.1434
 20
-13.4331
 30
0.0
 10
5.1434
 20
-13.4717
 30
0.0
 10
5.1396
 20
-13.5037
 30
0.0
 10
5.1321
 20
-13.5272
 30
0.0
 10
5.1321
 20
-13.5272
 30
0.0
 10
5.1246
 20
-13.5507
 30
0.0
 10
5.1095
 20
-13.5818
 30
0.0
 10
5.087
 20
-13.6194
 30
0.0
 10
5.087
 20
-13.6194
 30
0.0
 10
5.0634
 20
-13.657
 30
0.0
 10
5.0174
 20
-13.7266
 30
0.0
 10
4.9477
 20
-13.8273
 30
0.0
 10
4.9477
 20
-13.8273
 30
0.0
 10
4.8772
 20
-13.928
 30
0.0
 10
4.7953
 20
-14.0474
 30
0.0
 10
4.6994
 20
-14.1848
 30
0.0
 10
4.6994
 20
-14.1848
 30
0.0
 10
4.6476
 20
-14.2591
 30
0.0
 10
4.6034
 20
-14.3391
 30
0.0
 10
4.5649
 20
-14.4266
 30
0.0
 10
4.5649
 20
-14.4266
 30
0.0
 10
4.5263
 20
-14.5131
 30
0.0
 10
4.5065
 20
-14.5789
 30
0.0
 10
4.5065
 20
-14.6232
 30
0.0
 10
4.5065
 20
-14.6232
 30
0.0
 10
4.5065
 20
-14.7182
 30
0.0
 10
4.5442
 20
-14.7662
 30
0.0
 10
4.6194
 20
-14.7662
 30
0.0
 10
4.6194
 20
-14.7662
 30
0.0
 10
4.6824
 20
-14.7662
 30
0.0
 10
4.7549
 20
-14.7408
 30
0.0
 10
4.8377
 20
-14.689
 30
0.0
 10
4.8377
 20
-14.689
 30
0.0
 10
4.9195
 20
-14.6373
 30
0.0
 10
5.0465
 20
-14.5451
 30
0.0
 10
5.2177
 20
-14.4106
 30
0.0
 10
5.2177
 20
-14.4106
 30
0.0
 10
5.2177
 20
-14.4106
 30
0.0
 10
5.2177
 20
-14.5959
 30
0.0
 10
5.2177
 20
-14.5959
 30
0.0
 10
5.2177
 20
-14.5959
 30
0.0
 10
5.0023
 20
-14.7944
 30
0.0
 10
4.8433
 20
-14.9383
 30
0.0
 10
4.7408
 20
-15.0286
 30
0.0
 10
4.7408
 20
-15.0286
 30
0.0
 10
4.6382
 20
-15.1189
 30
0.0
 10
4.5489
 20
-15.1867
 30
0.0
 10
4.4736
 20
-15.2328
 30
0.0
 10
4.4736
 20
-15.2328
 30
0.0
 10
4.3983
 20
-15.2789
 30
0.0
 10
4.3269
 20
-15.3024
 30
0.0
 10
4.2582
 20
-15.3024
 30
0.0
 10
4.2582
 20
-15.3024
 30
0.0
 10
4.1039
 20
-15.3024
 30
0.0
 10
4.0268
 20
-15.2102
 30
0.0
 10
4.0268
 20
-15.0258
 30
0.0
 10
4.0268
 20
-15.0258
 30
0.0
 10
4.0268
 20
-14.9562
 30
0.0
 10
4.0493
 20
-14.8621
 30
0.0
 10
4.0954
 20
-14.7436
 30
0.0
 10
4.0954
 20
-14.7436
 30
0.0
 10
4.1415
 20
-14.625
 30
0.0
 10
4.2158
 20
-14.4529
 30
0.0
 10
4.3193
 20
-14.229
 30
0.0
  0
SPLINE
  5
A9
330
1F
100
AcDbEntity
  8
layer 1
 62
   250
100
AcDbSpline
210
0.0
220
0.0
230
1.0
 70
    11
 71
     3
 72
   184
 73
   180
 74
     0
 42
0.000000001
 43
0.0000000001
 40
0.0
 40
0.0
 40
0.0
 40
0.0
 40
0.0217391304347826
 40
0.0217391304347826
 40
0.0217391304347826
 40
0.0217391304347826
 40
0.0434782608695652
 40
0.0434782608695652
 40
0.0434782608695652
 40
0.0434782608695652
 40
0.0652173913043478
 40
0.0652173913043478
 40
0.0652173913043478
 40
0.0652173913043478
 40
0.0869565217391304
 40
0.0869565217391304
 40
0.0869565217391304
 40
0.0869565217391304
 40
0.108695652173913
 40
0.108695652173913
 40
0.108695652173913
 40
0.108695652173913
 40
0.1304347826086956
 40
0.1304347826086956
 40
0.1304347826086956
 40
0.1304347826086956
 40
0.1521739130434783
 40
0.1521739130434783
 40
0.1521739130434783
 40
0.1521739130434783
 40
0.1739130434782609
 40
0.1739130434782609
 40
0.1739130434782609
 40
0.1739130434782609
 40
0.1956521739130435
 40
0.1956521739130435
 40
0.1956521739130435
 40
0.1956521739130435
 40
0.2173913043478261
 40
0.2173913043478261
 40
0.2173913043478261
 40
0.2173913043478261
 40
0.2391304347826087
 40
0.2391304347826087
 40
0.2391304347826087
 40
0.2391304347826087
 40
0.2608695652173913
 40
0.2608695652173913
 40
0.2608695652173913
 40
0.2608695652173913
 40
0.2826086956521739
 40
0.2826086956521739
 40
0.2826086956521739
 40
0.2826086956521739
 40
0.3043478260869565
 40
0.3043478260869565
 40
0.3043478260869565
 40
0.3043478260869565
 40
0.3260869565217391
 40
0.3260869565217391
 40
0.3260869565217391
 40
0.3260869565217391
 40
0.3478260869565217
 40
0.3478260869565217
 40
0.3478260869565217
 40
0.3478260869565217
 40
0.3695652173913043
 40
0.3695652173913043
 40
0.3695652173913043
 40
0.3695652173913043
 40
0.391304347826087
 40
0.391304347826087
 40
0.391304347826087
 40
0.391304347826087
 40
0.4130434782608696
 40
0.4130434782608696
 40
0.4130434782608696
 40
0.4130434782608696
 40
0.4347826086956522
 40
0.4347826086956522
 40
0.4347826086956522
 40
0.4347826086956522
 40
0.4565217391304348
 40
0.4565217391304348
 40
0.4565217391304348
 40
0.4565217391304348
 40
0.4782608695652174
 40
0.4782608695652174
 40
0.4782608695652174
 40
0.4782608695652174
 40
0.5
 40
0.5
 40
0.5
 40
0.5
 40
0.5217391304347826
 40
0.5217391304347826
 40
0.5217391304347826
 40
0.5217391304347826
 40
0.5434782608695652
 40
0.5434782608695652
 40
0.5434782608695652
 40
0.5434782608695652
 40
0.5652173913043478
 40
0.5652173913043478
 40
0.5652173913043478
 40
0.5652173913043478
 40
0.5869565217391305
 40
0.5869565217391305
 40
0.5869565217391305
 40
0.5869565217391305
 40
0.6086956521739131
 40
0.6086956521739131
 40
0.6086956521739131
 40
0.6086956521739131
 40
0.6304347826086957
 40
0.6304347826086957
 40
0.6304347826086957
 40
0.6304347826086957
 40
0.6521739130434783
 40
0.6521739130434783
 40
0.6521739130434783
 40
0.6521739130434783
 40
0.6739130434782609
 40
0.6739130434782609
 40
0.6739130434782609
 40
0.6739130434782609
 40
0.6956521739130435
 40
0.6956521739130435
 40
0.6956521739130435
 40
0.6956521739130435
 40
0.717391304347826
 40
0.717391304347826
 40
0.717391304347826
 40
0.717391304347826
 40
0.7391304347826086
 40
0.7391304347826086
 40
0.7391304347826086
 40
0.7391304347826086
 40
0.7608695652173914
 40
0.7608695652173914
 40
0.7608695652173914
 40
0.7608695652173914
 40
0.782608695652174
 40
0.782608695652174
 40
0.782608695652174
 40
0.782608695652174
 40
0.8043478260869565
 40
0.8043478260869565
 40
0.8043478260869565
 40
0.8043478260869565
 40
0.8260869565217391
 40
0.8260869565217391
 40
0.8260869565217391
 40
0.8260869565217391
 40
0.8478260869565217
 40
0.8478260869565217
 40
0.8478260869565217
 40
0.8478260869565217
 40
0.8695652173913043
 40
0.8695652173913043
 40
0.8695652173913043
 40
0.8695652173913043
 40
0.8913043478260869
 40
0.8913043478260869
 40
0.8913043478260869
 40
0.8913043478260869
 40
0.9130434782608695
 40
0.9130434782608695
 40
0.9130434782608695
 40
0.9130434782608695
 40
0.9347826086956522
 40
0.9347826086956522
 40
0.9347826086956522
 40
0.9347826086956522
 40
0.9565217391304348
 40
0.9565217391304348
 40
0.9565217391304348
 40
0.9565217391304348
 40
1.0
 40
1.0
 40
1.0
 40
1.0
 10
23.3226
 20
28.276
 30
0.0
 10
23.2522
 20
28.2814
 30
0.0
 10
23.1819
 20
28.2867
 30
0.0
 10
23.1115
 20
28.2921
 30
0.0
 10
23.1115
 20
28.2921
 30
0.0
 10
23.0382
 20
28.3003
 30
0.0
 10
22.9678
 20
28.3057
 30
0.0
 10
22.8974
 20
28.3109
 30
0.0
 10
22.8974
 20
28.3109
 30
0.0
 10
22.7068
 20
28.3242
 30
0.0
 10
22.5192
 20
28.3374
 30
0.0
 10
22.3374
 20
28.3537
 30
0.0
 10
22.3374
 20
28.3537
 30
0.0
 10
22.1526
 20
28.3699
 30
0.0
 10
21.9707
 20
28.4008
 30
0.0
 10
21.7887
 20
28.4463
 30
0.0
 10
21.7887
 20
28.4463
 30
0.0
 10
21.6301
 20
28.4861
 30
0.0
 10
21.4773
 20
28.5406
 30
0.0
 10
21.3333
 20
28.607
 30
0.0
 10
21.3333
 20
28.607
 30
0.0
 10
21.1863
 20
28.6734
 30
0.0
 10
21.042
 20
28.7601
 30
0.0
 10
20.9006
 20
28.8705
 30
0.0
 10
20.9006
 20
28.8705
 30
0.0
 10
20.7001
 20
29.0302
 30
0.0
 10
20.5375
 20
29.2165
 30
0.0
 10
20.4187
 20
29.4354
 30
0.0
 10
20.4187
 20
29.4354
 30
0.0
 10
20.2969
 20
29.6543
 30
0.0
 10
20.1868
 20
29.8761
 30
0.0
 10
20.0884
 20
30.1069
 30
0.0
 10
20.0884
 20
30.1069
 30
0.0
 10
20.0735
 20
30.1361
 30
0.0
 10
20.0616
 20
30.1595
 30
0.0
 10
20.0527
 20
30.18
 30
0.0
 10
20.0527
 20
30.18
 30
0.0
 10
20.0467
 20
30.2004
 30
0.0
 10
20.0378
 20
30.2179
 30
0.0
 10
20.0289
 20
30.2295
 30
0.0
 10
20.0289
 20
30.2295
 30
0.0
 10
20.008
 20
30.2851
 30
0.0
 10
19.9871
 20
30.3347
 30
0.0
 10
19.9691
 20
30.3815
 30
0.0
 10
19.9691
 20
30.3815
 30
0.0
 10
19.9512
 20
30.4283
 30
0.0
 10
19.9274
 20
30.475
 30
0.0
 10
19.9037
 20
30.5158
 30
0.0
 10
19.9037
 20
30.5158
 30
0.0
 10
19.8649
 20
30.6093
 30
0.0
 10
19.8202
 20
30.6998
 30
0.0
 10
19.7639
 20
30.7873
 30
0.0
 10
19.7639
 20
30.7873
 30
0.0
 10
19.7076
 20
30.8747
 30
0.0
 10
19.628
 20
30.9357
 30
0.0
 10
19.5281
 20
30.9731
 30
0.0
 10
19.5281
 20
30.9731
 30
0.0
 10
19.5281
 20
30.9731
 30
0.0
 10
19.0897
 20
29.2351
 30
0.0
 10
19.0897
 20
29.2351
 30
0.0
 10
19.0897
 20
29.2351
 30
0.0
 10
19.0897
 20
29.2351
 30
0.0
 10
16.8232
 20
29.8072
 30
0.0
 10
16.8232
 20
29.8072
 30
0.0
 10
16.8232
 20
29.8072
 30
0.0
 10
16.8232
 20
29.8072
 30
0.0
 10
17.8964
 20
34.0554
 30
0.0
 10
17.8964
 20
34.0554
 30
0.0
 10
17.8964
 20
34.0554
 30
0.0
 10
17.6887
 20
33.9982
 30
0.0
 10
17.4871
 20
33.9294
 30
0.0
 10
17.2913
 20
33.8458
 30
0.0
 10
17.2913
 20
33.8458
 30
0.0
 10
17.0956
 20
33.7623
 30
0.0
 10
16.9028
 20
33.6759
 30
0.0
 10
16.7101
 20
33.5924
 30
0.0
 10
16.7101
 20
33.5924
 30
0.0
 10
16.7101
 20
33.5924
 30
0.0
 10
15.7624
 20
35.7158
 30
0.0
 10
15.7624
 20
35.7158
 30
0.0
 10
15.7624
 20
35.7158
 30
0.0
 10
15.815
 20
35.7396
 30
0.0
 10
15.8704
 20
35.7635
 30
0.0
 10
15.923
 20
35.7844
 30
0.0
 10
15.923
 20
35.7844
 30
0.0
 10
15.9785
 20
35.8083
 30
0.0
 10
16.0398
 20
35.8351
 30
0.0
 10
16.1071
 20
35.8649
 30
0.0
 10
16.1071
 20
35.8649
 30
0.0
 10
16.1626
 20
35.8888
 30
0.0
 10
16.2151
 20
35.9096
 30
0.0
 10
16.2706
 20
35.9335
 30
0.0
 10
16.2706
 20
35.9335
 30
0.0
 10
16.3233
 20
35.9544
 30
0.0
 10
16.3757
 20
35.9782
 30
0.0
 10
16.4313
 20
36.0021
 30
0.0
 10
16.4313
 20
36.0021
 30
0.0
 10
16.9981
 20
36.232
 30
0.0
 10
17.6007
 20
36.3771
 30
0.0
 10
18.245
 20
36.4376
 30
0.0
 10
18.245
 20
36.4376
 30
0.0
 10
18.8892
 20
36.498
 30
0.0
 10
19.5252
 20
36.4794
 30
0.0
 10
20.1502
 20
36.3815
 30
0.0
 10
20.1502
 20
36.3815
 30
0.0
 10
20.2411
 20
36.3586
 30
0.0
 10
20.3321
 20
36.3388
 30
0.0
 10
20.4172
 20
36.3218
 30
0.0
 10
20.4172
 20
36.3218
 30
0.0
 10
20.5053
 20
36.3078
 30
0.0
 10
20.5933
 20
36.2881
 30
0.0
 10
20.6843
 20
36.2652
 30
0.0
 10
20.6843
 20
36.2652
 30
0.0
 10
20.8987
 20
36.2111
 30
0.0
 10
21.1101
 20
36.1453
 30
0.0
 10
21.3129
 20
36.0707
 30
0.0
 10
21.3129
 20
36.0707
 30
0.0
 10
21.5185
 20
35.993
 30
0.0
 10
21.7185
 20
35.9066
 30
0.0
 10
21.9097
 20
35.8085
 30
0.0
 10
21.9097
 20
35.8085
 30
0.0
 10
22.2539
 20
35.6381
 30
0.0
 10
22.5661
 20
35.4265
 30
0.0
 10
22.8463
 20
35.1766
 30
0.0
 10
22.8463
 20
35.1766
 30
0.0
 10
23.1266
 20
34.9237
 30
0.0
 10
23.3368
 20
34.6235
 30
0.0
 10
23.4802
 20
34.2758
 30
0.0
 10
23.4802
 20
34.2758
 30
0.0
 10
23.5963
 20
34.0158
 30
0.0
 10
23.6628
 20
33.7526
 30
0.0
 10
23.6765
 20
33.4831
 30
0.0
 10
23.6765
 20
33.4831
 30
0.0
 10
23.6932
 20
33.2136
 30
0.0
 10
23.6687
 20
32.9468
 30
0.0
 10
23.6033
 20
32.6855
 30
0.0
 10
23.6033
 20
32.6855
 30
0.0
 10
23.5151
 20
32.3332
 30
0.0
 10
23.3504
 20
32.0125
 30
0.0
 10
23.1153
 20
31.7206
 30
0.0
 10
23.1153
 20
31.7206
 30
0.0
 10
22.8801
 20
31.4288
 30
0.0
 10
22.5799
 20
31.1951
 30
0.0
 10
22.2238
 20
31.0195
 30
0.0
 10
22.2238
 20
31.0195
 30
0.0
 10
22.2386
 20
30.9933
 30
0.0
 10
22.2535
 20
30.964
 30
0.0
 10
22.2654
 20
30.9378
 30
0.0
 10
22.2654
 20
30.9378
 30
0.0
 10
22.2773
 20
30.9115
 30
0.0
 10
22.2834
 20
30.8852
 30
0.0
 10
22.2895
 20
30.8588
 30
0.0
 10
22.2895
 20
30.8588
 30
0.0
 10
22.3043
 20
30.8179
 30
0.0
 10
22.3163
 20
30.7858
 30
0.0
 10
22.3282
 20
30.7595
 30
0.0
 10
22.3282
 20
30.7595
 30
0.0
 10
22.3402
 20
30.7303
 30
0.0
 10
22.355
 20
30.704
 30
0.0
 10
22.3699
 20
30.6748
 30
0.0
 10
22.3699
 20
30.6748
 30
0.0
 10
22.3934
 20
30.6691
 30
0.0
 10
22.4139
 20
30.6635
 30
0.0
 10
22.4316
 20
30.6606
 30
0.0
 10
22.4316
 20
30.6606
 30
0.0
 10
22.4492
 20
30.6549
 30
0.0
 10
22.461
 20
30.6521
 30
0.0
 10
22.4727
 20
30.6492
 30
0.0
 10
22.4727
 20
30.6492
 30
0.0
 10
22.6369
 20
30.6329
 30
0.0
 10
22.807
 20
30.6195
 30
0.0
 10
22.9799
 20
30.612
 30
0.0
 10
22.9799
 20
30.612
 30
0.0
 10
23.1528
 20
30.6044
 30
0.0
 10
23.3169
 20
30.5998
 30
0.0
 10
23.4753
 20
30.5951
 30
0.0
 10
23.4753
 20
30.5951
 30
0.0
 10
23.4753
 20
30.5951
 30
0.0
 10
23.3226
 20
28.276
 30
0.0
 10
23.3226
 20
28.276
 30
0.0
  0
SPLINE
  5
AA
330
1F
100
AcDbEntity
  8
layer 1
 62
   250
100
AcDbSpline
210
0.0
220
0.0
230
1.0
 70
    11
 71
     3
 72
   208
 73
   204
 74
     0
 42
0.000000001
 43
0.0000000001
 40
0.0
 40
0.0
 40
0.0
 40
0.0
 40
0.0192307692307692
 40
0.0192307692307692
 40
0.0192307692307692
 40
0.0192307692307692
 40
0.0384615384615385
 40
0.0384615384615385
 40
0.0384615384615385
 40
0.0384615384615385
 40
0.0576923076923077
 40
0.0576923076923077
 40
0.0576923076923077
 40
0.0576923076923077
 40
0.0769230769230769
 40
0.0769230769230769
 40
0.0769230769230769
 40
0.0769230769230769
 40
0.0961538461538462
 40
0.0961538461538462
 40
0.0961538461538462
 40
0.0961538461538462
 40
0.1153846153846154
 40
0.1153846153846154
 40
0.1153846153846154
 40
0.1153846153846154
 40
0.1346153846153846
 40
0.1346153846153846
 40
0.1346153846153846
 40
0.1346153846153846
 40
0.1538461538461539
 40
0.1538461538461539
 40
0.1538461538461539
 40
0.1538461538461539
 40
0.1730769230769231
 40
0.1730769230769231
 40
0.1730769230769231
 40
0.1730769230769231
 40
0.1923076923076923
 40
0.1923076923076923
 40
0.1923076923076923
 40
0.1923076923076923
 40
0.2115384615384615
 40
0.2115384615384615
 40
0.2115384615384615
 40
0.2115384615384615
 40
0.2307692307692308
 40
0.2307692307692308
 40
0.2307692307692308
 40
0.2307692307692308
 40
0.25
 40
0.25
 40
0.25
 40
0.25
 40
0.2692307692307692
 40
0.2692307692307692
 40
0.2692307692307692
 40
0.2692307692307692
 40
0.2884615384615384
 40
0.2884615384615384
 40
0.2884615384615384
 40
0.2884615384615384
 40
0.3076923076923077
 40
0.3076923076923077
 40
0.3076923076923077
 40
0.3076923076923077
 40
0.3269230769230769
 40
0.3269230769230769
 40
0.3269230769230769
 40
0.3269230769230769
 40
0.3461538461538461
 40
0.3461538461538461
 40
0.3461538461538461
 40
0.3461538461538461
 40
0.3653846153846154
 40
0.3653846153846154
 40
0.3653846153846154
 40
0.3653846153846154
 40
0.3846153846153846
 40
0.3846153846153846
 40
0.3846153846153846
 40
0.3846153846153846
 40
0.4038461538461539
 40
0.4038461538461539
 40
0.4038461538461539
 40
0.4038461538461539
 40
0.4230769230769231
 40
0.4230769230769231
 40
0.4230769230769231
 40
0.4230769230769231
 40
0.4423076923076923
 40
0.4423076923076923
 40
0.4423076923076923
 40
0.4423076923076923
 40
0.4615384615384616
 40
0.4615384615384616
 40
0.4615384615384616
 40
0.4615384615384616
 40
0.4807692307692308
 40
0.4807692307692308
 40
0.4807692307692308
 40
0.4807692307692308
 40
0.5
 40
0.5
 40
0.5
 40
0.5
 40
0.5192307692307693
 40
0.5192307692307693
 40
0.5192307692307693
 40
0.5192307692307693
 40
0.5384615384615384
 40
0.5384615384615384
 40
0.5384615384615384
 40
0.5384615384615384
 40
0.5576923076923077
 40
0.5576923076923077
 40
0.5576923076923077
 40
0.5576923076923077
 40
0.5769230769230769
 40
0.5769230769230769
 40
0.5769230769230769
 40
0.5769230769230769
 40
0.5961538461538461
 40
0.5961538461538461
 40
0.5961538461538461
 40
0.5961538461538461
 40
0.6153846153846154
 40
0.6153846153846154
 40
0.6153846153846154
 40
0.6153846153846154
 40
0.6346153846153846
 40
0.6346153846153846
 40
0.6346153846153846
 40
0.6346153846153846
 40
0.6538461538461539
 40
0.6538461538461539
 40
0.6538461538461539
 40
0.6538461538461539
 40
0.6730769230769231
 40
0.6730769230769231
 40
0.6730769230769231
 40
0.6730769230769231
 40
0.6923076923076923
 40
0.6923076923076923
 40
0.6923076923076923
 40
0.6923076923076923
 40
0.7115384615384616
 40
0.7115384615384616
 40
0.7115384615384616
 40
0.7115384615384616
 40
0.7307692307692307
 40
0.7307692307692307
 40
0.7307692307692307
 40
0.7307692307692307
 40
0.75
 40
0.75
 40
0.75
 40
0.75
 40
0.7692307692307693
 40
0.7692307692307693
 40
0.7692307692307693
 40
0.7692307692307693
 40
0.7884615384615384
 40
0.7884615384615384
 40
0.7884615384615384
 40
0.7884615384615384
 40
0.8076923076923077
 40
0.8076923076923077
 40
0.8076923076923077
 40
0.8076923076923077
 40
0.8269230769230769
 40
0.8269230769230769
 40
0.8269230769230769
 40
0.8269230769230769
 40
0.8461538461538461
 40
0.8461538461538461
 40
0.8461538461538461
 40
0.8461538461538461
 40
0.8653846153846154
 40
0.8653846153846154
 40
0.8653846153846154
 40
0.8653846153846154
 40
0.8846153846153846
 40
0.8846153846153846
 40
0.8846153846153846
 40
0.8846153846153846
 40
0.9038461538461539
 40
0.9038461538461539
 40
0.9038461538461539
 40
0.9038461538461539
 40
0.9230769230769231
 40
0.9230769230769231
 40
0.9230769230769231
 40
0.9230769230769231
 40
0.9423076923076923
 40
0.9423076923076923
 40
0.9423076923076923
 40
0.9423076923076923
 40
0.9615384615384616
 40
0.9615384615384616
 40
0.9615384615384616
 40
0.9615384615384616
 40
1.0
 40
1.0
 40
1.0
 40
1.0
 10
23.1955
 20
28.4158
 30
0.0
 10
23.1955
 20
28.4158
 30
0.0
 10
23.3299
 20
30.4476
 30
0.0
 10
23.3299
 20
30.4476
 30
0.0
 10
23.3299
 20
30.4476
 30
0.0
 10
23.28
 20
30.4501
 30
0.0
 10
23.2273
 20
30.4497
 30
0.0
 10
23.1657
 20
30.4551
 30
0.0
 10
23.1657
 20
30.4551
 30
0.0
 10
23.1071
 20
30.4576
 30
0.0
 10
23.0484
 20
30.4601
 30
0.0
 10
22.9869
 20
30.4625
 30
0.0
 10
22.9869
 20
30.4625
 30
0.0
 10
22.94
 20
30.4622
 30
0.0
 10
22.8843
 20
30.4647
 30
0.0
 10
22.8257
 20
30.4673
 30
0.0
 10
22.8257
 20
30.4673
 30
0.0
 10
22.767
 20
30.4697
 30
0.0
 10
22.7083
 20
30.4781
 30
0.0
 10
22.6526
 20
30.4923
 30
0.0
 10
22.6526
 20
30.4923
 30
0.0
 10
22.5911
 20
30.4948
 30
0.0
 10
22.5353
 20
30.5002
 30
0.0
 10
22.4825
 20
30.5086
 30
0.0
 10
22.4825
 20
30.5086
 30
0.0
 10
22.4297
 20
30.517
 30
0.0
 10
22.3769
 20
30.5255
 30
0.0
 10
22.3182
 20
30.5397
 30
0.0
 10
22.3182
 20
30.5397
 30
0.0
 10
22.2976
 20
30.5453
 30
0.0
 10
22.2711
 20
30.5716
 30
0.0
 10
22.2473
 20
30.6124
 30
0.0
 10
22.2473
 20
30.6124
 30
0.0
 10
22.2206
 20
30.6561
 30
0.0
 10
22.1938
 20
30.7116
 30
0.0
 10
22.1611
 20
30.7788
 30
0.0
 10
22.1611
 20
30.7788
 30
0.0
 10
22.1639
 20
30.7905
 30
0.0
 10
22.1609
 20
30.8022
 30
0.0
 10
22.1521
 20
30.8109
 30
0.0
 10
22.1521
 20
30.8109
 30
0.0
 10
22.1403
 20
30.8196
 30
0.0
 10
22.1373
 20
30.8284
 30
0.0
 10
22.1401
 20
30.8402
 30
0.0
 10
22.1401
 20
30.8402
 30
0.0
 10
22.1192
 20
30.8927
 30
0.0
 10
22.0954
 20
30.9453
 30
0.0
 10
22.0715
 20
30.995
 30
0.0
 10
22.0715
 20
30.995
 30
0.0
 10
22.0478
 20
31.0417
 30
0.0
 10
22.0329
 20
31.0796
 30
0.0
 10
22.0268
 20
31.1059
 30
0.0
 10
22.0268
 20
31.1059
 30
0.0
 10
22.4008
 20
31.2523
 30
0.0
 10
22.7157
 20
31.4716
 30
0.0
 10
22.9625
 20
31.7664
 30
0.0
 10
22.9625
 20
31.7664
 30
0.0
 10
23.2123
 20
32.0614
 30
0.0
 10
23.3828
 20
32.3908
 30
0.0
 10
23.4767
 20
32.7548
 30
0.0
 10
23.4767
 20
32.7548
 30
0.0
 10
23.5308
 20
32.9692
 30
0.0
 10
23.5527
 20
33.1891
 30
0.0
 10
23.5422
 20
33.4176
 30
0.0
 10
23.5422
 20
33.4176
 30
0.0
 10
23.5347
 20
33.6432
 30
0.0
 10
23.492
 20
33.8685
 30
0.0
 10
23.4141
 20
34.0936
 30
0.0
 10
23.4141
 20
34.0936
 30
0.0
 10
23.2375
 20
34.5817
 30
0.0
 10
22.9386
 20
34.978
 30
0.0
 10
22.5173
 20
35.2767
 30
0.0
 10
22.5173
 20
35.2767
 30
0.0
 10
22.099
 20
35.5754
 30
0.0
 10
21.6431
 20
35.8035
 30
0.0
 10
21.1526
 20
35.964
 30
0.0
 10
21.1526
 20
35.964
 30
0.0
 10
21.0761
 20
35.9957
 30
0.0
 10
20.9997
 20
36.0214
 30
0.0
 10
20.9263
 20
36.0414
 30
0.0
 10
20.9263
 20
36.0414
 30
0.0
 10
20.8529
 20
36.0584
 30
0.0
 10
20.7765
 20
36.0784
 30
0.0
 10
20.6973
 20
36.0983
 30
0.0
 10
20.6973
 20
36.0983
 30
0.0
 10
20.5476
 20
36.1353
 30
0.0
 10
20.4066
 20
36.1694
 30
0.0
 10
20.2687
 20
36.1977
 30
0.0
 10
20.2687
 20
36.1977
 30
0.0
 10
20.1308
 20
36.2259
 30
0.0
 10
19.99
 20
36.2454
 30
0.0
 10
19.8492
 20
36.2591
 30
0.0
 10
19.8492
 20
36.2591
 30
0.0
 10
19.28
 20
36.3545
 30
0.0
 10
18.7143
 20
36.3678
 30
0.0
 10
18.1464
 20
36.2991
 30
0.0
 10
18.1464
 20
36.2991
 30
0.0
 10
17.5813
 20
36.2304
 30
0.0
 10
17.0285
 20
36.0915
 30
0.0
 10
16.4909
 20
35.8765
 30
0.0
 10
16.4909
 20
35.8765
 30
0.0
 10
16.3973
 20
35.8407
 30
0.0
 10
16.3038
 20
35.7989
 30
0.0
 10
16.2162
 20
35.7572
 30
0.0
 10
16.2162
 20
35.7572
 30
0.0
 10
16.1258
 20
35.7127
 30
0.0
 10
16.0353
 20
35.6709
 30
0.0
 10
15.9417
 20
35.6351
 30
0.0
 10
15.9417
 20
35.6351
 30
0.0
 10
15.9417
 20
35.6351
 30
0.0
 10
16.776
 20
33.7746
 30
0.0
 10
16.776
 20
33.7746
 30
0.0
 10
16.776
 20
33.7746
 30
0.0
 10
16.9923
 20
33.8671
 30
0.0
 10
17.2084
 20
33.9537
 30
0.0
 10
17.4217
 20
34.0373
 30
0.0
 10
17.4217
 20
34.0373
 30
0.0
 10
17.6351
 20
34.1239
 30
0.0
 10
17.8573
 20
34.19
 30
0.0
 10
18.0884
 20
34.2415
 30
0.0
 10
18.0884
 20
34.2415
 30
0.0
 10
18.0884
 20
34.2415
 30
0.0
 10
16.9953
 20
29.911
 30
0.0
 10
16.9953
 20
29.911
 30
0.0
 10
16.9953
 20
29.911
 30
0.0
 10
16.9953
 20
29.911
 30
0.0
 10
18.9888
 20
29.4072
 30
0.0
 10
18.9888
 20
29.4072
 30
0.0
 10
18.9888
 20
29.4072
 30
0.0
 10
18.9888
 20
29.4072
 30
0.0
 10
19.43
 20
31.1629
 30
0.0
 10
19.43
 20
31.1629
 30
0.0
 10
19.43
 20
31.1629
 30
0.0
 10
19.5915
 20
31.1201
 30
0.0
 10
19.7092
 20
31.0536
 30
0.0
 10
19.789
 20
30.9633
 30
0.0
 10
19.789
 20
30.9633
 30
0.0
 10
19.8688
 20
30.8701
 30
0.0
 10
19.94
 20
30.7623
 30
0.0
 10
20.0054
 20
30.6367
 30
0.0
 10
20.0054
 20
30.6367
 30
0.0
 10
20.0203
 20
30.5958
 30
0.0
 10
20.0323
 20
30.5636
 30
0.0
 10
20.0442
 20
30.5344
 30
0.0
 10
20.0442
 20
30.5344
 30
0.0
 10
20.0561
 20
30.5082
 30
0.0
 10
20.0681
 20
30.476
 30
0.0
 10
20.0801
 20
30.4351
 30
0.0
 10
20.0801
 20
30.4351
 30
0.0
 10
20.095
 20
30.3942
 30
0.0
 10
20.113
 20
30.3562
 30
0.0
 10
20.1337
 20
30.3153
 30
0.0
 10
20.1337
 20
30.3153
 30
0.0
 10
20.1517
 20
30.2715
 30
0.0
 10
20.1754
 20
30.2306
 30
0.0
 10
20.1991
 20
30.1868
 30
0.0
 10
20.1991
 20
30.1868
 30
0.0
 10
20.1991
 20
30.1868
 30
0.0
 10
20.2021
 20
30.181
 30
0.0
 10
20.2051
 20
30.1694
 30
0.0
 10
20.2051
 20
30.1694
 30
0.0
 10
20.2082
 20
30.1547
 30
0.0
 10
20.214
 20
30.1489
 30
0.0
 10
20.2258
 20
30.146
 30
0.0
 10
20.2258
 20
30.146
 30
0.0
 10
20.3154
 20
29.9298
 30
0.0
 10
20.4195
 20
29.7197
 30
0.0
 10
20.5382
 20
29.5154
 30
0.0
 10
20.5382
 20
29.5154
 30
0.0
 10
20.6541
 20
29.3082
 30
0.0
 10
20.8019
 20
29.1306
 30
0.0
 10
20.9818
 20
28.9766
 30
0.0
 10
20.9818
 20
28.9766
 30
0.0
 10
21.0408
 20
28.9242
 30
0.0
 10
21.1056
 20
28.8778
 30
0.0
 10
21.1733
 20
28.8373
 30
0.0
 10
21.1733
 20
28.8373
 30
0.0
 10
21.241
 20
28.7969
 30
0.0
 10
21.3146
 20
28.7592
 30
0.0
 10
21.391
 20
28.7276
 30
0.0
 10
21.391
 20
28.7276
 30
0.0
 10
21.4674
 20
28.6959
 30
0.0
 10
21.5409
 20
28.6671
 30
0.0
 10
21.6143
 20
28.6443
 30
0.0
 10
21.6143
 20
28.6443
 30
0.0
 10
21.6848
 20
28.6213
 30
0.0
 10
21.7553
 20
28.5985
 30
0.0
 10
21.8229
 20
28.5813
 30
0.0
 10
21.8229
 20
28.5813
 30
0.0
 10
22.0167
 20
28.533
 30
0.0
 10
22.2103
 20
28.4993
 30
0.0
 10
22.4067
 20
28.4802
 30
0.0
 10
22.4067
 20
28.4802
 30
0.0
 10
22.6003
 20
28.4611
 30
0.0
 10
22.7997
 20
28.445
 30
0.0
 10
22.9991
 20
28.4289
 30
0.0
 10
22.9991
 20
28.4289
 30
0.0
 10
23.0343
 20
28.4204
 30
0.0
 10
23.0665
 20
28.4177
 30
0.0
 10
23.0959
 20
28.415
 30
0.0
 10
23.0959
 20
28.415
 30
0.0
 10
23.1252
 20
28.4123
 30
0.0
 10
23.1603
 20
28.4125
 30
0.0
 10
23.1955
 20
28.4158
 30
0.0
  0
SPLINE
  5
AB
330
1F
100
AcDbEntity
  8
layer 1
 62
   250
100
AcDbSpline
210
0.0
220
0.0
230
1.0
 70
    11
 71
     3
 72
   184
 73
   180
 74
     0
 42
0.000000001
 43
0.0000000001
 40
0.0
 40
0.0
 40
0.0
 40
0.0
 40
0.0217391304347826
 40
0.0217391304347826
 40
0.0217391304347826
 40
0.0217391304347826
 40
0.0434782608695652
 40
0.0434782608695652
 40
0.0434782608695652
 40
0.0434782608695652
 40
0.0652173913043478
 40
0.0652173913043478
 40
0.0652173913043478
 40
0.0652173913043478
 40
0.0869565217391304
 40
0.0869565217391304
 40
0.0869565217391304
 40
0.0869565217391304
 40
0.108695652173913
 40
0.108695652173913
 40
0.108695652173913
 40
0.108695652173913
 40
0.1304347826086956
 40
0.1304347826086956
 40
0.1304347826086956
 40
0.1304347826086956
 40
0.1521739130434783
 40
0.1521739130434783
 40
0.1521739130434783
 40
0.1521739130434783
 40
0.1739130434782609
 40
0.1739130434782609
 40
0.1739130434782609
 40
0.1739130434782609
 40
0.1956521739130435
 40
0.1956521739130435
 40
0.1956521739130435
 40
0.1956521739130435
 40
0.2173913043478261
 40
0.2173913043478261
 40
0.2173913043478261
 40
0.2173913043478261
 40
0.2391304347826087
 40
0.2391304347826087
 40
0.2391304347826087
 40
0.2391304347826087
 40
0.2608695652173913
 40
0.2608695652173913
 40
0.2608695652173913
 40
0.2608695652173913
 40
0.2826086956521739
 40
0.2826086956521739
 40
0.2826086956521739
 40
0.2826086956521739
 40
0.3043478260869565
 40
0.3043478260869565
 40
0.3043478260869565
 40
0.3043478260869565
 40
0.3260869565217391
 40
0.3260869565217391
 40
0.3260869565217391
 40
0.3260869565217391
 40
0.3478260869565217
 40
0.3478260869565217
 40
0.3478260869565217
 40
0.3478260869565217
 40
0.3695652173913043
 40
0.3695652173913043
 40
0.3695652173913043
 40
0.3695652173913043
 40
0.391304347826087
 40
0.391304347826087
 40
0.391304347826087
 40
0.391304347826087
 40
0.4130434782608696
 40
0.4130434782608696
 40
0.4130434782608696
 40
0.4130434782608696
 40
0.4347826086956522
 40
0.4347826086956522
 40
0.4347826086956522
 40
0.4347826086956522
 40
0.4565217391304348
 40
0.4565217391304348
 40
0.4565217391304348
 40
0.4565217391304348
 40
0.4782608695652174
 40
0.4782608695652174
 40
0.4782608695652174
 40
0.4782608695652174
 40
0.5
 40
0.5
 40
0.5
 40
0.5
 40
0.5217391304347826
 40
0.5217391304347826
 40
0.5217391304347826
 40
0.5217391304347826
 40
0.5434782608695652
 40
0.5434782608695652
 40
0.5434782608695652
 40
0.5434782608695652
 40
0.5652173913043478
 40
0.5652173913043478
 40
0.5652173913043478
 40
0.5652173913043478
 40
0.5869565217391305
 40
0.5869565217391305
 40
0.5869565217391305
 40
0.5869565217391305
 40
0.6086956521739131
 40
0.6086956521739131
 40
0.6086956521739131
 40
0.6086956521739131
 40
0.6304347826086957
 40
0.6304347826086957
 40
0.6304347826086957
 40
0.6304347826086957
 40
0.6521739130434783
 40
0.6521739130434783
 40
0.6521739130434783
 40
0.6521739130434783
 40
0.6739130434782609
 40
0.6739130434782609
 40
0.6739130434782609
 40
0.6739130434782609
 40
0.6956521739130435
 40
0.6956521739130435
 40
0.6956521739130435
 40
0.6956521739130435
 40
0.717391304347826
 40
0.717391304347826
 40
0.717391304347826
 40
0.717391304347826
 40
0.7391304347826086
 40
0.7391304347826086
 40
0.7391304347826086
 40
0.7391304347826086
 40
0.7608695652173914
 40
0.7608695652173914
 40
0.7608695652173914
 40
0.7608695652173914
 40
0.782608695652174
 40
0.782608695652174
 40
0.782608695652174
 40
0.782608695652174
 40
0.8043478260869565
 40
0.8043478260869565
 40
0.8043478260869565
 40
0.8043478260869565
 40
0.8260869565217391
 40
0.8260869565217391
 40
0.8260869565217391
 40
0.8260869565217391
 40
0.8478260869565217
 40
0.8478260869565217
 40
0.8478260869565217
 40
0.8478260869565217
 40
0.8695652173913043
 40
0.8695652173913043
 40
0.8695652173913043
 40
0.8695652173913043
 40
0.8913043478260869
 40
0.8913043478260869
 40
0.8913043478260869
 40
0.8913043478260869
 40
0.9130434782608695
 40
0.9130434782608695
 40
0.9130434782608695
 40
0.9130434782608695
 40
0.9347826086956522
 40
0.9347826086956522
 40
0.9347826086956522
 40
0.9347826086956522
 40
0.9565217391304348
 40
0.9565217391304348
 40
0.9565217391304348
 40
0.9565217391304348
 40
1.0
 40
1.0
 40
1.0
 40
1.0
 10
22.9383
 20
28.7186
 30
0.0
 10
22.7801
 20
28.7203
 30
0.0
 10
22.6306
 20
28.728
 30
0.0
 10
22.4898
 20
28.7417
 30
0.0
 10
22.4898
 20
28.7417
 30
0.0
 10
22.3461
 20
28.7522
 30
0.0
 10
22.2083
 20
28.7689
 30
0.0
 10
22.0675
 20
28.7912
 30
0.0
 10
22.0675
 20
28.7912
 30
0.0
 10
22.0087
 20
28.7967
 30
0.0
 10
21.9442
 20
28.8079
 30
0.0
 10
21.8796
 20
28.8309
 30
0.0
 10
21.8796
 20
28.8309
 30
0.0
 10
21.812
 20
28.8538
 30
0.0
 10
21.7445
 20
28.8738
 30
0.0
 10
21.677
 20
28.8909
 30
0.0
 10
21.677
 20
28.8909
 30
0.0
 10
21.3537
 20
29.0086
 30
0.0
 10
21.1122
 20
29.1856
 30
0.0
 10
20.9492
 20
29.4188
 30
0.0
 10
20.9492
 20
29.4188
 30
0.0
 10
20.7834
 20
29.6549
 30
0.0
 10
20.6348
 20
29.9146
 30
0.0
 10
20.5038
 20
30.2008
 30
0.0
 10
20.5038
 20
30.2008
 30
0.0
 10
20.4978
 20
30.2272
 30
0.0
 10
20.4888
 20
30.2535
 30
0.0
 10
20.4768
 20
30.2797
 30
0.0
 10
20.4768
 20
30.2797
 30
0.0
 10
20.4649
 20
30.309
 30
0.0
 10
20.453
 20
30.3352
 30
0.0
 10
20.4352
 20
30.3644
 30
0.0
 10
20.4352
 20
30.3644
 30
0.0
 10
20.3994
 20
30.458
 30
0.0
 10
20.3635
 20
30.5456
 30
0.0
 10
20.3277
 20
30.6274
 30
0.0
 10
20.3277
 20
30.6274
 30
0.0
 10
20.2949
 20
30.7062
 30
0.0
 10
20.2563
 20
30.7792
 30
0.0
 10
20.209
 20
30.8375
 30
0.0
 10
20.209
 20
30.8375
 30
0.0
 10
20.1494
 20
30.9748
 30
0.0
 10
20.0723
 20
31.0885
 30
0.0
 10
19.9779
 20
31.1757
 30
0.0
 10
19.9779
 20
31.1757
 30
0.0
 10
19.8864
 20
31.2658
 30
0.0
 10
19.7686
 20
31.3353
 30
0.0
 10
19.6247
 20
31.3841
 30
0.0
 10
19.6247
 20
31.3841
 30
0.0
 10
19.5922
 20
31.4043
 30
0.0
 10
19.5541
 20
31.4187
 30
0.0
 10
19.5072
 20
31.4242
 30
0.0
 10
19.5072
 20
31.4242
 30
0.0
 10
19.4602
 20
31.4298
 30
0.0
 10
19.4133
 20
31.4381
 30
0.0
 10
19.3693
 20
31.4496
 30
0.0
 10
19.3693
 20
31.4496
 30
0.0
 10
19.3457
 20
31.4553
 30
0.0
 10
19.3223
 20
31.461
 30
0.0
 10
19.2988
 20
31.4667
 30
0.0
 10
19.2988
 20
31.4667
 30
0.0
 10
19.2782
 20
31.4723
 30
0.0
 10
19.2547
 20
31.478
 30
0.0
 10
19.2313
 20
31.4837
 30
0.0
 10
19.2313
 20
31.4837
 30
0.0
 10
19.2313
 20
31.4837
 30
0.0
 10
18.793
 20
29.7457
 30
0.0
 10
18.793
 20
29.7457
 30
0.0
 10
18.793
 20
29.7457
 30
0.0
 10
18.793
 20
29.7457
 30
0.0
 10
17.3455
 20
30.1129
 30
0.0
 10
17.3455
 20
30.1129
 30
0.0
 10
17.3455
 20
30.1129
 30
0.0
 10
17.3455
 20
30.1129
 30
0.0
 10
18.4699
 20
34.5609
 30
0.0
 10
18.4699
 20
34.5609
 30
0.0
 10
18.4699
 20
34.5609
 30
0.0
 10
18.4435
 20
34.5577
 30
0.0
 10
18.4172
 20
34.5546
 30
0.0
 10
18.3849
 20
34.5544
 30
0.0
 10
18.3849
 20
34.5544
 30
0.0
 10
18.3557
 20
34.5571
 30
0.0
 10
18.3234
 20
34.5568
 30
0.0
 10
18.2853
 20
34.5536
 30
0.0
 10
18.2853
 20
34.5536
 30
0.0
 10
18.0248
 20
34.5223
 30
0.0
 10
17.7848
 20
34.4679
 30
0.0
 10
17.5656
 20
34.3929
 30
0.0
 10
17.5656
 20
34.3929
 30
0.0
 10
17.3464
 20
34.3152
 30
0.0
 10
17.1332
 20
34.2285
 30
0.0
 10
16.9287
 20
34.1362
 30
0.0
 10
16.9287
 20
34.1362
 30
0.0
 10
16.9287
 20
34.1362
 30
0.0
 10
16.3325
 20
35.5002
 30
0.0
 10
16.3325
 20
35.5002
 30
0.0
 10
16.3325
 20
35.5002
 30
0.0
 10
17.051
 20
35.8133
 30
0.0
 10
17.7618
 20
35.9915
 30
0.0
 10
18.4618
 20
36.0377
 30
0.0
 10
18.4618
 20
36.0377
 30
0.0
 10
19.1619
 20
36.084
 30
0.0
 10
19.8979
 20
36.0103
 30
0.0
 10
20.6701
 20
35.8139
 30
0.0
 10
20.6701
 20
35.8139
 30
0.0
 10
21.1369
 20
35.6972
 30
0.0
 10
21.5336
 20
35.5477
 30
0.0
 10
21.8632
 20
35.3685
 30
0.0
 10
21.8632
 20
35.3685
 30
0.0
 10
22.1898
 20
35.1893
 30
0.0
 10
22.4609
 20
34.9891
 30
0.0
 10
22.6706
 20
34.7651
 30
0.0
 10
22.6706
 20
34.7651
 30
0.0
 10
22.9482
 20
34.4799
 30
0.0
 10
23.1264
 20
34.1589
 30
0.0
 10
23.2082
 20
33.8078
 30
0.0
 10
23.2082
 20
33.8078
 30
0.0
 10
23.287
 20
33.4568
 30
0.0
 10
23.2865
 20
33.1168
 30
0.0
 10
23.204
 20
32.788
 30
0.0
 10
23.204
 20
32.788
 30
0.0
 10
23.1983
 20
32.7645
 30
0.0
 10
23.1897
 20
32.7381
 30
0.0
 10
23.1841
 20
32.7087
 30
0.0
 10
23.1841
 20
32.7087
 30
0.0
 10
23.1755
 20
32.6823
 30
0.0
 10
23.1699
 20
32.6559
 30
0.0
 10
23.1642
 20
32.6323
 30
0.0
 10
23.1642
 20
32.6323
 30
0.0
 10
23.0724
 20
32.365
 30
0.0
 10
22.9306
 20
32.1237
 30
0.0
 10
22.7359
 20
31.9054
 30
0.0
 10
22.7359
 20
31.9054
 30
0.0
 10
22.5411
 20
31.69
 30
0.0
 10
22.3021
 20
31.5153
 30
0.0
 10
22.0159
 20
31.3813
 30
0.0
 10
22.0159
 20
31.3813
 30
0.0
 10
21.9605
 20
31.3575
 30
0.0
 10
21.9049
 20
31.3366
 30
0.0
 10
21.8435
 20
31.3156
 30
0.0
 10
21.8435
 20
31.3156
 30
0.0
 10
21.7851
 20
31.2946
 30
0.0
 10
21.7207
 20
31.2736
 30
0.0
 10
21.6564
 20
31.2556
 30
0.0
 10
21.6564
 20
31.2556
 30
0.0
 10
21.6802
 20
31.2002
 30
0.0
 10
21.7041
 20
31.1446
 30
0.0
 10
21.7338
 20
31.0891
 30
0.0
 10
21.7338
 20
31.0891
 30
0.0
 10
21.7606
 20
31.0337
 30
0.0
 10
21.7874
 20
30.9781
 30
0.0
 10
21.8083
 20
30.9256
 30
0.0
 10
21.8083
 20
30.9256
 30
0.0
 10
21.8293
 20
30.8613
 30
0.0
 10
21.8532
 20
30.8
 30
0.0
 10
21.88
 20
30.7444
 30
0.0
 10
21.88
 20
30.7444
 30
0.0
 10
21.9097
 20
30.689
 30
0.0
 10
21.9336
 20
30.6335
 30
0.0
 10
21.9574
 20
30.5809
 30
0.0
 10
21.9574
 20
30.5809
 30
0.0
 10
21.9933
 20
30.4844
 30
0.0
 10
22.0318
 20
30.4203
 30
0.0
 10
22.0703
 20
30.3795
 30
0.0
 10
22.0703
 20
30.3795
 30
0.0
 10
22.1087
 20
30.3388
 30
0.0
 10
22.147
 20
30.3069
 30
0.0
 10
22.1911
 20
30.2837
 30
0.0
 10
22.1911
 20
30.2837
 30
0.0
 10
22.2793
 20
30.2492
 30
0.0
 10
22.3938
 20
30.2296
 30
0.0
 10
22.5374
 20
30.2248
 30
0.0
 10
22.5374
 20
30.2248
 30
0.0
 10
22.681
 20
30.2171
 30
0.0
 10
22.8481
 20
30.2095
 30
0.0
 10
23.0387
 20
30.1992
 30
0.0
 10
23.0387
 20
30.1992
 30
0.0
 10
23.0387
 20
30.1992
 30
0.0
 10
22.9383
 20
28.7186
 30
0.0
 10
22.9383
 20
28.7186
 30
0.0
  0
SPLINE
  5
AC
330
1F
100
AcDbEntity
  8
layer 1
 62
   250
100
AcDbSpline
210
0.0
220
0.0
230
1.0
 70
    11
 71
     3
 72
    72
 73
    68
 74
     0
 42
0.000000001
 43
0.0000000001
 40
0.0
 40
0.0
 40
0.0
 40
0.0
 40
0.0555555555555556
 40
0.0555555555555556
 40
0.0555555555555556
 40
0.0555555555555556
 40
0.1111111111111111
 40
0.1111111111111111
 40
0.1111111111111111
 40
0.1111111111111111
 40
0.1666666666666667
 40
0.1666666666666667
 40
0.1666666666666667
 40
0.1666666666666667
 40
0.2222222222222222
 40
0.2222222222222222
 40
0.2222222222222222
 40
0.2222222222222222
 40
0.2777777777777778
 40
0.2777777777777778
 40
0.2777777777777778
 40
0.2777777777777778
 40
0.3333333333333333
 40
0.3333333333333333
 40
0.3333333333333333
 40
0.3333333333333333
 40
0.3888888888888889
 40
0.3888888888888889
 40
0.3888888888888889
 40
0.3888888888888889
 40
0.4444444444444444
 40
0.4444444444444444
 40
0.4444444444444444
 40
0.4444444444444444
 40
0.5
 40
0.5
 40
0.5
 40
0.5
 40
0.5555555555555556
 40
0.5555555555555556
 40
0.5555555555555556
 40
0.5555555555555556
 40
0.6111111111111112
 40
0.6111111111111112
 40
0.6111111111111112
 40
0.6111111111111112
 40
0.6666666666666666
 40
0.6666666666666666
 40
0.6666666666666666
 40
0.6666666666666666
 40
0.7222222222222222
 40
0.7222222222222222
 40
0.7222222222222222
 40
0.7222222222222222
 40
0.7777777777777778
 40
0.7777777777777778
 40
0.7777777777777778
 40
0.7777777777777778
 40
0.8333333333333334
 40
0.8333333333333334
 40
0.8333333333333334
 40
0.8333333333333334
 40
0.8888888888888888
 40
0.8888888888888888
 40
0.8888888888888888
 40
0.8888888888888888
 40
1.0
 40
1.0
 40
1.0
 40
1.0
 10
21.7771
 20
33.1642
 30
0.0
 10
21.8339
 20
33.3932
 30
0.0
 10
21.7798
 20
33.5833
 30
0.0
 10
21.6145
 20
33.7403
 30
0.0
 10
21.6145
 20
33.7403
 30
0.0
 10
21.4492
 20
33.8973
 30
0.0
 10
21.2519
 20
34.0277
 30
0.0
 10
21.0255
 20
34.1344
 30
0.0
 10
21.0255
 20
34.1344
 30
0.0
 10
20.8932
 20
34.1921
 30
0.0
 10
20.7638
 20
34.238
 30
0.0
 10
20.6347
 20
34.2781
 30
0.0
 10
20.6347
 20
34.2781
 30
0.0
 10
20.5055
 20
34.3152
 30
0.0
 10
20.3968
 20
34.3466
 30
0.0
 10
20.3058
 20
34.3694
 30
0.0
 10
20.3058
 20
34.3694
 30
0.0
 10
20.2471
 20
34.3836
 30
0.0
 10
20.1942
 20
34.3979
 30
0.0
 10
20.1442
 20
34.4122
 30
0.0
 10
20.1442
 20
34.4122
 30
0.0
 10
20.0915
 20
34.4234
 30
0.0
 10
20.0386
 20
34.4377
 30
0.0
 10
19.9828
 20
34.452
 30
0.0
 10
19.9828
 20
34.452
 30
0.0
 10
19.9828
 20
34.452
 30
0.0
 10
19.6013
 20
32.9487
 30
0.0
 10
19.6013
 20
32.9487
 30
0.0
 10
19.6013
 20
32.9487
 30
0.0
 10
19.6688
 20
32.9317
 30
0.0
 10
19.7422
 20
32.9147
 30
0.0
 10
19.8156
 20
32.8947
 30
0.0
 10
19.8156
 20
32.8947
 30
0.0
 10
19.889
 20
32.8776
 30
0.0
 10
19.9653
 20
32.8577
 30
0.0
 10
20.0447
 20
32.8378
 30
0.0
 10
20.0447
 20
32.8378
 30
0.0
 10
20.0564
 20
32.835
 30
0.0
 10
20.0711
 20
32.8292
 30
0.0
 10
20.0886
 20
32.8264
 30
0.0
 10
20.0886
 20
32.8264
 30
0.0
 10
20.1033
 20
32.8206
 30
0.0
 10
20.118
 20
32.8178
 30
0.0
 10
20.1298
 20
32.8149
 30
0.0
 10
20.1298
 20
32.8149
 30
0.0
 10
20.1828
 20
32.789
 30
0.0
 10
20.2415
 20
32.7689
 30
0.0
 10
20.3032
 20
32.7518
 30
0.0
 10
20.3032
 20
32.7518
 30
0.0
 10
20.3678
 20
32.7376
 30
0.0
 10
20.4265
 20
32.7233
 30
0.0
 10
20.4822
 20
32.7092
 30
0.0
 10
20.4822
 20
32.7092
 30
0.0
 10
20.5409
 20
32.6949
 30
0.0
 10
20.5996
 20
32.6807
 30
0.0
 10
20.6642
 20
32.6724
 30
0.0
 10
20.6642
 20
32.6724
 30
0.0
 10
20.7288
 20
32.6612
 30
0.0
 10
20.7903
 20
32.6557
 30
0.0
 10
20.849
 20
32.6504
 30
0.0
 10
20.849
 20
32.6504
 30
0.0
 10
21.0541
 20
32.6489
 30
0.0
 10
21.2472
 20
32.6826
 30
0.0
 10
21.4285
 20
32.7513
 30
0.0
 10
21.4285
 20
32.7513
 30
0.0
 10
21.6096
 20
32.823
 30
0.0
 10
21.7258
 20
32.9587
 30
0.0
 10
21.7771
 20
33.1642
 30
0.0
  0
SPLINE
  5
AD
330
1F
100
AcDbEntity
  8
layer 1
 62
   250
100
AcDbSpline
210
0.0
220
0.0
230
1.0
 70
    11
 71
     3
 72
    64
 73
    60
 74
     0
 42
0.000000001
 43
0.0000000001
 40
0.0
 40
0.0
 40
0.0
 40
0.0
 40
0.0625
 40
0.0625
 40
0.0625
 40
0.0625
 40
0.125
 40
0.125
 40
0.125
 40
0.125
 40
0.1875
 40
0.1875
 40
0.1875
 40
0.1875
 40
0.25
 40
0.25
 40
0.25
 40
0.25
 40
0.3125
 40
0.3125
 40
0.3125
 40
0.3125
 40
0.375
 40
0.375
 40
0.375
 40
0.375
 40
0.4375
 40
0.4375
 40
0.4375
 40
0.4375
 40
0.5
 40
0.5
 40
0.5
 40
0.5
 40
0.5625
 40
0.5625
 40
0.5625
 40
0.5625
 40
0.625
 40
0.625
 40
0.625
 40
0.625
 40
0.6875
 40
0.6875
 40
0.6875
 40
0.6875
 40
0.75
 40
0.75
 40
0.75
 40
0.75
 40
0.8125
 40
0.8125
 40
0.8125
 40
0.8125
 40
0.875
 40
0.875
 40
0.875
 40
0.875
 40
1.0
 40
1.0
 40
1.0
 40
1.0
 10
21.5003
 20
33.3262
 30
0.0
 10
21.5092
 20
33.3116
 30
0.0
 10
21.5094
 20
33.297
 30
0.0
 10
21.5066
 20
33.2795
 30
0.0
 10
21.5066
 20
33.2795
 30
0.0
 10
21.5008
 20
33.2618
 30
0.0
 10
21.4981
 20
33.2413
 30
0.0
 10
21.4924
 20
33.2177
 30
0.0
 10
21.4924
 20
33.2177
 30
0.0
 10
21.4696
 20
33.1296
 30
0.0
 10
21.4115
 20
33.0648
 30
0.0
 10
21.3238
 20
33.026
 30
0.0
 10
21.3238
 20
33.026
 30
0.0
 10
21.2362
 20
32.9873
 30
0.0
 10
21.1485
 20
32.9603
 30
0.0
 10
21.0607
 20
32.9479
 30
0.0
 10
21.0607
 20
32.9479
 30
0.0
 10
21.0226
 20
32.9446
 30
0.0
 10
20.9874
 20
32.9444
 30
0.0
 10
20.9523
 20
32.947
 30
0.0
 10
20.9523
 20
32.947
 30
0.0
 10
20.917
 20
32.9498
 30
0.0
 10
20.8848
 20
32.9495
 30
0.0
 10
20.8585
 20
32.9434
 30
0.0
 10
20.8585
 20
32.9434
 30
0.0
 10
20.7149
 20
32.9453
 30
0.0
 10
20.577
 20
32.9648
 30
0.0
 10
20.4478
 20
33.0019
 30
0.0
 10
20.4478
 20
33.0019
 30
0.0
 10
20.3186
 20
33.042
 30
0.0
 10
20.1952
 20
33.0821
 30
0.0
 10
20.0718
 20
33.1251
 30
0.0
 10
20.0718
 20
33.1251
 30
0.0
 10
20.0483
 20
33.1308
 30
0.0
 10
20.0277
 20
33.1366
 30
0.0
 10
20.0043
 20
33.1422
 30
0.0
 10
20.0043
 20
33.1422
 30
0.0
 10
19.9808
 20
33.1479
 30
0.0
 10
19.9574
 20
33.1536
 30
0.0
 10
19.9367
 20
33.1593
 30
0.0
 10
19.9367
 20
33.1593
 30
0.0
 10
19.9367
 20
33.1593
 30
0.0
 10
20.1758
 20
34.1134
 30
0.0
 10
20.1758
 20
34.1134
 30
0.0
 10
20.1758
 20
34.1134
 30
0.0
 10
20.2227
 20
34.1021
 30
0.0
 10
20.3109
 20
34.0763
 30
0.0
 10
20.446
 20
34.0364
 30
0.0
 10
20.446
 20
34.0364
 30
0.0
 10
20.5811
 20
33.9963
 30
0.0
 10
20.725
 20
33.9447
 30
0.0
 10
20.8779
 20
33.8813
 30
0.0
 10
20.8779
 20
33.8813
 30
0.0
 10
21.0308
 20
33.8063
 30
0.0
 10
21.1692
 20
33.7223
 30
0.0
 10
21.2959
 20
33.6295
 30
0.0
 10
21.2959
 20
33.6295
 30
0.0
 10
21.4226
 20
33.5367
 30
0.0
 10
21.4907
 20
33.4375
 30
0.0
 10
21.5003
 20
33.3262
 30
0.0
  0
SPLINE
  5
AE
330
1F
100
AcDbEntity
  8
layer 1
 62
   250
100
AcDbSpline
210
0.0
220
0.0
230
1.0
 70
    11
 71
     3
 72
    56
 73
    52
 74
     0
 42
0.000000001
 43
0.0000000001
 40
0.0
 40
0.0
 40
0.0
 40
0.0
 40
0.0714285714285714
 40
0.0714285714285714
 40
0.0714285714285714
 40
0.0714285714285714
 40
0.1428571428571428
 40
0.1428571428571428
 40
0.1428571428571428
 40
0.1428571428571428
 40
0.2142857142857143
 40
0.2142857142857143
 40
0.2142857142857143
 40
0.2142857142857143
 40
0.2857142857142857
 40
0.2857142857142857
 40
0.2857142857142857
 40
0.2857142857142857
 40
0.3571428571428572
 40
0.3571428571428572
 40
0.3571428571428572
 40
0.3571428571428572
 40
0.4285714285714285
 40
0.4285714285714285
 40
0.4285714285714285
 40
0.4285714285714285
 40
0.5
 40
0.5
 40
0.5
 40
0.5
 40
0.5714285714285714
 40
0.5714285714285714
 40
0.5714285714285714
 40
0.5714285714285714
 40
0.6428571428571429
 40
0.6428571428571429
 40
0.6428571428571429
 40
0.6428571428571429
 40
0.7142857142857143
 40
0.7142857142857143
 40
0.7142857142857143
 40
0.7142857142857143
 40
0.7857142857142857
 40
0.7857142857142857
 40
0.7857142857142857
 40
0.7857142857142857
 40
0.8571428571428571
 40
0.8571428571428571
 40
0.8571428571428571
 40
0.8571428571428571
 40
1.0
 40
1.0
 40
1.0
 40
1.0
 10
21.2993
 20
33.1753
 30
0.0
 10
21.3284
 20
33.1931
 30
0.0
 10
21.3429
 20
33.2108
 30
0.0
 10
21.3487
 20
33.2284
 30
0.0
 10
21.3487
 20
33.2284
 30
0.0
 10
21.3515
 20
33.246
 30
0.0
 10
21.3573
 20
33.2578
 30
0.0
 10
21.3601
 20
33.2695
 30
0.0
 10
21.3601
 20
33.2695
 30
0.0
 10
21.38
 20
33.3488
 30
0.0
 10
21.3326
 20
33.4305
 30
0.0
 10
21.2205
 20
33.5147
 30
0.0
 10
21.2205
 20
33.5147
 30
0.0
 10
21.1086
 20
33.5959
 30
0.0
 10
20.9821
 20
33.6681
 30
0.0
 10
20.841
 20
33.7287
 30
0.0
 10
20.841
 20
33.7287
 30
0.0
 10
20.7115
 20
33.7951
 30
0.0
 10
20.591
 20
33.847
 30
0.0
 10
20.4735
 20
33.8842
 30
0.0
 10
20.4735
 20
33.8842
 30
0.0
 10
20.353
 20
33.9185
 30
0.0
 10
20.2885
 20
33.9385
 30
0.0
 10
20.2796
 20
33.9414
 30
0.0
 10
20.2796
 20
33.9414
 30
0.0
 10
20.2796
 20
33.9414
 30
0.0
 10
20.1059
 20
33.2602
 30
0.0
 10
20.1059
 20
33.2602
 30
0.0
 10
20.1059
 20
33.2602
 30
0.0
 10
20.1295
 20
33.2545
 30
0.0
 10
20.15
 20
33.2488
 30
0.0
 10
20.1646
 20
33.2459
 30
0.0
 10
20.1646
 20
33.2459
 30
0.0
 10
20.1823
 20
33.2402
 30
0.0
 10
20.2028
 20
33.2346
 30
0.0
 10
20.2263
 20
33.2289
 30
0.0
 10
20.2263
 20
33.2289
 30
0.0
 10
20.291
 20
33.203
 30
0.0
 10
20.3586
 20
33.18
 30
0.0
 10
20.4261
 20
33.163
 30
0.0
 10
20.4261
 20
33.163
 30
0.0
 10
20.4936
 20
33.1429
 30
0.0
 10
20.5612
 20
33.1259
 30
0.0
 10
20.6317
 20
33.1088
 30
0.0
 10
20.6317
 20
33.1088
 30
0.0
 10
20.755
 20
33.0775
 30
0.0
 10
20.8752
 20
33.0667
 30
0.0
 10
20.9924
 20
33.0734
 30
0.0
 10
20.9924
 20
33.0734
 30
0.0
 10
21.1095
 20
33.0801
 30
0.0
 10
21.2118
 20
33.1131
 30
0.0
 10
21.2993
 20
33.1753
 30
0.0
  0
SPLINE
  5
AF
330
1F
100
AcDbEntity
  8
layer 1
 62
   250
100
AcDbSpline
210
0.0
220
0.0
230
1.0
 70
    11
 71
     3
 72
    36
 73
    32
 74
     0
 42
0.000000001
 43
0.0000000001
 40
0.0
 40
0.0
 40
0.0
 40
0.0
 40
0.1111111111111111
 40
0.1111111111111111
 40
0.1111111111111111
 40
0.1111111111111111
 40
0.2222222222222222
 40
0.2222222222222222
 40
0.2222222222222222
 40
0.2222222222222222
 40
0.3333333333333333
 40
0.3333333333333333
 40
0.3333333333333333
 40
0.3333333333333333
 40
0.4444444444444444
 40
0.4444444444444444
 40
0.4444444444444444
 40
0.4444444444444444
 40
0.5555555555555556
 40
0.5555555555555556
 40
0.5555555555555556
 40
0.5555555555555556
 40
0.6666666666666666
 40
0.6666666666666666
 40
0.6666666666666666
 40
0.6666666666666666
 40
0.7777777777777778
 40
0.7777777777777778
 40
0.7777777777777778
 40
0.7777777777777778
 40
1.0
 40
1.0
 40
1.0
 40
1.0
 10
30.6798
 20
31.1142
 30
0.0
 10
30.6798
 20
31.1142
 30
0.0
 10
28.3957
 20
31.6891
 30
0.0
 10
28.3957
 20
31.6891
 30
0.0
 10
28.3957
 20
31.6891
 30
0.0
 10
28.3957
 20
31.6891
 30
0.0
 10
27.24
 20
27.1121
 30
0.0
 10
27.24
 20
27.1121
 30
0.0
 10
27.24
 20
27.1121
 30
0.0
 10
27.24
 20
27.1121
 30
0.0
 10
24.9734
 20
27.6842
 30
0.0
 10
24.9734
 20
27.6842
 30
0.0
 10
24.9734
 20
27.6842
 30
0.0
 10
24.9734
 20
27.6842
 30
0.0
 10
26.1291
 20
32.2614
 30
0.0
 10
26.1291
 20
32.2614
 30
0.0
 10
26.1291
 20
32.2614
 30
0.0
 10
26.1291
 20
32.2614
 30
0.0
 10
23.8478
 20
32.8392
 30
0.0
 10
23.8478
 20
32.8392
 30
0.0
 10
23.8478
 20
32.8392
 30
0.0
 10
23.8478
 20
32.8392
 30
0.0
 10
24.4171
 20
35.097
 30
0.0
 10
24.4171
 20
35.097
 30
0.0
 10
24.4171
 20
35.097
 30
0.0
 10
24.4171
 20
35.097
 30
0.0
 10
31.2491
 20
33.372
 30
0.0
 10
31.2491
 20
33.372
 30
0.0
 10
31.2491
 20
33.372
 30
0.0
 10
31.2491
 20
33.372
 30
0.0
 10
30.6798
 20
31.1142
 30
0.0
 10
30.6798
 20
31.1142
 30
0.0
  0
SPLINE
  5
B0
330
1F
100
AcDbEntity
  8
layer 1
 62
   250
100
AcDbSpline
210
0.0
220
0.0
230
1.0
 70
    11
 71
     3
 72
    36
 73
    32
 74
     0
 42
0.000000001
 43
0.0000000001
 40
0.0
 40
0.0
 40
0.0
 40
0.0
 40
0.1111111111111111
 40
0.1111111111111111
 40
0.1111111111111111
 40
0.1111111111111111
 40
0.2222222222222222
 40
0.2222222222222222
 40
0.2222222222222222
 40
0.2222222222222222
 40
0.3333333333333333
 40
0.3333333333333333
 40
0.3333333333333333
 40
0.3333333333333333
 40
0.4444444444444444
 40
0.4444444444444444
 40
0.4444444444444444
 40
0.4444444444444444
 40
0.5555555555555556
 40
0.5555555555555556
 40
0.5555555555555556
 40
0.5555555555555556
 40
0.6666666666666666
 40
0.6666666666666666
 40
0.6666666666666666
 40
0.6666666666666666
 40
0.7777777777777778
 40
0.7777777777777778
 40
0.7777777777777778
 40
0.7777777777777778
 40
1.0
 40
1.0
 40
1.0
 40
1.0
 10
30.576
 20
31.2835
 30
0.0
 10
30.576
 20
31.2835
 30
0.0
 10
31.077
 20
33.2711
 30
0.0
 10
31.077
 20
33.2711
 30
0.0
 10
31.077
 20
33.2711
 30
0.0
 10
31.077
 20
33.2711
 30
0.0
 10
24.521
 20
34.9278
 30
0.0
 10
24.521
 20
34.9278
 30
0.0
 10
24.521
 20
34.9278
 30
0.0
 10
24.521
 20
34.9278
 30
0.0
 10
24.0171
 20
32.9401
 30
0.0
 10
24.0171
 20
32.9401
 30
0.0
 10
24.0171
 20
32.9401
 30
0.0
 10
24.0171
 20
32.9401
 30
0.0
 10
26.3012
 20
32.3652
 30
0.0
 10
26.3012
 20
32.3652
 30
0.0
 10
26.3012
 20
32.3652
 30
0.0
 10
26.3012
 20
32.3652
 30
0.0
 10
25.1456
 20
27.788
 30
0.0
 10
25.1456
 20
27.788
 30
0.0
 10
25.1456
 20
27.788
 30
0.0
 10
25.1456
 20
27.788
 30
0.0
 10
27.139
 20
27.2842
 30
0.0
 10
27.139
 20
27.2842
 30
0.0
 10
27.139
 20
27.2842
 30
0.0
 10
27.139
 20
27.2842
 30
0.0
 10
28.2947
 20
31.8613
 30
0.0
 10
28.2947
 20
31.8613
 30
0.0
 10
28.2947
 20
31.8613
 30
0.0
 10
28.2947
 20
31.8613
 30
0.0
 10
30.576
 20
31.2835
 30
0.0
 10
30.576
 20
31.2835
 30
0.0
  0
SPLINE
  5
B1
330
1F
100
AcDbEntity
  8
layer 1
 62
   250
100
AcDbSpline
210
0.0
220
0.0
230
1.0
 70
    11
 71
     3
 72
    36
 73
    32
 74
     0
 42
0.000000001
 43
0.0000000001
 40
0.0
 40
0.0
 40
0.0
 40
0.0
 40
0.1111111111111111
 40
0.1111111111111111
 40
0.1111111111111111
 40
0.1111111111111111
 40
0.2222222222222222
 40
0.2222222222222222
 40
0.2222222222222222
 40
0.2222222222222222
 40
0.3333333333333333
 40
0.3333333333333333
 40
0.3333333333333333
 40
0.3333333333333333
 40
0.4444444444444444
 40
0.4444444444444444
 40
0.4444444444444444
 40
0.4444444444444444
 40
0.5555555555555556
 40
0.5555555555555556
 40
0.5555555555555556
 40
0.5555555555555556
 40
0.6666666666666666
 40
0.6666666666666666
 40
0.6666666666666666
 40
0.6666666666666666
 40
0.7777777777777778
 40
0.7777777777777778
 40
0.7777777777777778
 40
0.7777777777777778
 40
1.0
 40
1.0
 40
1.0
 40
1.0
 10
30.3771
 20
31.6248
 30
0.0
 10
30.3771
 20
31.6248
 30
0.0
 10
28.0959
 20
32.1998
 30
0.0
 10
28.0959
 20
32.1998
 30
0.0
 10
28.0959
 20
32.1998
 30
0.0
 10
28.0959
 20
32.1998
 30
0.0
 10
26.9401
 20
27.6255
 30
0.0
 10
26.9401
 20
27.6255
 30
0.0
 10
26.9401
 20
27.6255
 30
0.0
 10
26.9401
 20
27.6255
 30
0.0
 10
25.4927
 20
27.9899
 30
0.0
 10
25.4927
 20
27.9899
 30
0.0
 10
25.4927
 20
27.9899
 30
0.0
 10
25.4927
 20
27.9899
 30
0.0
 10
26.6484
 20
32.567
 30
0.0
 10
26.6484
 20
32.567
 30
0.0
 10
26.6484
 20
32.567
 30
0.0
 10
26.6484
 20
32.567
 30
0.0
 10
24.3643
 20
33.142
 30
0.0
 10
24.3643
 20
33.142
 30
0.0
 10
24.3643
 20
33.142
 30
0.0
 10
24.3643
 20
33.142
 30
0.0
 10
24.7287
 20
34.5836
 30
0.0
 10
24.7287
 20
34.5836
 30
0.0
 10
24.7287
 20
34.5836
 30
0.0
 10
24.7287
 20
34.5836
 30
0.0
 10
30.7415
 20
33.0664
 30
0.0
 10
30.7415
 20
33.0664
 30
0.0
 10
30.7415
 20
33.0664
 30
0.0
 10
30.7415
 20
33.0664
 30
0.0
 10
30.3771
 20
31.6248
 30
0.0
 10
30.3771
 20
31.6248
 30
0.0
  0
SPLINE
  5
B2
330
1F
100
AcDbEntity
  8
layer 1
 62
   142
370
     9
100
AcDbSpline
210
0.0
220
0.0
230
1.0
 70
    11
 71
     3
 72
   184
 73
   180
 74
     0
 42
0.000000001
 43
0.0000000001
 40
0.0
 40
0.0
 40
0.0
 40
0.0
 40
0.0217391304347826
 40
0.0217391304347826
 40
0.0217391304347826
 40
0.0217391304347826
 40
0.0434782608695652
 40
0.0434782608695652
 40
0.0434782608695652
 40
0.0434782608695652
 40
0.0652173913043478
 40
0.0652173913043478
 40
0.0652173913043478
 40
0.0652173913043478
 40
0.0869565217391304
 40
0.0869565217391304
 40
0.0869565217391304
 40
0.0869565217391304
 40
0.108695652173913
 40
0.108695652173913
 40
0.108695652173913
 40
0.108695652173913
 40
0.1304347826086956
 40
0.1304347826086956
 40
0.1304347826086956
 40
0.1304347826086956
 40
0.1521739130434783
 40
0.1521739130434783
 40
0.1521739130434783
 40
0.1521739130434783
 40
0.1739130434782609
 40
0.1739130434782609
 40
0.1739130434782609
 40
0.1739130434782609
 40
0.1956521739130435
 40
0.1956521739130435
 40
0.1956521739130435
 40
0.1956521739130435
 40
0.2173913043478261
 40
0.2173913043478261
 40
0.2173913043478261
 40
0.2173913043478261
 40
0.2391304347826087
 40
0.2391304347826087
 40
0.2391304347826087
 40
0.2391304347826087
 40
0.2608695652173913
 40
0.2608695652173913
 40
0.2608695652173913
 40
0.2608695652173913
 40
0.2826086956521739
 40
0.2826086956521739
 40
0.2826086956521739
 40
0.2826086956521739
 40
0.3043478260869565
 40
0.3043478260869565
 40
0.3043478260869565
 40
0.3043478260869565
 40
0.3260869565217391
 40
0.3260869565217391
 40
0.3260869565217391
 40
0.3260869565217391
 40
0.3478260869565217
 40
0.3478260869565217
 40
0.3478260869565217
 40
0.3478260869565217
 40
0.3695652173913043
 40
0.3695652173913043
 40
0.3695652173913043
 40
0.3695652173913043
 40
0.391304347826087
 40
0.391304347826087
 40
0.391304347826087
 40
0.391304347826087
 40
0.4130434782608696
 40
0.4130434782608696
 40
0.4130434782608696
 40
0.4130434782608696
 40
0.4347826086956522
 40
0.4347826086956522
 40
0.4347826086956522
 40
0.4347826086956522
 40
0.4565217391304348
 40
0.4565217391304348
 40
0.4565217391304348
 40
0.4565217391304348
 40
0.4782608695652174
 40
0.4782608695652174
 40
0.4782608695652174
 40
0.4782608695652174
 40
0.5
 40
0.5
 40
0.5
 40
0.5
 40
0.5217391304347826
 40
0.5217391304347826
 40
0.5217391304347826
 40
0.5217391304347826
 40
0.5434782608695652
 40
0.5434782608695652
 40
0.5434782608695652
 40
0.5434782608695652
 40
0.5652173913043478
 40
0.5652173913043478
 40
0.5652173913043478
 40
0.5652173913043478
 40
0.5869565217391305
 40
0.5869565217391305
 40
0.5869565217391305
 40
0.5869565217391305
 40
0.6086956521739131
 40
0.6086956521739131
 40
0.6086956521739131
 40
0.6086956521739131
 40
0.6304347826086957
 40
0.6304347826086957
 40
0.6304347826086957
 40
0.6304347826086957
 40
0.6521739130434783
 40
0.6521739130434783
 40
0.6521739130434783
 40
0.6521739130434783
 40
0.6739130434782609
 40
0.6739130434782609
 40
0.6739130434782609
 40
0.6739130434782609
 40
0.6956521739130435
 40
0.6956521739130435
 40
0.6956521739130435
 40
0.6956521739130435
 40
0.717391304347826
 40
0.717391304347826
 40
0.717391304347826
 40
0.717391304347826
 40
0.7391304347826086
 40
0.7391304347826086
 40
0.7391304347826086
 40
0.7391304347826086
 40
0.7608695652173914
 40
0.7608695652173914
 40
0.7608695652173914
 40
0.7608695652173914
 40
0.782608695652174
 40
0.782608695652174
 40
0.782608695652174
 40
0.782608695652174
 40
0.8043478260869565
 40
0.8043478260869565
 40
0.8043478260869565
 40
0.8043478260869565
 40
0.8260869565217391
 40
0.8260869565217391
 40
0.8260869565217391
 40
0.8260869565217391
 40
0.8478260869565217
 40
0.8478260869565217
 40
0.8478260869565217
 40
0.8478260869565217
 40
0.8695652173913043
 40
0.8695652173913043
 40
0.8695652173913043
 40
0.8695652173913043
 40
0.8913043478260869
 40
0.8913043478260869
 40
0.8913043478260869
 40
0.8913043478260869
 40
0.9130434782608695
 40
0.9130434782608695
 40
0.9130434782608695
 40
0.9130434782608695
 40
0.9347826086956522
 40
0.9347826086956522
 40
0.9347826086956522
 40
0.9347826086956522
 40
0.9565217391304348
 40
0.9565217391304348
 40
0.9565217391304348
 40
0.9565217391304348
 40
1.0
 40
1.0
 40
1.0
 40
1.0
 10
23.3226
 20
28.276
 30
0.0
 10
23.2522
 20
28.2814
 30
0.0
 10
23.1819
 20
28.2867
 30
0.0
 10
23.1115
 20
28.2921
 30
0.0
 10
23.1115
 20
28.2921
 30
0.0
 10
23.0382
 20
28.3003
 30
0.0
 10
22.9678
 20
28.3057
 30
0.0
 10
22.8974
 20
28.3109
 30
0.0
 10
22.8974
 20
28.3109
 30
0.0
 10
22.7068
 20
28.3242
 30
0.0
 10
22.5192
 20
28.3374
 30
0.0
 10
22.3374
 20
28.3537
 30
0.0
 10
22.3374
 20
28.3537
 30
0.0
 10
22.1526
 20
28.3699
 30
0.0
 10
21.9707
 20
28.4008
 30
0.0
 10
21.7887
 20
28.4463
 30
0.0
 10
21.7887
 20
28.4463
 30
0.0
 10
21.6301
 20
28.4861
 30
0.0
 10
21.4773
 20
28.5406
 30
0.0
 10
21.3333
 20
28.607
 30
0.0
 10
21.3333
 20
28.607
 30
0.0
 10
21.1863
 20
28.6734
 30
0.0
 10
21.042
 20
28.7601
 30
0.0
 10
20.9006
 20
28.8705
 30
0.0
 10
20.9006
 20
28.8705
 30
0.0
 10
20.7001
 20
29.0302
 30
0.0
 10
20.5375
 20
29.2165
 30
0.0
 10
20.4187
 20
29.4354
 30
0.0
 10
20.4187
 20
29.4354
 30
0.0
 10
20.2969
 20
29.6543
 30
0.0
 10
20.1868
 20
29.8761
 30
0.0
 10
20.0884
 20
30.1069
 30
0.0
 10
20.0884
 20
30.1069
 30
0.0
 10
20.0735
 20
30.1361
 30
0.0
 10
20.0616
 20
30.1595
 30
0.0
 10
20.0527
 20
30.18
 30
0.0
 10
20.0527
 20
30.18
 30
0.0
 10
20.0467
 20
30.2004
 30
0.0
 10
20.0378
 20
30.2179
 30
0.0
 10
20.0289
 20
30.2295
 30
0.0
 10
20.0289
 20
30.2295
 30
0.0
 10
20.008
 20
30.2851
 30
0.0
 10
19.9871
 20
30.3347
 30
0.0
 10
19.9691
 20
30.3815
 30
0.0
 10
19.9691
 20
30.3815
 30
0.0
 10
19.9512
 20
30.4283
 30
0.0
 10
19.9274
 20
30.475
 30
0.0
 10
19.9037
 20
30.5158
 30
0.0
 10
19.9037
 20
30.5158
 30
0.0
 10
19.8649
 20
30.6093
 30
0.0
 10
19.8202
 20
30.6998
 30
0.0
 10
19.7639
 20
30.7873
 30
0.0
 10
19.7639
 20
30.7873
 30
0.0
 10
19.7076
 20
30.8747
 30
0.0
 10
19.628
 20
30.9357
 30
0.0
 10
19.5281
 20
30.9731
 30
0.0
 10
19.5281
 20
30.9731
 30
0.0
 10
19.5281
 20
30.9731
 30
0.0
 10
19.0897
 20
29.2351
 30
0.0
 10
19.0897
 20
29.2351
 30
0.0
 10
19.0897
 20
29.2351
 30
0.0
 10
19.0897
 20
29.2351
 30
0.0
 10
16.8232
 20
29.8072
 30
0.0
 10
16.8232
 20
29.8072
 30
0.0
 10
16.8232
 20
29.8072
 30
0.0
 10
16.8232
 20
29.8072
 30
0.0
 10
17.8964
 20
34.0554
 30
0.0
 10
17.8964
 20
34.0554
 30
0.0
 10
17.8964
 20
34.0554
 30
0.0
 10
17.6887
 20
33.9982
 30
0.0
 10
17.4871
 20
33.9294
 30
0.0
 10
17.2913
 20
33.8458
 30
0.0
 10
17.2913
 20
33.8458
 30
0.0
 10
17.0956
 20
33.7623
 30
0.0
 10
16.9028
 20
33.6759
 30
0.0
 10
16.7101
 20
33.5924
 30
0.0
 10
16.7101
 20
33.5924
 30
0.0
 10
16.7101
 20
33.5924
 30
0.0
 10
15.7624
 20
35.7158
 30
0.0
 10
15.7624
 20
35.7158
 30
0.0
 10
15.7624
 20
35.7158
 30
0.0
 10
15.815
 20
35.7396
 30
0.0
 10
15.8704
 20
35.7635
 30
0.0
 10
15.923
 20
35.7844
 30
0.0
 10
15.923
 20
35.7844
 30
0.0
 10
15.9785
 20
35.8083
 30
0.0
 10
16.0398
 20
35.8351
 30
0.0
 10
16.1071
 20
35.8649
 30
0.0
 10
16.1071
 20
35.8649
 30
0.0
 10
16.1626
 20
35.8888
 30
0.0
 10
16.2151
 20
35.9096
 30
0.0
 10
16.2706
 20
35.9335
 30
0.0
 10
16.2706
 20
35.9335
 30
0.0
 10
16.3233
 20
35.9544
 30
0.0
 10
16.3757
 20
35.9782
 30
0.0
 10
16.4313
 20
36.0021
 30
0.0
 10
16.4313
 20
36.0021
 30
0.0
 10
16.9981
 20
36.232
 30
0.0
 10
17.6007
 20
36.3771
 30
0.0
 10
18.245
 20
36.4376
 30
0.0
 10
18.245
 20
36.4376
 30
0.0
 10
18.8892
 20
36.498
 30
0.0
 10
19.5252
 20
36.4794
 30
0.0
 10
20.1502
 20
36.3815
 30
0.0
 10
20.1502
 20
36.3815
 30
0.0
 10
20.2411
 20
36.3586
 30
0.0
 10
20.3321
 20
36.3388
 30
0.0
 10
20.4172
 20
36.3218
 30
0.0
 10
20.4172
 20
36.3218
 30
0.0
 10
20.5053
 20
36.3078
 30
0.0
 10
20.5933
 20
36.2881
 30
0.0
 10
20.6843
 20
36.2652
 30
0.0
 10
20.6843
 20
36.2652
 30
0.0
 10
20.8987
 20
36.2111
 30
0.0
 10
21.1101
 20
36.1453
 30
0.0
 10
21.3129
 20
36.0707
 30
0.0
 10
21.3129
 20
36.0707
 30
0.0
 10
21.5185
 20
35.993
 30
0.0
 10
21.7185
 20
35.9066
 30
0.0
 10
21.9097
 20
35.8085
 30
0.0
 10
21.9097
 20
35.8085
 30
0.0
 10
22.2539
 20
35.6381
 30
0.0
 10
22.5661
 20
35.4265
 30
0.0
 10
22.8463
 20
35.1766
 30
0.0
 10
22.8463
 20
35.1766
 30
0.0
 10
23.1266
 20
34.9237
 30
0.0
 10
23.3368
 20
34.6235
 30
0.0
 10
23.4802
 20
34.2758
 30
0.0
 10
23.4802
 20
34.2758
 30
0.0
 10
23.5963
 20
34.0158
 30
0.0
 10
23.6628
 20
33.7526
 30
0.0
 10
23.6765
 20
33.4831
 30
0.0
 10
23.6765
 20
33.4831
 30
0.0
 10
23.6932
 20
33.2136
 30
0.0
 10
23.6687
 20
32.9468
 30
0.0
 10
23.6033
 20
32.6855
 30
0.0
 10
23.6033
 20
32.6855
 30
0.0
 10
23.5151
 20
32.3332
 30
0.0
 10
23.3504
 20
32.0125
 30
0.0
 10
23.1153
 20
31.7206
 30
0.0
 10
23.1153
 20
31.7206
 30
0.0
 10
22.8801
 20
31.4288
 30
0.0
 10
22.5799
 20
31.1951
 30
0.0
 10
22.2238
 20
31.0195
 30
0.0
 10
22.2238
 20
31.0195
 30
0.0
 10
22.2386
 20
30.9933
 30
0.0
 10
22.2535
 20
30.964
 30
0.0
 10
22.2654
 20
30.9378
 30
0.0
 10
22.2654
 20
30.9378
 30
0.0
 10
22.2773
 20
30.9115
 30
0.0
 10
22.2834
 20
30.8852
 30
0.0
 10
22.2895
 20
30.8588
 30
0.0
 10
22.2895
 20
30.8588
 30
0.0
 10
22.3043
 20
30.8179
 30
0.0
 10
22.3163
 20
30.7858
 30
0.0
 10
22.3282
 20
30.7595
 30
0.0
 10
22.3282
 20
30.7595
 30
0.0
 10
22.3402
 20
30.7303
 30
0.0
 10
22.355
 20
30.704
 30
0.0
 10
22.3699
 20
30.6748
 30
0.0
 10
22.3699
 20
30.6748
 30
0.0
 10
22.3934
 20
30.6691
 30
0.0
 10
22.4139
 20
30.6635
 30
0.0
 10
22.4316
 20
30.6606
 30
0.0
 10
22.4316
 20
30.6606
 30
0.0
 10
22.4492
 20
30.6549
 30
0.0
 10
22.461
 20
30.6521
 30
0.0
 10
22.4727
 20
30.6492
 30
0.0
 10
22.4727
 20
30.6492
 30
0.0
 10
22.6369
 20
30.6329
 30
0.0
 10
22.807
 20
30.6195
 30
0.0
 10
22.9799
 20
30.612
 30
0.0
 10
22.9799
 20
30.612
 30
0.0
 10
23.1528
 20
30.6044
 30
0.0
 10
23.3169
 20
30.5998
 30
0.0
 10
23.4753
 20
30.5951
 30
0.0
 10
23.4753
 20
30.5951
 30
0.0
 10
23.4753
 20
30.5951
 30
0.0
 10
23.3226
 20
28.276
 30
0.0
 10
23.3226
 20
28.276
 30
0.0
  0
SPLINE
  5
B3
330
1F
100
AcDbEntity
  8
layer 1
 62
   142
370
     9
100
AcDbSpline
210
0.0
220
0.0
230
1.0
 70
    11
 71
     3
 72
   208
 73
   204
 74
     0
 42
0.000000001
 43
0.0000000001
 40
0.0
 40
0.0
 40
0.0
 40
0.0
 40
0.0192307692307692
 40
0.0192307692307692
 40
0.0192307692307692
 40
0.0192307692307692
 40
0.0384615384615385
 40
0.0384615384615385
 40
0.0384615384615385
 40
0.0384615384615385
 40
0.0576923076923077
 40
0.0576923076923077
 40
0.0576923076923077
 40
0.0576923076923077
 40
0.0769230769230769
 40
0.0769230769230769
 40
0.0769230769230769
 40
0.0769230769230769
 40
0.0961538461538462
 40
0.0961538461538462
 40
0.0961538461538462
 40
0.0961538461538462
 40
0.1153846153846154
 40
0.1153846153846154
 40
0.1153846153846154
 40
0.1153846153846154
 40
0.1346153846153846
 40
0.1346153846153846
 40
0.1346153846153846
 40
0.1346153846153846
 40
0.1538461538461539
 40
0.1538461538461539
 40
0.1538461538461539
 40
0.1538461538461539
 40
0.1730769230769231
 40
0.1730769230769231
 40
0.1730769230769231
 40
0.1730769230769231
 40
0.1923076923076923
 40
0.1923076923076923
 40
0.1923076923076923
 40
0.1923076923076923
 40
0.2115384615384615
 40
0.2115384615384615
 40
0.2115384615384615
 40
0.2115384615384615
 40
0.2307692307692308
 40
0.2307692307692308
 40
0.2307692307692308
 40
0.2307692307692308
 40
0.25
 40
0.25
 40
0.25
 40
0.25
 40
0.2692307692307692
 40
0.2692307692307692
 40
0.2692307692307692
 40
0.2692307692307692
 40
0.2884615384615384
 40
0.2884615384615384
 40
0.2884615384615384
 40
0.2884615384615384
 40
0.3076923076923077
 40
0.3076923076923077
 40
0.3076923076923077
 40
0.3076923076923077
 40
0.3269230769230769
 40
0.3269230769230769
 40
0.3269230769230769
 40
0.3269230769230769
 40
0.3461538461538461
 40
0.3461538461538461
 40
0.3461538461538461
 40
0.3461538461538461
 40
0.3653846153846154
 40
0.3653846153846154
 40
0.3653846153846154
 40
0.3653846153846154
 40
0.3846153846153846
 40
0.3846153846153846
 40
0.3846153846153846
 40
0.3846153846153846
 40
0.4038461538461539
 40
0.4038461538461539
 40
0.4038461538461539
 40
0.4038461538461539
 40
0.4230769230769231
 40
0.4230769230769231
 40
0.4230769230769231
 40
0.4230769230769231
 40
0.4423076923076923
 40
0.4423076923076923
 40
0.4423076923076923
 40
0.4423076923076923
 40
0.4615384615384616
 40
0.4615384615384616
 40
0.4615384615384616
 40
0.4615384615384616
 40
0.4807692307692308
 40
0.4807692307692308
 40
0.4807692307692308
 40
0.4807692307692308
 40
0.5
 40
0.5
 40
0.5
 40
0.5
 40
0.5192307692307693
 40
0.5192307692307693
 40
0.5192307692307693
 40
0.5192307692307693
 40
0.5384615384615384
 40
0.5384615384615384
 40
0.5384615384615384
 40
0.5384615384615384
 40
0.5576923076923077
 40
0.5576923076923077
 40
0.5576923076923077
 40
0.5576923076923077
 40
0.5769230769230769
 40
0.5769230769230769
 40
0.5769230769230769
 40
0.5769230769230769
 40
0.5961538461538461
 40
0.5961538461538461
 40
0.5961538461538461
 40
0.5961538461538461
 40
0.6153846153846154
 40
0.6153846153846154
 40
0.6153846153846154
 40
0.6153846153846154
 40
0.6346153846153846
 40
0.6346153846153846
 40
0.6346153846153846
 40
0.6346153846153846
 40
0.6538461538461539
 40
0.6538461538461539
 40
0.6538461538461539
 40
0.6538461538461539
 40
0.6730769230769231
 40
0.6730769230769231
 40
0.6730769230769231
 40
0.6730769230769231
 40
0.6923076923076923
 40
0.6923076923076923
 40
0.6923076923076923
 40
0.6923076923076923
 40
0.7115384615384616
 40
0.7115384615384616
 40
0.7115384615384616
 40
0.7115384615384616
 40
0.7307692307692307
 40
0.7307692307692307
 40
0.7307692307692307
 40
0.7307692307692307
 40
0.75
 40
0.75
 40
0.75
 40
0.75
 40
0.7692307692307693
 40
0.7692307692307693
 40
0.7692307692307693
 40
0.7692307692307693
 40
0.7884615384615384
 40
0.7884615384615384
 40
0.7884615384615384
 40
0.7884615384615384
 40
0.8076923076923077
 40
0.8076923076923077
 40
0.8076923076923077
 40
0.8076923076923077
 40
0.8269230769230769
 40
0.8269230769230769
 40
0.8269230769230769
 40
0.8269230769230769
 40
0.8461538461538461
 40
0.8461538461538461
 40
0.8461538461538461
 40
0.8461538461538461
 40
0.8653846153846154
 40
0.8653846153846154
 40
0.8653846153846154
 40
0.8653846153846154
 40
0.8846153846153846
 40
0.8846153846153846
 40
0.8846153846153846
 40
0.8846153846153846
 40
0.9038461538461539
 40
0.9038461538461539
 40
0.9038461538461539
 40
0.9038461538461539
 40
0.9230769230769231
 40
0.9230769230769231
 40
0.9230769230769231
 40
0.9230769230769231
 40
0.9423076923076923
 40
0.9423076923076923
 40
0.9423076923076923
 40
0.9423076923076923
 40
0.9615384615384616
 40
0.9615384615384616
 40
0.9615384615384616
 40
0.9615384615384616
 40
1.0
 40
1.0
 40
1.0
 40
1.0
 10
23.1955
 20
28.4158
 30
0.0
 10
23.1955
 20
28.4158
 30
0.0
 10
23.3299
 20
30.4476
 30
0.0
 10
23.3299
 20
30.4476
 30
0.0
 10
23.3299
 20
30.4476
 30
0.0
 10
23.28
 20
30.4501
 30
0.0
 10
23.2273
 20
30.4497
 30
0.0
 10
23.1657
 20
30.4551
 30
0.0
 10
23.1657
 20
30.4551
 30
0.0
 10
23.1071
 20
30.4576
 30
0.0
 10
23.0484
 20
30.4601
 30
0.0
 10
22.9869
 20
30.4625
 30
0.0
 10
22.9869
 20
30.4625
 30
0.0
 10
22.94
 20
30.4622
 30
0.0
 10
22.8843
 20
30.4647
 30
0.0
 10
22.8257
 20
30.4673
 30
0.0
 10
22.8257
 20
30.4673
 30
0.0
 10
22.767
 20
30.4697
 30
0.0
 10
22.7083
 20
30.4781
 30
0.0
 10
22.6526
 20
30.4923
 30
0.0
 10
22.6526
 20
30.4923
 30
0.0
 10
22.5911
 20
30.4948
 30
0.0
 10
22.5353
 20
30.5002
 30
0.0
 10
22.4825
 20
30.5086
 30
0.0
 10
22.4825
 20
30.5086
 30
0.0
 10
22.4297
 20
30.517
 30
0.0
 10
22.3769
 20
30.5255
 30
0.0
 10
22.3182
 20
30.5397
 30
0.0
 10
22.3182
 20
30.5397
 30
0.0
 10
22.2976
 20
30.5453
 30
0.0
 10
22.2711
 20
30.5716
 30
0.0
 10
22.2473
 20
30.6124
 30
0.0
 10
22.2473
 20
30.6124
 30
0.0
 10
22.2206
 20
30.6561
 30
0.0
 10
22.1938
 20
30.7116
 30
0.0
 10
22.1611
 20
30.7788
 30
0.0
 10
22.1611
 20
30.7788
 30
0.0
 10
22.1639
 20
30.7905
 30
0.0
 10
22.1609
 20
30.8022
 30
0.0
 10
22.1521
 20
30.8109
 30
0.0
 10
22.1521
 20
30.8109
 30
0.0
 10
22.1403
 20
30.8196
 30
0.0
 10
22.1373
 20
30.8284
 30
0.0
 10
22.1401
 20
30.8402
 30
0.0
 10
22.1401
 20
30.8402
 30
0.0
 10
22.1192
 20
30.8927
 30
0.0
 10
22.0954
 20
30.9453
 30
0.0
 10
22.0715
 20
30.995
 30
0.0
 10
22.0715
 20
30.995
 30
0.0
 10
22.0478
 20
31.0417
 30
0.0
 10
22.0329
 20
31.0796
 30
0.0
 10
22.0268
 20
31.1059
 30
0.0
 10
22.0268
 20
31.1059
 30
0.0
 10
22.4008
 20
31.2523
 30
0.0
 10
22.7157
 20
31.4716
 30
0.0
 10
22.9625
 20
31.7664
 30
0.0
 10
22.9625
 20
31.7664
 30
0.0
 10
23.2123
 20
32.0614
 30
0.0
 10
23.3828
 20
32.3908
 30
0.0
 10
23.4767
 20
32.7548
 30
0.0
 10
23.4767
 20
32.7548
 30
0.0
 10
23.5308
 20
32.9692
 30
0.0
 10
23.5527
 20
33.1891
 30
0.0
 10
23.5422
 20
33.4176
 30
0.0
 10
23.5422
 20
33.4176
 30
0.0
 10
23.5347
 20
33.6432
 30
0.0
 10
23.492
 20
33.8685
 30
0.0
 10
23.4141
 20
34.0936
 30
0.0
 10
23.4141
 20
34.0936
 30
0.0
 10
23.2375
 20
34.5817
 30
0.0
 10
22.9386
 20
34.978
 30
0.0
 10
22.5173
 20
35.2767
 30
0.0
 10
22.5173
 20
35.2767
 30
0.0
 10
22.099
 20
35.5754
 30
0.0
 10
21.6431
 20
35.8035
 30
0.0
 10
21.1526
 20
35.964
 30
0.0
 10
21.1526
 20
35.964
 30
0.0
 10
21.0761
 20
35.9957
 30
0.0
 10
20.9997
 20
36.0214
 30
0.0
 10
20.9263
 20
36.0414
 30
0.0
 10
20.9263
 20
36.0414
 30
0.0
 10
20.8529
 20
36.0584
 30
0.0
 10
20.7765
 20
36.0784
 30
0.0
 10
20.6973
 20
36.0983
 30
0.0
 10
20.6973
 20
36.0983
 30
0.0
 10
20.5476
 20
36.1353
 30
0.0
 10
20.4066
 20
36.1694
 30
0.0
 10
20.2687
 20
36.1977
 30
0.0
 10
20.2687
 20
36.1977
 30
0.0
 10
20.1308
 20
36.2259
 30
0.0
 10
19.99
 20
36.2454
 30
0.0
 10
19.8492
 20
36.2591
 30
0.0
 10
19.8492
 20
36.2591
 30
0.0
 10
19.28
 20
36.3545
 30
0.0
 10
18.7143
 20
36.3678
 30
0.0
 10
18.1464
 20
36.2991
 30
0.0
 10
18.1464
 20
36.2991
 30
0.0
 10
17.5813
 20
36.2304
 30
0.0
 10
17.0285
 20
36.0915
 30
0.0
 10
16.4909
 20
35.8765
 30
0.0
 10
16.4909
 20
35.8765
 30
0.0
 10
16.3973
 20
35.8407
 30
0.0
 10
16.3038
 20
35.7989
 30
0.0
 10
16.2162
 20
35.7572
 30
0.0
 10
16.2162
 20
35.7572
 30
0.0
 10
16.1258
 20
35.7127
 30
0.0
 10
16.0353
 20
35.6709
 30
0.0
 10
15.9417
 20
35.6351
 30
0.0
 10
15.9417
 20
35.6351
 30
0.0
 10
15.9417
 20
35.6351
 30
0.0
 10
16.776
 20
33.7746
 30
0.0
 10
16.776
 20
33.7746
 30
0.0
 10
16.776
 20
33.7746
 30
0.0
 10
16.9923
 20
33.8671
 30
0.0
 10
17.2084
 20
33.9537
 30
0.0
 10
17.4217
 20
34.0373
 30
0.0
 10
17.4217
 20
34.0373
 30
0.0
 10
17.6351
 20
34.1239
 30
0.0
 10
17.8573
 20
34.19
 30
0.0
 10
18.0884
 20
34.2415
 30
0.0
 10
18.0884
 20
34.2415
 30
0.0
 10
18.0884
 20
34.2415
 30
0.0
 10
16.9953
 20
29.911
 30
0.0
 10
16.9953
 20
29.911
 30
0.0
 10
16.9953
 20
29.911
 30
0.0
 10
16.9953
 20
29.911
 30
0.0
 10
18.9888
 20
29.4072
 30
0.0
 10
18.9888
 20
29.4072
 30
0.0
 10
18.9888
 20
29.4072
 30
0.0
 10
18.9888
 20
29.4072
 30
0.0
 10
19.43
 20
31.1629
 30
0.0
 10
19.43
 20
31.1629
 30
0.0
 10
19.43
 20
31.1629
 30
0.0
 10
19.5915
 20
31.1201
 30
0.0
 10
19.7092
 20
31.0536
 30
0.0
 10
19.789
 20
30.9633
 30
0.0
 10
19.789
 20
30.9633
 30
0.0
 10
19.8688
 20
30.8701
 30
0.0
 10
19.94
 20
30.7623
 30
0.0
 10
20.0054
 20
30.6367
 30
0.0
 10
20.0054
 20
30.6367
 30
0.0
 10
20.0203
 20
30.5958
 30
0.0
 10
20.0323
 20
30.5636
 30
0.0
 10
20.0442
 20
30.5344
 30
0.0
 10
20.0442
 20
30.5344
 30
0.0
 10
20.0561
 20
30.5082
 30
0.0
 10
20.0681
 20
30.476
 30
0.0
 10
20.0801
 20
30.4351
 30
0.0
 10
20.0801
 20
30.4351
 30
0.0
 10
20.095
 20
30.3942
 30
0.0
 10
20.113
 20
30.3562
 30
0.0
 10
20.1337
 20
30.3153
 30
0.0
 10
20.1337
 20
30.3153
 30
0.0
 10
20.1517
 20
30.2715
 30
0.0
 10
20.1754
 20
30.2306
 30
0.0
 10
20.1991
 20
30.1868
 30
0.0
 10
20.1991
 20
30.1868
 30
0.0
 10
20.1991
 20
30.1868
 30
0.0
 10
20.2021
 20
30.181
 30
0.0
 10
20.2051
 20
30.1694
 30
0.0
 10
20.2051
 20
30.1694
 30
0.0
 10
20.2082
 20
30.1547
 30
0.0
 10
20.214
 20
30.1489
 30
0.0
 10
20.2258
 20
30.146
 30
0.0
 10
20.2258
 20
30.146
 30
0.0
 10
20.3154
 20
29.9298
 30
0.0
 10
20.4195
 20
29.7197
 30
0.0
 10
20.5382
 20
29.5154
 30
0.0
 10
20.5382
 20
29.5154
 30
0.0
 10
20.6541
 20
29.3082
 30
0.0
 10
20.8019
 20
29.1306
 30
0.0
 10
20.9818
 20
28.9766
 30
0.0
 10
20.9818
 20
28.9766
 30
0.0
 10
21.0408
 20
28.9242
 30
0.0
 10
21.1056
 20
28.8778
 30
0.0
 10
21.1733
 20
28.8373
 30
0.0
 10
21.1733
 20
28.8373
 30
0.0
 10
21.241
 20
28.7969
 30
0.0
 10
21.3146
 20
28.7592
 30
0.0
 10
21.391
 20
28.7276
 30
0.0
 10
21.391
 20
28.7276
 30
0.0
 10
21.4674
 20
28.6959
 30
0.0
 10
21.5409
 20
28.6671
 30
0.0
 10
21.6143
 20
28.6443
 30
0.0
 10
21.6143
 20
28.6443
 30
0.0
 10
21.6848
 20
28.6213
 30
0.0
 10
21.7553
 20
28.5985
 30
0.0
 10
21.8229
 20
28.5813
 30
0.0
 10
21.8229
 20
28.5813
 30
0.0
 10
22.0167
 20
28.533
 30
0.0
 10
22.2103
 20
28.4993
 30
0.0
 10
22.4067
 20
28.4802
 30
0.0
 10
22.4067
 20
28.4802
 30
0.0
 10
22.6003
 20
28.4611
 30
0.0
 10
22.7997
 20
28.445
 30
0.0
 10
22.9991
 20
28.4289
 30
0.0
 10
22.9991
 20
28.4289
 30
0.0
 10
23.0343
 20
28.4204
 30
0.0
 10
23.0665
 20
28.4177
 30
0.0
 10
23.0959
 20
28.415
 30
0.0
 10
23.0959
 20
28.415
 30
0.0
 10
23.1252
 20
28.4123
 30
0.0
 10
23.1603
 20
28.4125
 30
0.0
 10
23.1955
 20
28.4158
 30
0.0
  0
SPLINE
  5
B4
330
1F
100
AcDbEntity
  8
layer 1
 62
   142
370
     9
100
AcDbSpline
210
0.0
220
0.0
230
1.0
 70
    11
 71
     3
 72
   184
 73
   180
 74
     0
 42
0.000000001
 43
0.0000000001
 40
0.0
 40
0.0
 40
0.0
 40
0.0
 40
0.0217391304347826
 40
0.0217391304347826
 40
0.0217391304347826
 40
0.0217391304347826
 40
0.0434782608695652
 40
0.0434782608695652
 40
0.0434782608695652
 40
0.0434782608695652
 40
0.0652173913043478
 40
0.0652173913043478
 40
0.0652173913043478
 40
0.0652173913043478
 40
0.0869565217391304
 40
0.0869565217391304
 40
0.0869565217391304
 40
0.0869565217391304
 40
0.108695652173913
 40
0.108695652173913
 40
0.108695652173913
 40
0.108695652173913
 40
0.1304347826086956
 40
0.1304347826086956
 40
0.1304347826086956
 40
0.1304347826086956
 40
0.1521739130434783
 40
0.1521739130434783
 40
0.1521739130434783
 40
0.1521739130434783
 40
0.1739130434782609
 40
0.1739130434782609
 40
0.1739130434782609
 40
0.1739130434782609
 40
0.1956521739130435
 40
0.1956521739130435
 40
0.1956521739130435
 40
0.1956521739130435
 40
0.2173913043478261
 40
0.2173913043478261
 40
0.2173913043478261
 40
0.2173913043478261
 40
0.2391304347826087
 40
0.2391304347826087
 40
0.2391304347826087
 40
0.2391304347826087
 40
0.2608695652173913
 40
0.2608695652173913
 40
0.2608695652173913
 40
0.2608695652173913
 40
0.2826086956521739
 40
0.2826086956521739
 40
0.2826086956521739
 40
0.2826086956521739
 40
0.3043478260869565
 40
0.3043478260869565
 40
0.3043478260869565
 40
0.3043478260869565
 40
0.3260869565217391
 40
0.3260869565217391
 40
0.3260869565217391
 40
0.3260869565217391
 40
0.3478260869565217
 40
0.3478260869565217
 40
0.3478260869565217
 40
0.3478260869565217
 40
0.3695652173913043
 40
0.3695652173913043
 40
0.3695652173913043
 40
0.3695652173913043
 40
0.391304347826087
 40
0.391304347826087
 40
0.391304347826087
 40
0.391304347826087
 40
0.4130434782608696
 40
0.4130434782608696
 40
0.4130434782608696
 40
0.4130434782608696
 40
0.4347826086956522
 40
0.4347826086956522
 40
0.4347826086956522
 40
0.4347826086956522
 40
0.4565217391304348
 40
0.4565217391304348
 40
0.4565217391304348
 40
0.4565217391304348
 40
0.4782608695652174
 40
0.4782608695652174
 40
0.4782608695652174
 40
0.4782608695652174
 40
0.5
 40
0.5
 40
0.5
 40
0.5
 40
0.5217391304347826
 40
0.5217391304347826
 40
0.5217391304347826
 40
0.5217391304347826
 40
0.5434782608695652
 40
0.5434782608695652
 40
0.5434782608695652
 40
0.5434782608695652
 40
0.5652173913043478
 40
0.5652173913043478
 40
0.5652173913043478
 40
0.5652173913043478
 40
0.5869565217391305
 40
0.5869565217391305
 40
0.5869565217391305
 40
0.5869565217391305
 40
0.6086956521739131
 40
0.6086956521739131
 40
0.6086956521739131
 40
0.6086956521739131
 40
0.6304347826086957
 40
0.6304347826086957
 40
0.6304347826086957
 40
0.6304347826086957
 40
0.6521739130434783
 40
0.6521739130434783
 40
0.6521739130434783
 40
0.6521739130434783
 40
0.6739130434782609
 40
0.6739130434782609
 40
0.6739130434782609
 40
0.6739130434782609
 40
0.6956521739130435
 40
0.6956521739130435
 40
0.6956521739130435
 40
0.6956521739130435
 40
0.717391304347826
 40
0.717391304347826
 40
0.717391304347826
 40
0.717391304347826
 40
0.7391304347826086
 40
0.7391304347826086
 40
0.7391304347826086
 40
0.7391304347826086
 40
0.7608695652173914
 40
0.7608695652173914
 40
0.7608695652173914
 40
0.7608695652173914
 40
0.782608695652174
 40
0.782608695652174
 40
0.782608695652174
 40
0.782608695652174
 40
0.8043478260869565
 40
0.8043478260869565
 40
0.8043478260869565
 40
0.8043478260869565
 40
0.8260869565217391
 40
0.8260869565217391
 40
0.8260869565217391
 40
0.8260869565217391
 40
0.8478260869565217
 40
0.8478260869565217
 40
0.8478260869565217
 40
0.8478260869565217
 40
0.8695652173913043
 40
0.8695652173913043
 40
0.8695652173913043
 40
0.8695652173913043
 40
0.8913043478260869
 40
0.8913043478260869
 40
0.8913043478260869
 40
0.8913043478260869
 40
0.9130434782608695
 40
0.9130434782608695
 40
0.9130434782608695
 40
0.9130434782608695
 40
0.9347826086956522
 40
0.9347826086956522
 40
0.9347826086956522
 40
0.9347826086956522
 40
0.9565217391304348
 40
0.9565217391304348
 40
0.9565217391304348
 40
0.9565217391304348
 40
1.0
 40
1.0
 40
1.0
 40
1.0
 10
22.9383
 20
28.7186
 30
0.0
 10
22.7801
 20
28.7203
 30
0.0
 10
22.6306
 20
28.728
 30
0.0
 10
22.4898
 20
28.7417
 30
0.0
 10
22.4898
 20
28.7417
 30
0.0
 10
22.3461
 20
28.7522
 30
0.0
 10
22.2083
 20
28.7689
 30
0.0
 10
22.0675
 20
28.7912
 30
0.0
 10
22.0675
 20
28.7912
 30
0.0
 10
22.0087
 20
28.7967
 30
0.0
 10
21.9442
 20
28.8079
 30
0.0
 10
21.8796
 20
28.8309
 30
0.0
 10
21.8796
 20
28.8309
 30
0.0
 10
21.812
 20
28.8538
 30
0.0
 10
21.7445
 20
28.8738
 30
0.0
 10
21.677
 20
28.8909
 30
0.0
 10
21.677
 20
28.8909
 30
0.0
 10
21.3537
 20
29.0086
 30
0.0
 10
21.1122
 20
29.1856
 30
0.0
 10
20.9492
 20
29.4188
 30
0.0
 10
20.9492
 20
29.4188
 30
0.0
 10
20.7834
 20
29.6549
 30
0.0
 10
20.6348
 20
29.9146
 30
0.0
 10
20.5038
 20
30.2008
 30
0.0
 10
20.5038
 20
30.2008
 30
0.0
 10
20.4978
 20
30.2272
 30
0.0
 10
20.4888
 20
30.2535
 30
0.0
 10
20.4768
 20
30.2797
 30
0.0
 10
20.4768
 20
30.2797
 30
0.0
 10
20.4649
 20
30.309
 30
0.0
 10
20.453
 20
30.3352
 30
0.0
 10
20.4352
 20
30.3644
 30
0.0
 10
20.4352
 20
30.3644
 30
0.0
 10
20.3994
 20
30.458
 30
0.0
 10
20.3635
 20
30.5456
 30
0.0
 10
20.3277
 20
30.6274
 30
0.0
 10
20.3277
 20
30.6274
 30
0.0
 10
20.2949
 20
30.7062
 30
0.0
 10
20.2563
 20
30.7792
 30
0.0
 10
20.209
 20
30.8375
 30
0.0
 10
20.209
 20
30.8375
 30
0.0
 10
20.1494
 20
30.9748
 30
0.0
 10
20.0723
 20
31.0885
 30
0.0
 10
19.9779
 20
31.1757
 30
0.0
 10
19.9779
 20
31.1757
 30
0.0
 10
19.8864
 20
31.2658
 30
0.0
 10
19.7686
 20
31.3353
 30
0.0
 10
19.6247
 20
31.3841
 30
0.0
 10
19.6247
 20
31.3841
 30
0.0
 10
19.5922
 20
31.4043
 30
0.0
 10
19.5541
 20
31.4187
 30
0.0
 10
19.5072
 20
31.4242
 30
0.0
 10
19.5072
 20
31.4242
 30
0.0
 10
19.4602
 20
31.4298
 30
0.0
 10
19.4133
 20
31.4381
 30
0.0
 10
19.3693
 20
31.4496
 30
0.0
 10
19.3693
 20
31.4496
 30
0.0
 10
19.3457
 20
31.4553
 30
0.0
 10
19.3223
 20
31.461
 30
0.0
 10
19.2988
 20
31.4667
 30
0.0
 10
19.2988
 20
31.4667
 30
0.0
 10
19.2782
 20
31.4723
 30
0.0
 10
19.2547
 20
31.478
 30
0.0
 10
19.2313
 20
31.4837
 30
0.0
 10
19.2313
 20
31.4837
 30
0.0
 10
19.2313
 20
31.4837
 30
0.0
 10
18.793
 20
29.7457
 30
0.0
 10
18.793
 20
29.7457
 30
0.0
 10
18.793
 20
29.7457
 30
0.0
 10
18.793
 20
29.7457
 30
0.0
 10
17.3455
 20
30.1129
 30
0.0
 10
17.3455
 20
30.1129
 30
0.0
 10
17.3455
 20
30.1129
 30
0.0
 10
17.3455
 20
30.1129
 30
0.0
 10
18.4699
 20
34.5609
 30
0.0
 10
18.4699
 20
34.5609
 30
0.0
 10
18.4699
 20
34.5609
 30
0.0
 10
18.4435
 20
34.5577
 30
0.0
 10
18.4172
 20
34.5546
 30
0.0
 10
18.3849
 20
34.5544
 30
0.0
 10
18.3849
 20
34.5544
 30
0.0
 10
18.3557
 20
34.5571
 30
0.0
 10
18.3234
 20
34.5568
 30
0.0
 10
18.2853
 20
34.5536
 30
0.0
 10
18.2853
 20
34.5536
 30
0.0
 10
18.0248
 20
34.5223
 30
0.0
 10
17.7848
 20
34.4679
 30
0.0
 10
17.5656
 20
34.3929
 30
0.0
 10
17.5656
 20
34.3929
 30
0.0
 10
17.3464
 20
34.3152
 30
0.0
 10
17.1332
 20
34.2285
 30
0.0
 10
16.9287
 20
34.1362
 30
0.0
 10
16.9287
 20
34.1362
 30
0.0
 10
16.9287
 20
34.1362
 30
0.0
 10
16.3325
 20
35.5002
 30
0.0
 10
16.3325
 20
35.5002
 30
0.0
 10
16.3325
 20
35.5002
 30
0.0
 10
17.051
 20
35.8133
 30
0.0
 10
17.7618
 20
35.9915
 30
0.0
 10
18.4618
 20
36.0377
 30
0.0
 10
18.4618
 20
36.0377
 30
0.0
 10
19.1619
 20
36.084
 30
0.0
 10
19.8979
 20
36.0103
 30
0.0
 10
20.6701
 20
35.8139
 30
0.0
 10
20.6701
 20
35.8139
 30
0.0
 10
21.1369
 20
35.6972
 30
0.0
 10
21.5336
 20
35.5477
 30
0.0
 10
21.8632
 20
35.3685
 30
0.0
 10
21.8632
 20
35.3685
 30
0.0
 10
22.1898
 20
35.1893
 30
0.0
 10
22.4609
 20
34.9891
 30
0.0
 10
22.6706
 20
34.7651
 30
0.0
 10
22.6706
 20
34.7651
 30
0.0
 10
22.9482
 20
34.4799
 30
0.0
 10
23.1264
 20
34.1589
 30
0.0
 10
23.2082
 20
33.8078
 30
0.0
 10
23.2082
 20
33.8078
 30
0.0
 10
23.287
 20
33.4568
 30
0.0
 10
23.2865
 20
33.1168
 30
0.0
 10
23.204
 20
32.788
 30
0.0
 10
23.204
 20
32.788
 30
0.0
 10
23.1983
 20
32.7645
 30
0.0
 10
23.1897
 20
32.7381
 30
0.0
 10
23.1841
 20
32.7087
 30
0.0
 10
23.1841
 20
32.7087
 30
0.0
 10
23.1755
 20
32.6823
 30
0.0
 10
23.1699
 20
32.6559
 30
0.0
 10
23.1642
 20
32.6323
 30
0.0
 10
23.1642
 20
32.6323
 30
0.0
 10
23.0724
 20
32.365
 30
0.0
 10
22.9306
 20
32.1237
 30
0.0
 10
22.7359
 20
31.9054
 30
0.0
 10
22.7359
 20
31.9054
 30
0.0
 10
22.5411
 20
31.69
 30
0.0
 10
22.3021
 20
31.5153
 30
0.0
 10
22.0159
 20
31.3813
 30
0.0
 10
22.0159
 20
31.3813
 30
0.0
 10
21.9605
 20
31.3575
 30
0.0
 10
21.9049
 20
31.3366
 30
0.0
 10
21.8435
 20
31.3156
 30
0.0
 10
21.8435
 20
31.3156
 30
0.0
 10
21.7851
 20
31.2946
 30
0.0
 10
21.7207
 20
31.2736
 30
0.0
 10
21.6564
 20
31.2556
 30
0.0
 10
21.6564
 20
31.2556
 30
0.0
 10
21.6802
 20
31.2002
 30
0.0
 10
21.7041
 20
31.1446
 30
0.0
 10
21.7338
 20
31.0891
 30
0.0
 10
21.7338
 20
31.0891
 30
0.0
 10
21.7606
 20
31.0337
 30
0.0
 10
21.7874
 20
30.9781
 30
0.0
 10
21.8083
 20
30.9256
 30
0.0
 10
21.8083
 20
30.9256
 30
0.0
 10
21.8293
 20
30.8613
 30
0.0
 10
21.8532
 20
30.8
 30
0.0
 10
21.88
 20
30.7444
 30
0.0
 10
21.88
 20
30.7444
 30
0.0
 10
21.9097
 20
30.689
 30
0.0
 10
21.9336
 20
30.6335
 30
0.0
 10
21.9574
 20
30.5809
 30
0.0
 10
21.9574
 20
30.5809
 30
0.0
 10
21.9933
 20
30.4844
 30
0.0
 10
22.0318
 20
30.4203
 30
0.0
 10
22.0703
 20
30.3795
 30
0.0
 10
22.0703
 20
30.3795
 30
0.0
 10
22.1087
 20
30.3388
 30
0.0
 10
22.147
 20
30.3069
 30
0.0
 10
22.1911
 20
30.2837
 30
0.0
 10
22.1911
 20
30.2837
 30
0.0
 10
22.2793
 20
30.2492
 30
0.0
 10
22.3938
 20
30.2296
 30
0.0
 10
22.5374
 20
30.2248
 30
0.0
 10
22.5374
 20
30.2248
 30
0.0
 10
22.681
 20
30.2171
 30
0.0
 10
22.8481
 20
30.2095
 30
0.0
 10
23.0387
 20
30.1992
 30
0.0
 10
23.0387
 20
30.1992
 30
0.0
 10
23.0387
 20
30.1992
 30
0.0
 10
22.9383
 20
28.7186
 30
0.0
 10
22.9383
 20
28.7186
 30
0.0
  0
SPLINE
  5
B5
330
1F
100
AcDbEntity
  8
layer 1
 62
   142
370
     9
100
AcDbSpline
210
0.0
220
0.0
230
1.0
 70
    11
 71
     3
 72
    72
 73
    68
 74
     0
 42
0.000000001
 43
0.0000000001
 40
0.0
 40
0.0
 40
0.0
 40
0.0
 40
0.0555555555555556
 40
0.0555555555555556
 40
0.0555555555555556
 40
0.0555555555555556
 40
0.1111111111111111
 40
0.1111111111111111
 40
0.1111111111111111
 40
0.1111111111111111
 40
0.1666666666666667
 40
0.1666666666666667
 40
0.1666666666666667
 40
0.1666666666666667
 40
0.2222222222222222
 40
0.2222222222222222
 40
0.2222222222222222
 40
0.2222222222222222
 40
0.2777777777777778
 40
0.2777777777777778
 40
0.2777777777777778
 40
0.2777777777777778
 40
0.3333333333333333
 40
0.3333333333333333
 40
0.3333333333333333
 40
0.3333333333333333
 40
0.3888888888888889
 40
0.3888888888888889
 40
0.3888888888888889
 40
0.3888888888888889
 40
0.4444444444444444
 40
0.4444444444444444
 40
0.4444444444444444
 40
0.4444444444444444
 40
0.5
 40
0.5
 40
0.5
 40
0.5
 40
0.5555555555555556
 40
0.5555555555555556
 40
0.5555555555555556
 40
0.5555555555555556
 40
0.6111111111111112
 40
0.6111111111111112
 40
0.6111111111111112
 40
0.6111111111111112
 40
0.6666666666666666
 40
0.6666666666666666
 40
0.6666666666666666
 40
0.6666666666666666
 40
0.7222222222222222
 40
0.7222222222222222
 40
0.7222222222222222
 40
0.7222222222222222
 40
0.7777777777777778
 40
0.7777777777777778
 40
0.7777777777777778
 40
0.7777777777777778
 40
0.8333333333333334
 40
0.8333333333333334
 40
0.8333333333333334
 40
0.8333333333333334
 40
0.8888888888888888
 40
0.8888888888888888
 40
0.8888888888888888
 40
0.8888888888888888
 40
1.0
 40
1.0
 40
1.0
 40
1.0
 10
21.7771
 20
33.1642
 30
0.0
 10
21.8339
 20
33.3932
 30
0.0
 10
21.7798
 20
33.5833
 30
0.0
 10
21.6145
 20
33.7403
 30
0.0
 10
21.6145
 20
33.7403
 30
0.0
 10
21.4492
 20
33.8973
 30
0.0
 10
21.2519
 20
34.0277
 30
0.0
 10
21.0255
 20
34.1344
 30
0.0
 10
21.0255
 20
34.1344
 30
0.0
 10
20.8932
 20
34.1921
 30
0.0
 10
20.7638
 20
34.238
 30
0.0
 10
20.6347
 20
34.2781
 30
0.0
 10
20.6347
 20
34.2781
 30
0.0
 10
20.5055
 20
34.3152
 30
0.0
 10
20.3968
 20
34.3466
 30
0.0
 10
20.3058
 20
34.3694
 30
0.0
 10
20.3058
 20
34.3694
 30
0.0
 10
20.2471
 20
34.3836
 30
0.0
 10
20.1942
 20
34.3979
 30
0.0
 10
20.1442
 20
34.4122
 30
0.0
 10
20.1442
 20
34.4122
 30
0.0
 10
20.0915
 20
34.4234
 30
0.0
 10
20.0386
 20
34.4377
 30
0.0
 10
19.9828
 20
34.452
 30
0.0
 10
19.9828
 20
34.452
 30
0.0
 10
19.9828
 20
34.452
 30
0.0
 10
19.6013
 20
32.9487
 30
0.0
 10
19.6013
 20
32.9487
 30
0.0
 10
19.6013
 20
32.9487
 30
0.0
 10
19.6688
 20
32.9317
 30
0.0
 10
19.7422
 20
32.9147
 30
0.0
 10
19.8156
 20
32.8947
 30
0.0
 10
19.8156
 20
32.8947
 30
0.0
 10
19.889
 20
32.8776
 30
0.0
 10
19.9653
 20
32.8577
 30
0.0
 10
20.0447
 20
32.8378
 30
0.0
 10
20.0447
 20
32.8378
 30
0.0
 10
20.0564
 20
32.835
 30
0.0
 10
20.0711
 20
32.8292
 30
0.0
 10
20.0886
 20
32.8264
 30
0.0
 10
20.0886
 20
32.8264
 30
0.0
 10
20.1033
 20
32.8206
 30
0.0
 10
20.118
 20
32.8178
 30
0.0
 10
20.1298
 20
32.8149
 30
0.0
 10
20.1298
 20
32.8149
 30
0.0
 10
20.1828
 20
32.789
 30
0.0
 10
20.2415
 20
32.7689
 30
0.0
 10
20.3032
 20
32.7518
 30
0.0
 10
20.3032
 20
32.7518
 30
0.0
 10
20.3678
 20
32.7376
 30
0.0
 10
20.4265
 20
32.7233
 30
0.0
 10
20.4822
 20
32.7092
 30
0.0
 10
20.4822
 20
32.7092
 30
0.0
 10
20.5409
 20
32.6949
 30
0.0
 10
20.5996
 20
32.6807
 30
0.0
 10
20.6642
 20
32.6724
 30
0.0
 10
20.6642
 20
32.6724
 30
0.0
 10
20.7288
 20
32.6612
 30
0.0
 10
20.7903
 20
32.6557
 30
0.0
 10
20.849
 20
32.6504
 30
0.0
 10
20.849
 20
32.6504
 30
0.0
 10
21.0541
 20
32.6489
 30
0.0
 10
21.2472
 20
32.6826
 30
0.0
 10
21.4285
 20
32.7513
 30
0.0
 10
21.4285
 20
32.7513
 30
0.0
 10
21.6096
 20
32.823
 30
0.0
 10
21.7258
 20
32.9587
 30
0.0
 10
21.7771
 20
33.1642
 30
0.0
  0
SPLINE
  5
B6
330
1F
100
AcDbEntity
  8
layer 1
 62
   142
370
     9
100
AcDbSpline
210
0.0
220
0.0
230
1.0
 70
    11
 71
     3
 72
    64
 73
    60
 74
     0
 42
0.000000001
 43
0.0000000001
 40
0.0
 40
0.0
 40
0.0
 40
0.0
 40
0.0625
 40
0.0625
 40
0.0625
 40
0.0625
 40
0.125
 40
0.125
 40
0.125
 40
0.125
 40
0.1875
 40
0.1875
 40
0.1875
 40
0.1875
 40
0.25
 40
0.25
 40
0.25
 40
0.25
 40
0.3125
 40
0.3125
 40
0.3125
 40
0.3125
 40
0.375
 40
0.375
 40
0.375
 40
0.375
 40
0.4375
 40
0.4375
 40
0.4375
 40
0.4375
 40
0.5
 40
0.5
 40
0.5
 40
0.5
 40
0.5625
 40
0.5625
 40
0.5625
 40
0.5625
 40
0.625
 40
0.625
 40
0.625
 40
0.625
 40
0.6875
 40
0.6875
 40
0.6875
 40
0.6875
 40
0.75
 40
0.75
 40
0.75
 40
0.75
 40
0.8125
 40
0.8125
 40
0.8125
 40
0.8125
 40
0.875
 40
0.875
 40
0.875
 40
0.875
 40
1.0
 40
1.0
 40
1.0
 40
1.0
 10
21.5003
 20
33.3262
 30
0.0
 10
21.5092
 20
33.3116
 30
0.0
 10
21.5094
 20
33.297
 30
0.0
 10
21.5066
 20
33.2795
 30
0.0
 10
21.5066
 20
33.2795
 30
0.0
 10
21.5008
 20
33.2618
 30
0.0
 10
21.4981
 20
33.2413
 30
0.0
 10
21.4924
 20
33.2177
 30
0.0
 10
21.4924
 20
33.2177
 30
0.0
 10
21.4696
 20
33.1296
 30
0.0
 10
21.4115
 20
33.0648
 30
0.0
 10
21.3238
 20
33.026
 30
0.0
 10
21.3238
 20
33.026
 30
0.0
 10
21.2362
 20
32.9873
 30
0.0
 10
21.1485
 20
32.9603
 30
0.0
 10
21.0607
 20
32.9479
 30
0.0
 10
21.0607
 20
32.9479
 30
0.0
 10
21.0226
 20
32.9446
 30
0.0
 10
20.9874
 20
32.9444
 30
0.0
 10
20.9523
 20
32.947
 30
0.0
 10
20.9523
 20
32.947
 30
0.0
 10
20.917
 20
32.9498
 30
0.0
 10
20.8848
 20
32.9495
 30
0.0
 10
20.8585
 20
32.9434
 30
0.0
 10
20.8585
 20
32.9434
 30
0.0
 10
20.7149
 20
32.9453
 30
0.0
 10
20.577
 20
32.9648
 30
0.0
 10
20.4478
 20
33.0019
 30
0.0
 10
20.4478
 20
33.0019
 30
0.0
 10
20.3186
 20
33.042
 30
0.0
 10
20.1952
 20
33.0821
 30
0.0
 10
20.0718
 20
33.1251
 30
0.0
 10
20.0718
 20
33.1251
 30
0.0
 10
20.0483
 20
33.1308
 30
0.0
 10
20.0277
 20
33.1366
 30
0.0
 10
20.0043
 20
33.1422
 30
0.0
 10
20.0043
 20
33.1422
 30
0.0
 10
19.9808
 20
33.1479
 30
0.0
 10
19.9574
 20
33.1536
 30
0.0
 10
19.9367
 20
33.1593
 30
0.0
 10
19.9367
 20
33.1593
 30
0.0
 10
19.9367
 20
33.1593
 30
0.0
 10
20.1758
 20
34.1134
 30
0.0
 10
20.1758
 20
34.1134
 30
0.0
 10
20.1758
 20
34.1134
 30
0.0
 10
20.2227
 20
34.1021
 30
0.0
 10
20.3109
 20
34.0763
 30
0.0
 10
20.446
 20
34.0364
 30
0.0
 10
20.446
 20
34.0364
 30
0.0
 10
20.5811
 20
33.9963
 30
0.0
 10
20.725
 20
33.9447
 30
0.0
 10
20.8779
 20
33.8813
 30
0.0
 10
20.8779
 20
33.8813
 30
0.0
 10
21.0308
 20
33.8063
 30
0.0
 10
21.1692
 20
33.7223
 30
0.0
 10
21.2959
 20
33.6295
 30
0.0
 10
21.2959
 20
33.6295
 30
0.0
 10
21.4226
 20
33.5367
 30
0.0
 10
21.4907
 20
33.4375
 30
0.0
 10
21.5003
 20
33.3262
 30
0.0
  0
SPLINE
  5
B7
330
1F
100
AcDbEntity
  8
layer 1
 62
   142
370
     9
100
AcDbSpline
210
0.0
220
0.0
230
1.0
 70
    11
 71
     3
 72
    56
 73
    52
 74
     0
 42
0.000000001
 43
0.0000000001
 40
0.0
 40
0.0
 40
0.0
 40
0.0
 40
0.0714285714285714
 40
0.0714285714285714
 40
0.0714285714285714
 40
0.0714285714285714
 40
0.1428571428571428
 40
0.1428571428571428
 40
0.1428571428571428
 40
0.1428571428571428
 40
0.2142857142857143
 40
0.2142857142857143
 40
0.2142857142857143
 40
0.2142857142857143
 40
0.2857142857142857
 40
0.2857142857142857
 40
0.2857142857142857
 40
0.2857142857142857
 40
0.3571428571428572
 40
0.3571428571428572
 40
0.3571428571428572
 40
0.3571428571428572
 40
0.4285714285714285
 40
0.4285714285714285
 40
0.4285714285714285
 40
0.4285714285714285
 40
0.5
 40
0.5
 40
0.5
 40
0.5
 40
0.5714285714285714
 40
0.5714285714285714
 40
0.5714285714285714
 40
0.5714285714285714
 40
0.6428571428571429
 40
0.6428571428571429
 40
0.6428571428571429
 40
0.6428571428571429
 40
0.7142857142857143
 40
0.7142857142857143
 40
0.7142857142857143
 40
0.7142857142857143
 40
0.7857142857142857
 40
0.7857142857142857
 40
0.7857142857142857
 40
0.7857142857142857
 40
0.8571428571428571
 40
0.8571428571428571
 40
0.8571428571428571
 40
0.8571428571428571
 40
1.0
 40
1.0
 40
1.0
 40
1.0
 10
21.2993
 20
33.1753
 30
0.0
 10
21.3284
 20
33.1931
 30
0.0
 10
21.3429
 20
33.2108
 30
0.0
 10
21.3487
 20
33.2284
 30
0.0
 10
21.3487
 20
33.2284
 30
0.0
 10
21.3515
 20
33.246
 30
0.0
 10
21.3573
 20
33.2578
 30
0.0
 10
21.3601
 20
33.2695
 30
0.0
 10
21.3601
 20
33.2695
 30
0.0
 10
21.38
 20
33.3488
 30
0.0
 10
21.3326
 20
33.4305
 30
0.0
 10
21.2205
 20
33.5147
 30
0.0
 10
21.2205
 20
33.5147
 30
0.0
 10
21.1086
 20
33.5959
 30
0.0
 10
20.9821
 20
33.6681
 30
0.0
 10
20.841
 20
33.7287
 30
0.0
 10
20.841
 20
33.7287
 30
0.0
 10
20.7115
 20
33.7951
 30
0.0
 10
20.591
 20
33.847
 30
0.0
 10
20.4735
 20
33.8842
 30
0.0
 10
20.4735
 20
33.8842
 30
0.0
 10
20.353
 20
33.9185
 30
0.0
 10
20.2885
 20
33.9385
 30
0.0
 10
20.2796
 20
33.9414
 30
0.0
 10
20.2796
 20
33.9414
 30
0.0
 10
20.2796
 20
33.9414
 30
0.0
 10
20.1059
 20
33.2602
 30
0.0
 10
20.1059
 20
33.2602
 30
0.0
 10
20.1059
 20
33.2602
 30
0.0
 10
20.1295
 20
33.2545
 30
0.0
 10
20.15
 20
33.2488
 30
0.0
 10
20.1646
 20
33.2459
 30
0.0
 10
20.1646
 20
33.2459
 30
0.0
 10
20.1823
 20
33.2402
 30
0.0
 10
20.2028
 20
33.2346
 30
0.0
 10
20.2263
 20
33.2289
 30
0.0
 10
20.2263
 20
33.2289
 30
0.0
 10
20.291
 20
33.203
 30
0.0
 10
20.3586
 20
33.18
 30
0.0
 10
20.4261
 20
33.163
 30
0.0
 10
20.4261
 20
33.163
 30
0.0
 10
20.4936
 20
33.1429
 30
0.0
 10
20.5612
 20
33.1259
 30
0.0
 10
20.6317
 20
33.1088
 30
0.0
 10
20.6317
 20
33.1088
 30
0.0
 10
20.755
 20
33.0775
 30
0.0
 10
20.8752
 20
33.0667
 30
0.0
 10
20.9924
 20
33.0734
 30
0.0
 10
20.9924
 20
33.0734
 30
0.0
 10
21.1095
 20
33.0801
 30
0.0
 10
21.2118
 20
33.1131
 30
0.0
 10
21.2993
 20
33.1753
 30
0.0
  0
SPLINE
  5
B8
330
1F
100
AcDbEntity
  8
layer 1
 62
   142
370
     9
100
AcDbSpline
210
0.0
220
0.0
230
1.0
 70
    11
 71
     3
 72
    36
 73
    32
 74
     0
 42
0.000000001
 43
0.0000000001
 40
0.0
 40
0.0
 40
0.0
 40
0.0
 40
0.1111111111111111
 40
0.1111111111111111
 40
0.1111111111111111
 40
0.1111111111111111
 40
0.2222222222222222
 40
0.2222222222222222
 40
0.2222222222222222
 40
0.2222222222222222
 40
0.3333333333333333
 40
0.3333333333333333
 40
0.3333333333333333
 40
0.3333333333333333
 40
0.4444444444444444
 40
0.4444444444444444
 40
0.4444444444444444
 40
0.4444444444444444
 40
0.5555555555555556
 40
0.5555555555555556
 40
0.5555555555555556
 40
0.5555555555555556
 40
0.6666666666666666
 40
0.6666666666666666
 40
0.6666666666666666
 40
0.6666666666666666
 40
0.7777777777777778
 40
0.7777777777777778
 40
0.7777777777777778
 40
0.7777777777777778
 40
1.0
 40
1.0
 40
1.0
 40
1.0
 10
30.6798
 20
31.1142
 30
0.0
 10
30.6798
 20
31.1142
 30
0.0
 10
28.3957
 20
31.6891
 30
0.0
 10
28.3957
 20
31.6891
 30
0.0
 10
28.3957
 20
31.6891
 30
0.0
 10
28.3957
 20
31.6891
 30
0.0
 10
27.24
 20
27.1121
 30
0.0
 10
27.24
 20
27.1121
 30
0.0
 10
27.24
 20
27.1121
 30
0.0
 10
27.24
 20
27.1121
 30
0.0
 10
24.9734
 20
27.6842
 30
0.0
 10
24.9734
 20
27.6842
 30
0.0
 10
24.9734
 20
27.6842
 30
0.0
 10
24.9734
 20
27.6842
 30
0.0
 10
26.1291
 20
32.2614
 30
0.0
 10
26.1291
 20
32.2614
 30
0.0
 10
26.1291
 20
32.2614
 30
0.0
 10
26.1291
 20
32.2614
 30
0.0
 10
23.8478
 20
32.8392
 30
0.0
 10
23.8478
 20
32.8392
 30
0.0
 10
23.8478
 20
32.8392
 30
0.0
 10
23.8478
 20
32.8392
 30
0.0
 10
24.4171
 20
35.097
 30
0.0
 10
24.4171
 20
35.097
 30
0.0
 10
24.4171
 20
35.097
 30
0.0
 10
24.4171
 20
35.097
 30
0.0
 10
31.2491
 20
33.372
 30
0.0
 10
31.2491
 20
33.372
 30
0.0
 10
31.2491
 20
33.372
 30
0.0
 10
31.2491
 20
33.372
 30
0.0
 10
30.6798
 20
31.1142
 30
0.0
 10
30.6798
 20
31.1142
 30
0.0
  0
SPLINE
  5
B9
330
1F
100
AcDbEntity
  8
layer 1
 62
   142
370
     9
100
AcDbSpline
210
0.0
220
0.0
230
1.0
 70
    11
 71
     3
 72
    36
 73
    32
 74
     0
 42
0.000000001
 43
0.0000000001
 40
0.0
 40
0.0
 40
0.0
 40
0.0
 40
0.1111111111111111
 40
0.1111111111111111
 40
0.1111111111111111
 40
0.1111111111111111
 40
0.2222222222222222
 40
0.2222222222222222
 40
0.2222222222222222
 40
0.2222222222222222
 40
0.3333333333333333
 40
0.3333333333333333
 40
0.3333333333333333
 40
0.3333333333333333
 40
0.4444444444444444
 40
0.4444444444444444
 40
0.4444444444444444
 40
0.4444444444444444
 40
0.5555555555555556
 40
0.5555555555555556
 40
0.5555555555555556
 40
0.5555555555555556
 40
0.6666666666666666
 40
0.6666666666666666
 40
0.6666666666666666
 40
0.6666666666666666
 40
0.7777777777777778
 40
0.7777777777777778
 40
0.7777777777777778
 40
0.7777777777777778
 40
1.0
 40
1.0
 40
1.0
 40
1.0
 10
30.576
 20
31.2835
 30
0.0
 10
30.576
 20
31.2835
 30
0.0
 10
31.077
 20
33.2711
 30
0.0
 10
31.077
 20
33.2711
 30
0.0
 10
31.077
 20
33.2711
 30
0.0
 10
31.077
 20
33.2711
 30
0.0
 10
24.521
 20
34.9278
 30
0.0
 10
24.521
 20
34.9278
 30
0.0
 10
24.521
 20
34.9278
 30
0.0
 10
24.521
 20
34.9278
 30
0.0
 10
24.0171
 20
32.9401
 30
0.0
 10
24.0171
 20
32.9401
 30
0.0
 10
24.0171
 20
32.9401
 30
0.0
 10
24.0171
 20
32.9401
 30
0.0
 10
26.3012
 20
32.3652
 30
0.0
 10
26.3012
 20
32.3652
 30
0.0
 10
26.3012
 20
32.3652
 30
0.0
 10
26.3012
 20
32.3652
 30
0.0
 10
25.1456
 20
27.788
 30
0.0
 10
25.1456
 20
27.788
 30
0.0
 10
25.1456
 20
27.788
 30
0.0
 10
25.1456
 20
27.788
 30
0.0
 10
27.139
 20
27.2842
 30
0.0
 10
27.139
 20
27.2842
 30
0.0
 10
27.139
 20
27.2842
 30
0.0
 10
27.139
 20
27.2842
 30
0.0
 10
28.2947
 20
31.8613
 30
0.0
 10
28.2947
 20
31.8613
 30
0.0
 10
28.2947
 20
31.8613
 30
0.0
 10
28.2947
 20
31.8613
 30
0.0
 10
30.576
 20
31.2835
 30
0.0
 10
30.576
 20
31.2835
 30
0.0
  0
SPLINE
  5
BA
330
1F
100
AcDbEntity
  8
layer 1
 62
   142
370
     9
100
AcDbSpline
210
0.0
220
0.0
230
1.0
 70
    11
 71
     3
 72
    36
 73
    32
 74
     0
 42
0.000000001
 43
0.0000000001
 40
0.0
 40
0.0
 40
0.0
 40
0.0
 40
0.1111111111111111
 40
0.1111111111111111
 40
0.1111111111111111
 40
0.1111111111111111
 40
0.2222222222222222
 40
0.2222222222222222
 40
0.2222222222222222
 40
0.2222222222222222
 40
0.3333333333333333
 40
0.3333333333333333
 40
0.3333333333333333
 40
0.3333333333333333
 40
0.4444444444444444
 40
0.4444444444444444
 40
0.4444444444444444
 40
0.4444444444444444
 40
0.5555555555555556
 40
0.5555555555555556
 40
0.5555555555555556
 40
0.5555555555555556
 40
0.6666666666666666
 40
0.6666666666666666
 40
0.6666666666666666
 40
0.6666666666666666
 40
0.7777777777777778
 40
0.7777777777777778
 40
0.7777777777777778
 40
0.7777777777777778
 40
1.0
 40
1.0
 40
1.0
 40
1.0
 10
30.3771
 20
31.6248
 30
0.0
 10
30.3771
 20
31.6248
 30
0.0
 10
28.0959
 20
32.1998
 30
0.0
 10
28.0959
 20
32.1998
 30
0.0
 10
28.0959
 20
32.1998
 30
0.0
 10
28.0959
 20
32.1998
 30
0.0
 10
26.9401
 20
27.6255
 30
0.0
 10
26.9401
 20
27.6255
 30
0.0
 10
26.9401
 20
27.6255
 30
0.0
 10
26.9401
 20
27.6255
 30
0.0
 10
25.4927
 20
27.9899
 30
0.0
 10
25.4927
 20
27.9899
 30
0.0
 10
25.4927
 20
27.9899
 30
0.0
 10
25.4927
 20
27.9899
 30
0.0
 10
26.6484
 20
32.567
 30
0.0
 10
26.6484
 20
32.567
 30
0.0
 10
26.6484
 20
32.567
 30
0.0
 10
26.6484
 20
32.567
 30
0.0
 10
24.3643
 20
33.142
 30
0.0
 10
24.3643
 20
33.142
 30
0.0
 10
24.3643
 20
33.142
 30
0.0
 10
24.3643
 20
33.142
 30
0.0
 10
24.7287
 20
34.5836
 30
0.0
 10
24.7287
 20
34.5836
 30
0.0
 10
24.7287
 20
34.5836
 30
0.0
 10
24.7287
 20
34.5836
 30
0.0
 10
30.7415
 20
33.0664
 30
0.0
 10
30.7415
 20
33.0664
 30
0.0
 10
30.7415
 20
33.0664
 30
0.0
 10
30.7415
 20
33.0664
 30
0.0
 10
30.3771
 20
31.6248
 30
0.0
 10
30.3771
 20
31.6248
 30
0.0
  0
ENDSEC
  0
SECTION
  2
OBJECTS
  0
DICTIONARY
  5
C
330
0
100
AcDbDictionary
281
     1
  3
ACAD_DETAILVIEWSTYLE
350
F6
  3
ACAD_GROUP
350
D
  3
ACAD_LAYOUT
350
1A
  3
ACAD_MATERIAL
350
43
  3
ACAD_MLEADERSTYLE
350
6B
  3
ACAD_MLINESTYLE
350
17
  3
ACAD_PLOTSETTINGS
350
19
  3
ACAD_PLOTSTYLENAME
350
E
  3
ACAD_SCALELIST
350
47
  3
ACAD_SECTIONVIEWSTYLE
350
F7
  3
ACAD_TABLESTYLE
350
69
  3
ACAD_VISUALSTYLE
350
2A
  3
ACDB_RECOMPOSE_DATA
350
F3
  3
AcDbVariableDictionary
350
BB
  0
SUN
  5
6D
330
29
100
AcDbSun
 90
        1
290
     0
 63
     7
421
 16777215
 40
1.0
291
     1
 91
  2455826
 92
 54000000
292
     0
 70
     2
 71
   256
280
     1
  0
DICTIONARY
  5
F6
102
{ACAD_REACTORS
330
C
102
}
330
C
100
AcDbDictionary
281
     1
  0
DICTIONARY
  5
D
102
{ACAD_REACTORS
330
C
102
}
330
C
100
AcDbDictionary
281
     1
  0
DICTIONARY
  5
1A
102
{ACAD_REACTORS
330
C
102
}
330
C
100
AcDbDictionary
281
     1
  3
Layout1
350
1E
  3
Layout2
350
26
  3
Model
350
22
  0
DICTIONARY
  5
43
102
{ACAD_REACTORS
330
C
102
}
330
C
100
AcDbDictionary
281
     1
  3
ByBlock
350
45
  3
ByLayer
350
44
  3
Global
350
46
  0
DICTIONARY
  5
6B
102
{ACAD_REACTORS
330
C
102
}
330
C
100
AcDbDictionary
281
     1
  3
Standard
350
6C
  0
DICTIONARY
  5
17
102
{ACAD_REACTORS
330
C
102
}
330
C
100
AcDbDictionary
281
     1
  3
Standard
350
18
  0
DICTIONARY
  5
19
102
{ACAD_REACTORS
330
C
102
}
330
C
100
AcDbDictionary
281
     1
  0
ACDBDICTIONARYWDFLT
  5
E
102
{ACAD_REACTORS
330
C
102
}
330
C
100
AcDbDictionary
281
     1
  3
Normal
350
F
100
AcDbDictionaryWithDefault
340
F
  0
DICTIONARY
  5
47
102
{ACAD_REACTORS
330
C
102
}
330
C
100
AcDbDictionary
281
     1
  3
A0
350
48
  3
A1
350
49
  3
A2
350
4A
  3
A3
350
4B
  3
A4
350
4C
  3
A5
350
4D
  3
A6
350
4E
  3
A7
350
4F
  3
A8
350
50
  3
A9
350
51
  3
B0
350
52
  3
B1
350
53
  3
B2
350
54
  3
B3
350
55
  3
B4
350
56
  3
B5
350
57
  3
B6
350
58
  3
B7
350
59
  3
B8
350
5A
  3
B9
350
5B
  3
C0
350
5C
  3
C1
350
5D
  3
C2
350
5E
  3
C3
350
5F
  3
C4
350
60
  3
C5
350
61
  3
C6
350
62
  3
C7
350
63
  3
C8
350
64
  3
C9
350
65
  3
D0
350
66
  3
D1
350
67
  3
D2
350
68
  0
DICTIONARY
  5
F7
102
{ACAD_REACTORS
330
C
102
}
330
C
100
AcDbDictionary
281
     1
  0
DICTIONARY
  5
69
102
{ACAD_REACTORS
330
C
102
}
330
C
100
AcDbDictionary
281
     1
  3
Standard
350
6A
  0
DICTIONARY
  5
2A
102
{ACAD_REACTORS
330
C
102
}
330
C
100
AcDbDictionary
281
     1
  3
2dWireframe
350
2F
  3
Basic
350
32
  3
Brighten
350
36
  3
ColorChange
350
3A
  3
Conceptual
350
34
  3
Dim
350
35
  3
EdgeColorOff
350
3D
  3
Facepattern
350
39
  3
Flat
350
2B
  3
FlatWithEdges
350
2C
  3
Gouraud
350
2D
  3
GouraudWithEdges
350
2E
  3
Hidden
350
31
  3
JitterOff
350
3B
  3
Linepattern
350
38
  3
OverhangOff
350
3C
  3
Realistic
350
33
  3
Shaded
350
42
  3
Shaded with edges
350
41
  3
Shades of Gray
350
3E
  3
Sketchy
350
3F
  3
Thicken
350
37
  3
Wireframe
350
30
  3
X-Ray
350
40
  0
XRECORD
  5
F3
102
{ACAD_REACTORS
330
C
102
}
330
C
100
AcDbXrecord
280
     1
 90
        1
330
6A
  0
DICTIONARY
  5
BB
102
{ACAD_REACTORS
330
C
102
}
330
C
100
AcDbDictionary
281
     1
  3
CANNOSCALE
350
BC
  3
CMLEADERSTYLE
350
F5
  3
CTABLESTYLE
350
F4
  3
XCLIPFRAME
350
BD
  0
LAYOUT
  5
1E
102
{ACAD_REACTORS
330
1A
102
}
330
1A
100
AcDbPlotSettings
  1

  2
none_device
  4

  6

 40
0.0
 41
0.0
 42
0.0
 43
0.0
 44
0.0
 45
0.0
 46
0.0
 47
0.0
 48
0.0
 49
0.0
140
0.0
141
0.0
142
1.0
143
1.0
 70
   688
 72
     0
 73
     0
 74
     5
  7

 75
    16
 76
     0
 77
     2
 78
   300
147
1.0
148
0.0
149
0.0
100
AcDbLayout
  1
Layout1
 70
     1
 71
     1
 10
0.0
 20
0.0
 11
12.0
 21
9.0
 12
0.0
 22
0.0
 32
0.0
 14
1.000000000000000E+20
 24
1.000000000000000E+20
 34
1.000000000000000E+20
 15
-1.000000000000000E+20
 25
-1.000000000000000E+20
 35
-1.000000000000000E+20
146
0.0
 13
0.0
 23
0.0
 33
0.0
 16
1.0
 26
0.0
 36
0.0
 17
0.0
 27
1.0
 37
0.0
 76
     0
330
1B
  0
LAYOUT
  5
26
102
{ACAD_REACTORS
330
1A
102
}
330
1A
100
AcDbPlotSettings
  1

  2
none_device
  4

  6

 40
0.0
 41
0.0
 42
0.0
 43
0.0
 44
0.0
 45
0.0
 46
0.0
 47
0.0
 48
0.0
 49
0.0
140
0.0
141
0.0
142
1.0
143
1.0
 70
   688
 72
     0
 73
     0
 74
     5
  7

 75
    16
 76
     0
 77
     2
 78
   300
147
1.0
148
0.0
149
0.0
100
AcDbLayout
  1
Layout2
 70
     1
 71
     2
 10
0.0
 20
0.0
 11
0.0
 21
0.0
 12
0.0
 22
0.0
 32
0.0
 14
0.0
 24
0.0
 34
0.0
 15
0.0
 25
0.0
 35
0.0
146
0.0
 13
0.0
 23
0.0
 33
0.0
 16
1.0
 26
0.0
 36
0.0
 17
0.0
 27
1.0
 37
0.0
 76
     0
330
23
  0
LAYOUT
  5
22
102
{ACAD_REACTORS
330
1A
102
}
330
1A
100
AcDbPlotSettings
  1

  2
none_device
  4
Letter_(8.50_x_11.00_Inches)
  6

 40
6.35
 41
6.35
 42
6.35000508
 43
6.35000508
 44
215.9
 45
279.4
 46
0.0
 47
0.0
 48
0.0
 49
0.0
140
0.0
141
0.0
142
1.0
143
1.0
 70
  1712
 72
     0
 73
     0
 74
     0
  7

 75
     0
 76
     0
 77
     2
 78
   300
147
1.0
148
0.0
149
0.0
100
AcDbLayout
  1
Model
 70
     1
 71
     0
 10
0.0
 20
0.0
 11
12.0
 21
9.0
 12
0.0
 22
0.0
 32
0.0
 14
-35.3528
 24
-40.5427
 34
0.0
 15
35.3528
 25
40.1629
 35
0.0
146
0.0
 13
0.0
 23
0.0
 33
0.0
 16
1.0
 26
0.0
 36
0.0
 17
0.0
 27
1.0
 37
0.0
 76
     0
330
1F
331
29
  0
MATERIAL
  5
45
102
{ACAD_REACTORS
330
43
102
}
330
43
100
AcDbMaterial
  1
ByBlock
 72
     1
 94
      127
  0
MATERIAL
  5
44
102
{ACAD_REACTORS
330
43
102
}
330
43
100
AcDbMaterial
  1
ByLayer
 72
     1
 94
      127
  0
MATERIAL
  5
46
102
{ACAD_REACTORS
330
43
102
}
330
43
100
AcDbMaterial
  1
Global
 72
     1
 94
      127
  0
MLEADERSTYLE
  5
6C
102
{ACAD_REACTORS
330
6B
102
}
102
{ACAD_XDICTIONARY
360
F1
102
}
330
6B
100
AcDbMLeaderStyle
170
     2
171
     1
172
     0
 90
        2
 40
0.0
 41
0.0
173
     1
 91
-1056964608
340
14
 92
       -2
290
     1
 42
0.09
291
     1
 43
0.36
  3
Standard
341
0
 44
0.18
300

342
11
174
     1
178
     6
175
     1
176
     0
 93
-1056964608
 45
0.18
292
     0
297
     0
 46
0.18
343
0
 94
-1056964608
 47
1.0
 49
1.0
140
1.0
293
     1
141
0.0
294
     1
177
     0
142
1.0
295
     0
296
     0
143
0.125
1001
ACAD_MLEADERVER
1070
     2
  0
MLINESTYLE
  5
18
102
{ACAD_REACTORS
330
17
102
}
330
17
100
AcDbMlineStyle
  2
Standard
 70
     0
  3

 62
   256
 51
90.0
 52
90.0
 71
     2
 49
0.5
 62
   256
  6
BYLAYER
 49
-0.5
 62
   256
  6
BYLAYER
  0
ACDBPLACEHOLDER
  5
F
102
{ACAD_REACTORS
330
E
102
}
330
E
  0
SCALE
  5
48
102
{ACAD_REACTORS
330
47
102
}
330
47
100
AcDbScale
 70
     0
300
1:1
140
1.0
141
1.0
290
     1
  0
SCALE
  5
49
102
{ACAD_REACTORS
330
47
102
}
330
47
100
AcDbScale
 70
     0
300
1:2
140
1.0
141
2.0
290
     0
  0
SCALE
  5
4A
102
{ACAD_REACTORS
330
47
102
}
330
47
100
AcDbScale
 70
     0
300
1:4
140
1.0
141
4.0
290
     0
  0
SCALE
  5
4B
102
{ACAD_REACTORS
330
47
102
}
330
47
100
AcDbScale
 70
     0
300
1:5
140
1.0
141
5.0
290
     0
  0
SCALE
  5
4C
102
{ACAD_REACTORS
330
47
102
}
330
47
100
AcDbScale
 70
     0
300
1:8
140
1.0
141
8.0
290
     0
  0
SCALE
  5
4D
102
{ACAD_REACTORS
330
47
102
}
330
47
100
AcDbScale
 70
     0
300
1:10
140
1.0
141
10.0
290
     0
  0
SCALE
  5
4E
102
{ACAD_REACTORS
330
47
102
}
330
47
100
AcDbScale
 70
     0
300
1:16
140
1.0
141
16.0
290
     0
  0
SCALE
  5
4F
102
{ACAD_REACTORS
330
47
102
}
330
47
100
AcDbScale
 70
     0
300
1:20
140
1.0
141
20.0
290
     0
  0
SCALE
  5
50
102
{ACAD_REACTORS
330
47
102
}
330
47
100
AcDbScale
 70
     0
300
1:30
140
1.0
141
30.0
290
     0
  0
SCALE
  5
51
102
{ACAD_REACTORS
330
47
102
}
330
47
100
AcDbScale
 70
     0
300
1:40
140
1.0
141
40.0
290
     0
  0
SCALE
  5
52
102
{ACAD_REACTORS
330
47
102
}
330
47
100
AcDbScale
 70
     0
300
1:50
140
1.0
141
50.0
290
     0
  0
SCALE
  5
53
102
{ACAD_REACTORS
330
47
102
}
330
47
100
AcDbScale
 70
     0
300
1:100
140
1.0
141
100.0
290
     0
  0
SCALE
  5
54
102
{ACAD_REACTORS
330
47
102
}
330
47
100
AcDbScale
 70
     0
300
2:1
140
2.0
141
1.0
290
     0
  0
SCALE
  5
55
102
{ACAD_REACTORS
330
47
102
}
330
47
100
AcDbScale
 70
     0
300
4:1
140
4.0
141
1.0
290
     0
  0
SCALE
  5
56
102
{ACAD_REACTORS
330
47
102
}
330
47
100
AcDbScale
 70
     0
300
8:1
140
8.0
141
1.0
290
     0
  0
SCALE
  5
57
102
{ACAD_REACTORS
330
47
102
}
330
47
100
AcDbScale
 70
     0
300
10:1
140
10.0
141
1.0
290
     0
  0
SCALE
  5
58
102
{ACAD_REACTORS
330
47
102
}
330
47
100
AcDbScale
 70
     0
300
100:1
140
100.0
141
1.0
290
     0
  0
SCALE
  5
59
102
{ACAD_REACTORS
330
47
102
}
330
47
100
AcDbScale
 70
     0
300
1/128" = 1'-0"
140
0.0078125
141
12.0
290
     0
  0
SCALE
  5
5A
102
{ACAD_REACTORS
330
47
102
}
330
47
100
AcDbScale
 70
     0
300
1/64" = 1'-0"
140
0.015625
141
12.0
290
     0
  0
SCALE
  5
5B
102
{ACAD_REACTORS
330
47
102
}
330
47
100
AcDbScale
 70
     0
300
1/32" = 1'-0"
140
0.03125
141
12.0
290
     0
  0
SCALE
  5
5C
102
{ACAD_REACTORS
330
47
102
}
330
47
100
AcDbScale
 70
     0
300
1/16" = 1'-0"
140
0.0625
141
12.0
290
     0
  0
SCALE
  5
5D
102
{ACAD_REACTORS
330
47
102
}
330
47
100
AcDbScale
 70
     0
300
3/32" = 1'-0"
140
0.09375
141
12.0
290
     0
  0
SCALE
  5
5E
102
{ACAD_REACTORS
330
47
102
}
330
47
100
AcDbScale
 70
     0
300
1/8" = 1'-0"
140
0.125
141
12.0
290
     0
  0
SCALE
  5
5F
102
{ACAD_REACTORS
330
47
102
}
330
47
100
AcDbScale
 70
     0
300
3/16" = 1'-0"
140
0.1875
141
12.0
290
     0
  0
SCALE
  5
60
102
{ACAD_REACTORS
330
47
102
}
330
47
100
AcDbScale
 70
     0
300
1/4" = 1'-0"
140
0.25
141
12.0
290
     0
  0
SCALE
  5
61
102
{ACAD_REACTORS
330
47
102
}
330
47
100
AcDbScale
 70
     0
300
3/8" = 1'-0"
140
0.375
141
12.0
290
     0
  0
SCALE
  5
62
102
{ACAD_REACTORS
330
47
102
}
330
47
100
AcDbScale
 70
     0
300
1/2" = 1'-0"
140
0.5
141
12.0
290
     0
  0
SCALE
  5
63
102
{ACAD_REACTORS
330
47
102
}
330
47
100
AcDbScale
 70
     0
300
3/4" = 1'-0"
140
0.75
141
12.0
290
     0
  0
SCALE
  5
64
102
{ACAD_REACTORS
330
47
102
}
330
47
100
AcDbScale
 70
     0
300
1" = 1'-0"
140
1.0
141
12.0
290
     0
  0
SCALE
  5
65
102
{ACAD_REACTORS
330
47
102
}
330
47
100
AcDbScale
 70
     0
300
1-1/2" = 1'-0"
140
1.5
141
12.0
290
     0
  0
SCALE
  5
66
102
{ACAD_REACTORS
330
47
102
}
330
47
100
AcDbScale
 70
     0
300
3" = 1'-0"
140
3.0
141
12.0
290
     0
  0
SCALE
  5
67
102
{ACAD_REACTORS
330
47
102
}
330
47
100
AcDbScale
 70
     0
300
6" = 1'-0"
140
6.0
141
12.0
290
     0
  0
SCALE
  5
68
102
{ACAD_REACTORS
330
47
102
}
330
47
100
AcDbScale
 70
     0
300
1'-0" = 1'-0"
140
12.0
141
12.0
290
     0
  0
TABLESTYLE
  5
6A
102
{ACAD_REACTORS
330
69
102
}
102
{ACAD_XDICTIONARY
360
EE
102
}
330
69
100
AcDbTableStyle
  3
Standard
 70
     0
 71
     0
 40
0.06
 41
0.06
280
     0
281
     0
  7
Standard
140
0.18
170
     2
 62
     0
 63
   257
283
     0
 90
        4
 91
        0
  1

274
    -2
284
     1
 64
     0
275
    -2
285
     1
 65
     0
276
    -2
286
     1
 66
     0
277
    -2
287
     1
 67
     0
278
    -2
288
     1
 68
     0
279
    -2
289
     1
 69
     0
  7
Standard
140
0.25
170
     5
 62
     0
 63
   257
283
     0
 90
        4
 91
        0
  1

274
    -2
284
     1
 64
     0
275
    -2
285
     1
 65
     0
276
    -2
286
     1
 66
     0
277
    -2
287
     1
 67
     0
278
    -2
288
     1
 68
     0
279
    -2
289
     1
 69
     0
  7
Standard
140
0.18
170
     5
 62
     0
 63
   257
283
     0
 90
        4
 91
        0
  1

274
    -2
284
     1
 64
     0
275
    -2
285
     1
 65
     0
276
    -2
286
     1
 66
     0
277
    -2
287
     1
 67
     0
278
    -2
288
     1
 68
     0
279
    -2
289
     1
 69
     0
  0
VISUALSTYLE
  5
2F
102
{ACAD_REACTORS
330
2A
102
}
102
{ACAD_XDICTIONARY
360
C6
102
}
330
2A
100
AcDbVisualStyle
  2
2dWireframe
 70
     4
 71
     0
 72
     2
 73
     0
 90
        0
 40
0.6
 41
30.0
 62
     5
 63
     7
421
 16777215
 74
     1
 91
        4
 64
     7
 65
   257
 75
     1
175
     1
 42
1.0
 92
        0
 66
   257
 43
1.0
 76
     1
 77
     6
 78
     2
 67
     7
 79
     5
170
     0
171
     0
290
     0
174
     0
 93
        1
 44
0.0
173
     0
291
     0
 45
0.0
  0
VISUALSTYLE
  5
32
102
{ACAD_REACTORS
330
2A
102
}
102
{ACAD_XDICTIONARY
360
CC
102
}
330
2A
100
AcDbVisualStyle
  2
Basic
 70
     7
 71
     1
 72
     0
 73
     1
 90
        0
 40
0.6
 41
30.0
 62
     5
 63
     7
421
 16777215
 74
     0
 91
        4
 64
     7
 65
   257
 75
     1
175
     1
 42
1.0
 92
        8
 66
     7
 43
1.0
 76
     1
 77
     6
 78
     2
 67
     7
 79
     5
170
     0
171
     0
290
     0
174
     0
 93
        1
 44
0.0
173
     0
291
     1
 45
0.0
  0
VISUALSTYLE
  5
36
102
{ACAD_REACTORS
330
2A
102
}
102
{ACAD_XDICTIONARY
360
D4
102
}
330
2A
100
AcDbVisualStyle
  2
Brighten
 70
    12
 71
     2
 72
     2
 73
     0
 90
        0
 40
0.6
 41
30.0
 62
     5
 63
     7
421
 16777215
 74
     1
 91
        4
 64
     7
 65
   257
 75
     1
175
     1
 42
1.0
 92
        8
 66
     7
 43
1.0
 76
     1
 77
     6
 78
     2
 67
     7
 79
     5
170
     0
171
     0
290
     0
174
     0
 93
        1
 44
50.0
173
     0
291
     1
 45
0.0
  0
VISUALSTYLE
  5
3A
102
{ACAD_REACTORS
330
2A
102
}
102
{ACAD_XDICTIONARY
360
DC
102
}
330
2A
100
AcDbVisualStyle
  2
ColorChange
 70
    16
 71
     2
 72
     2
 73
     3
 90
        0
 40
0.6
 41
30.0
 62
     5
 63
     8
421
  8421504
 74
     1
 91
        4
 64
     7
 65
   257
 75
     1
175
     1
 42
1.0
 92
        8
 66
     8
424
  8421504
 43
1.0
 76
     1
 77
     6
 78
     2
 67
     7
 79
     5
170
     0
171
     0
290
     0
174
     0
 93
        1
 44
0.0
173
     0
291
     1
 45
0.0
  0
VISUALSTYLE
  5
34
102
{ACAD_REACTORS
330
2A
102
}
102
{ACAD_XDICTIONARY
360
D0
102
}
330
2A
100
AcDbVisualStyle
  2
Conceptual
 70
     9
 71
     3
 72
     2
 73
     0
 90
        0
 40
0.6
 41
30.0
 62
     5
 63
     7
421
 16777215
 74
     2
 91
        2
 64
     7
 65
   257
 75
     1
175
     1
 42
179.0
 92
        8
 66
     7
 43
1.0
 76
     1
 77
     6
 78
     2
 67
     7
 79
     3
170
     0
171
     0
290
     0
174
     0
 93
        1
 44
0.0
173
     0
291
     0
 45
0.0
  0
VISUALSTYLE
  5
35
102
{ACAD_REACTORS
330
2A
102
}
102
{ACAD_XDICTIONARY
360
D2
102
}
330
2A
100
AcDbVisualStyle
  2
Dim
 70
    11
 71
     2
 72
     2
 73
     0
 90
        0
 40
0.6
 41
30.0
 62
     5
 63
     7
421
 16777215
 74
     1
 91
        4
 64
     7
 65
   257
 75
     1
175
     1
 42
1.0
 92
        8
 66
     7
 43
1.0
 76
     1
 77
     6
 78
     2
 67
     7
 79
     5
170
     0
171
     0
290
     0
174
     0
 93
        1
 44
-50.0
173
     0
291
     1
 45
0.0
  0
VISUALSTYLE
  5
3D
102
{ACAD_REACTORS
330
2A
102
}
102
{ACAD_XDICTIONARY
360
E2
102
}
330
2A
100
AcDbVisualStyle
  2
EdgeColorOff
 70
    22
 71
     2
 72
     2
 73
     0
 90
        0
 40
0.6
 41
30.0
 62
     5
 63
     7
421
 16777215
 74
     1
 91
        4
 64
     7
 65
   257
 75
     1
175
     1
 42
1.0
 92
        8
 66
     7
 43
1.0
 76
     1
 77
     6
 78
     2
 67
     7
 79
     5
170
     0
171
     0
290
     0
174
     0
 93
        1
 44
0.0
173
     0
291
     1
 45
0.0
  0
VISUALSTYLE
  5
39
102
{ACAD_REACTORS
330
2A
102
}
102
{ACAD_XDICTIONARY
360
DA
102
}
330
2A
100
AcDbVisualStyle
  2
Facepattern
 70
    15
 71
     2
 72
     2
 73
     0
 90
        0
 40
0.6
 41
30.0
 62
     5
 63
     7
421
 16777215
 74
     1
 91
        4
 64
     7
 65
   257
 75
     1
175
     1
 42
1.0
 92
        8
 66
     7
 43
1.0
 76
     1
 77
     6
 78
     2
 67
     7
 79
     5
170
     0
171
     0
290
     0
174
     0
 93
        1
 44
0.0
173
     0
291
     1
 45
0.0
  0
VISUALSTYLE
  5
2B
102
{ACAD_REACTORS
330
2A
102
}
102
{ACAD_XDICTIONARY
360
BE
102
}
330
2A
100
AcDbVisualStyle
  2
Flat
 70
     0
 71
     2
 72
     1
 73
     1
 90
        2
 40
0.6
 41
30.0
 62
     5
 63
     7
421
 16777215
 74
     0
 91
        0
 64
     7
 65
   257
 75
     1
175
     1
 42
1.0
 92
        8
 66
     7
 43
1.0
 76
     1
 77
     6
 78
     2
 67
     7
 79
     5
170
     0
171
     0
290
     0
174
     0
 93
       13
 44
0.0
173
     0
291
     1
 45
0.0
  0
VISUALSTYLE
  5
2C
102
{ACAD_REACTORS
330
2A
102
}
102
{ACAD_XDICTIONARY
360
C0
102
}
330
2A
100
AcDbVisualStyle
  2
FlatWithEdges
 70
     1
 71
     2
 72
     1
 73
     1
 90
        2
 40
0.6
 41
30.0
 62
     5
 63
     7
421
 16777215
 74
     1
 91
        0
 64
     7
 65
   257
 75
     1
175
     1
 42
1.0
 92
        0
 66
   257
 43
1.0
 76
     1
 77
     6
 78
     2
 67
     7
 79
     5
170
     0
171
     0
290
     0
174
     0
 93
       13
 44
0.0
173
     0
291
     1
 45
0.0
  0
VISUALSTYLE
  5
2D
102
{ACAD_REACTORS
330
2A
102
}
102
{ACAD_XDICTIONARY
360
C2
102
}
330
2A
100
AcDbVisualStyle
  2
Gouraud
 70
     2
 71
     2
 72
     2
 73
     1
 90
        2
 40
0.6
 41
30.0
 62
     5
 63
     7
421
 16777215
 74
     0
 91
        0
 64
     7
 65
   257
 75
     1
175
     1
 42
1.0
 92
        0
 66
     7
 43
1.0
 76
     1
 77
     6
 78
     2
 67
     7
 79
     5
170
     0
171
     0
290
     0
174
     0
 93
       13
 44
0.0
173
     0
291
     1
 45
0.0
  0
VISUALSTYLE
  5
2E
102
{ACAD_REACTORS
330
2A
102
}
102
{ACAD_XDICTIONARY
360
C4
102
}
330
2A
100
AcDbVisualStyle
  2
GouraudWithEdges
 70
     3
 71
     2
 72
     2
 73
     1
 90
        2
 40
0.6
 41
30.0
 62
     5
 63
     7
421
 16777215
 74
     1
 91
        0
 64
     7
 65
   257
 75
     1
175
     1
 42
1.0
 92
        0
 66
   257
 43
1.0
 76
     1
 77
     6
 78
     2
 67
     7
 79
     5
170
     0
171
     0
290
     0
174
     0
 93
       13
 44
0.0
173
     0
291
     1
 45
0.0
  0
VISUALSTYLE
  5
31
102
{ACAD_REACTORS
330
2A
102
}
102
{ACAD_XDICTIONARY
360
CA
102
}
330
2A
100
AcDbVisualStyle
  2
Hidden
 70
     6
 71
     1
 72
     2
 73
     2
 90
        0
 40
0.6
 41
30.0
 62
     5
 63
     7
421
 16777215
 74
     2
 91
        2
 64
     7
 65
   257
 75
     2
175
     1
 42
40.0
 92
        0
 66
   257
 43
1.0
 76
     1
 77
     6
 78
     2
 67
     7
 79
     3
170
     0
171
     0
290
     0
174
     0
 93
        1
 44
0.0
173
     0
291
     0
 45
0.0
  0
VISUALSTYLE
  5
3B
102
{ACAD_REACTORS
330
2A
102
}
102
{ACAD_XDICTIONARY
360
DE
102
}
330
2A
100
AcDbVisualStyle
  2
JitterOff
 70
    20
 71
     2
 72
     2
 73
     0
 90
        0
 40
0.6
 41
30.0
 62
     5
 63
     7
421
 16777215
 74
     1
 91
        4
 64
     7
 65
   257
 75
     1
175
     1
 42
1.0
 92
       10
 66
     7
 43
1.0
 76
     1
 77
     6
 78
     2
 67
     7
 79
     5
170
     0
171
     0
290
     0
174
     0
 93
        1
 44
0.0
173
     0
291
     1
 45
0.0
  0
VISUALSTYLE
  5
38
102
{ACAD_REACTORS
330
2A
102
}
102
{ACAD_XDICTIONARY
360
D8
102
}
330
2A
100
AcDbVisualStyle
  2
Linepattern
 70
    14
 71
     2
 72
     2
 73
     0
 90
        0
 40
0.6
 41
30.0
 62
     5
 63
     7
421
 16777215
 74
     1
 91
        4
 64
     7
 65
   257
 75
     7
175
     7
 42
1.0
 92
        8
 66
     7
 43
1.0
 76
     1
 77
     6
 78
     2
 67
     7
 79
     5
170
     0
171
     0
290
     0
174
     0
 93
        1
 44
0.0
173
     0
291
     1
 45
0.0
  0
VISUALSTYLE
  5
3C
102
{ACAD_REACTORS
330
2A
102
}
102
{ACAD_XDICTIONARY
360
E0
102
}
330
2A
100
AcDbVisualStyle
  2
OverhangOff
 70
    21
 71
     2
 72
     2
 73
     0
 90
        0
 40
0.6
 41
30.0
 62
     5
 63
     7
421
 16777215
 74
     1
 91
        4
 64
     7
 65
   257
 75
     1
175
     1
 42
1.0
 92
        9
 66
     7
 43
1.0
 76
     1
 77
     6
 78
     2
 67
     7
 79
     5
170
     0
171
     0
290
     0
174
     0
 93
        1
 44
0.0
173
     0
291
     1
 45
0.0
  0
VISUALSTYLE
  5
33
102
{ACAD_REACTORS
330
2A
102
}
102
{ACAD_XDICTIONARY
360
CE
102
}
330
2A
100
AcDbVisualStyle
  2
Realistic
 70
     8
 71
     2
 72
     3
 73
     0
 90
        2
 40
0.6
 41
30.0
 62
     5
 63
     7
421
 16777215
 74
     0
 91
        0
 64
     7
 65
   257
 75
     1
175
     1
 42
1.0
 92
        8
 66
   257
 43
1.0
 76
     1
 77
     6
 78
     2
 67
     7
 79
     3
170
     0
171
     0
290
     0
174
     0
 93
       13
 44
0.0
173
     0
291
     0
 45
0.0
  0
VISUALSTYLE
  5
42
102
{ACAD_REACTORS
330
2A
102
}
102
{ACAD_XDICTIONARY
360
EC
102
}
330
2A
100
AcDbVisualStyle
  2
Shaded
 70
    27
 71
     2
 72
     2
 73
     1
 90
        2
 40
0.6
 41
30.0
 62
     5
 63
     7
421
 16777215
 74
     0
 91
        4
 64
     7
 65
   257
 75
     1
175
     1
 42
1.0
 92
        8
 66
   257
 43
1.0
 76
     1
 77
     6
 78
     2
 67
     8
425
  7895160
 79
     3
170
     0
171
     0
290
     0
174
     0
 93
        5
 44
0.0
173
     0
291
     0
 45
0.0
  0
VISUALSTYLE
  5
41
102
{ACAD_REACTORS
330
2A
102
}
102
{ACAD_XDICTIONARY
360
EA
102
}
330
2A
100
AcDbVisualStyle
  2
Shaded with edges
 70
    26
 71
     2
 72
     2
 73
     1
 90
        2
 40
0.6
 41
30.0
 62
     5
 63
     7
421
 16777215
 74
     1
 91
       10
 64
     7
 65
   257
 75
     2
175
     1
 42
1.0
 92
        8
 66
   257
 43
1.0
 76
     1
 77
     6
 78
     2
 67
     7
 79
     3
170
     0
171
     0
290
     0
174
     0
 93
        5
 44
0.0
173
     0
291
     0
 45
0.0
  0
VISUALSTYLE
  5
3E
102
{ACAD_REACTORS
330
2A
102
}
102
{ACAD_XDICTIONARY
360
E4
102
}
330
2A
100
AcDbVisualStyle
  2
Shades of Gray
 70
    23
 71
     2
 72
     2
 73
     3
 90
        0
 40
0.6
 41
30.0
 62
     5
 63
     7
421
 16777215
 74
     2
 91
        2
 64
     7
 65
     7
 75
     1
175
     1
 42
40.0
 92
        8
 66
     7
 43
1.0
 76
     1
 77
     6
 78
     2
 67
     7
 79
     3
170
     0
171
     0
290
     0
174
     0
 93
        1
 44
0.0
173
     0
291
     0
 45
0.0
  0
VISUALSTYLE
  5
3F
102
{ACAD_REACTORS
330
2A
102
}
102
{ACAD_XDICTIONARY
360
E6
102
}
330
2A
100
AcDbVisualStyle
  2
Sketchy
 70
    24
 71
     1
 72
     2
 73
     2
 90
        0
 40
0.6
 41
30.0
 62
     5
 63
     7
421
 16777215
 74
     2
 91
        2
 64
     7
 65
     7
 75
     1
175
     1
 42
40.0
 92
       11
 66
     7
 43
1.0
 76
     1
 77
     6
 78
     2
 67
     7
 79
     6
170
     0
171
     0
290
     0
174
     0
 93
        1
 44
0.0
173
     0
291
     0
 45
0.0
  0
VISUALSTYLE
  5
37
102
{ACAD_REACTORS
330
2A
102
}
102
{ACAD_XDICTIONARY
360
D6
102
}
330
2A
100
AcDbVisualStyle
  2
Thicken
 70
    13
 71
     2
 72
     2
 73
     0
 90
        0
 40
0.6
 41
30.0
 62
     5
 63
     7
421
 16777215
 74
     1
 91
        4
 64
     7
 65
   257
 75
     1
175
     1
 42
1.0
 92
       12
 66
     7
 43
1.0
 76
     1
 77
     6
 78
     2
 67
     7
 79
     5
170
     0
171
     0
290
     0
174
     0
 93
        1
 44
0.0
173
     0
291
     1
 45
0.0
  0
VISUALSTYLE
  5
30
102
{ACAD_REACTORS
330
2A
102
}
102
{ACAD_XDICTIONARY
360
C8
102
}
330
2A
100
AcDbVisualStyle
  2
Wireframe
 70
     5
 71
     0
 72
     2
 73
     0
 90
        0
 40
0.6
 41
30.0
 62
     5
 63
     7
421
 16777215
 74
     1
 91
        4
 64
     7
 65
   257
 75
     1
175
     1
 42
1.0
 92
        0
 66
   257
 43
1.0
 76
     1
 77
     6
 78
     2
 67
     7
 79
     3
170
     0
171
     0
290
     0
174
     0
 93
        1
 44
0.0
173
     0
291
     0
 45
0.0
  0
VISUALSTYLE
  5
40
102
{ACAD_REACTORS
330
2A
102
}
102
{ACAD_XDICTIONARY
360
E8
102
}
330
2A
100
AcDbVisualStyle
  2
X-Ray
 70
    25
 71
     2
 72
     2
 73
     1
 90
        1
 40
0.5
 41
30.0
 62
     5
 63
     7
421
 16777215
 74
     1
 91
        0
 64
     7
 65
   257
 75
     1
175
     1
 42
1.0
 92
        8
 66
     7
 43
1.0
 76
     1
 77
     6
 78
     2
 67
     7
 79
     3
170
     0
171
     0
290
     0
174
     0
 93
       13
 44
0.0
173
     0
291
     0
 45
0.0
  0
DICTIONARYVAR
  5
BC
102
{ACAD_REACTORS
330
BB
102
}
330
BB
100
DictionaryVariables
280
     0
  1
1:1
  0
DICTIONARYVAR
  5
F5
102
{ACAD_REACTORS
330
BB
102
}
330
BB
100
DictionaryVariables
280
     0
  1
Standard
  0
DICTIONARYVAR
  5
F4
102
{ACAD_REACTORS
330
BB
102
}
330
BB
100
DictionaryVariables
280
     0
  1
Standard
  0
DICTIONARYVAR
  5
BD
102
{ACAD_REACTORS
330
BB
102
}
330
BB
100
DictionaryVariables
280
     0
  1
2
  0
DICTIONARY
  5
F1
330
6C
100
AcDbDictionary
280
     1
281
     1
  3
ACAD_XREC_ROUNDTRIP
360
F2
  0
DICTIONARY
  5
EE
330
6A
100
AcDbDictionary
280
     1
281
     1
  3
ACAD_ROUNDTRIP_2008_TABLESTYLE_CELLSTYLEMAP
360
EF
  0
DICTIONARY
  5
C6
330
2F
100
AcDbDictionary
280
     1
281
     1
  3
ACAD_XREC_ROUNDTRIP
360
C7
  0
DICTIONARY
  5
CC
330
32
100
AcDbDictionary
280
     1
281
     1
  3
ACAD_XREC_ROUNDTRIP
360
CD
  0
DICTIONARY
  5
D4
330
36
100
AcDbDictionary
280
     1
281
     1
  3
ACAD_XREC_ROUNDTRIP
360
D5
  0
DICTIONARY
  5
DC
330
3A
100
AcDbDictionary
280
     1
281
     1
  3
ACAD_XREC_ROUNDTRIP
360
DD
  0
DICTIONARY
  5
D0
330
34
100
AcDbDictionary
280
     1
281
     1
  3
ACAD_XREC_ROUNDTRIP
360
D1
  0
DICTIONARY
  5
D2
330
35
100
AcDbDictionary
280
     1
281
     1
  3
ACAD_XREC_ROUNDTRIP
360
D3
  0
DICTIONARY
  5
E2
330
3D
100
AcDbDictionary
280
     1
281
     1
  3
ACAD_XREC_ROUNDTRIP
360
E3
  0
DICTIONARY
  5
DA
330
39
100
AcDbDictionary
280
     1
281
     1
  3
ACAD_XREC_ROUNDTRIP
360
DB
  0
DICTIONARY
  5
BE
330
2B
100
AcDbDictionary
280
     1
281
     1
  3
ACAD_XREC_ROUNDTRIP
360
BF
  0
DICTIONARY
  5
C0
330
2C
100
AcDbDictionary
280
     1
281
     1
  3
ACAD_XREC_ROUNDTRIP
360
C1
  0
DICTIONARY
  5
C2
330
2D
100
AcDbDictionary
280
     1
281
     1
  3
ACAD_XREC_ROUNDTRIP
360
C3
  0
DICTIONARY
  5
C4
330
2E
100
AcDbDictionary
280
     1
281
     1
  3
ACAD_XREC_ROUNDTRIP
360
C5
  0
DICTIONARY
  5
CA
330
31
100
AcDbDictionary
280
     1
281
     1
  3
ACAD_XREC_ROUNDTRIP
360
CB
  0
DICTIONARY
  5
DE
330
3B
100
AcDbDictionary
280
     1
281
     1
  3
ACAD_XREC_ROUNDTRIP
360
DF
  0
DICTIONARY
  5
D8
330
38
100
AcDbDictionary
280
     1
281
     1
  3
ACAD_XREC_ROUNDTRIP
360
D9
  0
DICTIONARY
  5
E0
330
3C
100
AcDbDictionary
280
     1
281
     1
  3
ACAD_XREC_ROUNDTRIP
360
E1
  0
DICTIONARY
  5
CE
330
33
100
AcDbDictionary
280
     1
281
     1
  3
ACAD_XREC_ROUNDTRIP
360
CF
  0
DICTIONARY
  5
EC
330
42
100
AcDbDictionary
280
     1
281
     1
  3
ACAD_XREC_ROUNDTRIP
360
ED
  0
DICTIONARY
  5
EA
330
41
100
AcDbDictionary
280
     1
281
     1
  3
ACAD_XREC_ROUNDTRIP
360
EB
  0
DICTIONARY
  5
E4
330
3E
100
AcDbDictionary
280
     1
281
     1
  3
ACAD_XREC_ROUNDTRIP
360
E5
  0
DICTIONARY
  5
E6
330
3F
100
AcDbDictionary
280
     1
281
     1
  3
ACAD_XREC_ROUNDTRIP
360
E7
  0
DICTIONARY
  5
D6
330
37
100
AcDbDictionary
280
     1
281
     1
  3
ACAD_XREC_ROUNDTRIP
360
D7
  0
DICTIONARY
  5
C8
330
30
100
AcDbDictionary
280
     1
281
     1
  3
ACAD_XREC_ROUNDTRIP
360
C9
  0
DICTIONARY
  5
E8
330
40
100
AcDbDictionary
280
     1
281
     1
  3
ACAD_XREC_ROUNDTRIP
360
E9
  0
XRECORD
  5
F2
102
{ACAD_REACTORS
330
F1
102
}
330
F1
100
AcDbXrecord
280
     1
102
ACAD_ROUNDTRIP_2010_MLEADER_STYLE
  0
CELLSTYLEMAP
  5
EF
102
{ACAD_REACTORS
330
EE
102
}
330
EE
100
AcDbCellStyleMap
 90
        3
300
CELLSTYLE
  1
TABLEFORMAT_BEGIN
 90
        5
170
     1
 91
        0
 92
    32768
 62
   257
 93
        1
300
CONTENTFORMAT
  1
CONTENTFORMAT_BEGIN
 90
        0
 91
        0
 92
        4
 93
        0
300

 40
0.0
140
1.0
 94
        5
 62
     0
340
11
144
0.25
309
CONTENTFORMAT_END
171
     1
301
MARGIN
  1
CELLMARGIN_BEGIN
 40
0.06
 40
0.06
 40
0.06
 40
0.06
 40
0.06
 40
0.06
309
CELLMARGIN_END
 94
        6
 95
        1
302
GRIDFORMAT
  1
GRIDFORMAT_BEGIN
 90
        0
 91
        1
 62
     0
 92
       -2
340
14
 93
        0
 40
0.045
309
GRIDFORMAT_END
 95
        2
302
GRIDFORMAT
  1
GRIDFORMAT_BEGIN
 90
        0
 91
        1
 62
     0
 92
       -2
340
14
 93
        0
 40
0.045
309
GRIDFORMAT_END
 95
        4
302
GRIDFORMAT
  1
GRIDFORMAT_BEGIN
 90
        0
 91
        1
 62
     0
 92
       -2
340
14
 93
        0
 40
0.045
309
GRIDFORMAT_END
 95
        8
302
GRIDFORMAT
  1
GRIDFORMAT_BEGIN
 90
        0
 91
        1
 62
     0
 92
       -2
340
14
 93
        0
 40
0.045
309
GRIDFORMAT_END
 95
       16
302
GRIDFORMAT
  1
GRIDFORMAT_BEGIN
 90
        0
 91
        1
 62
     0
 92
       -2
340
14
 93
        0
 40
0.045
309
GRIDFORMAT_END
 95
       32
302
GRIDFORMAT
  1
GRIDFORMAT_BEGIN
 90
        0
 91
        1
 62
     0
 92
       -2
340
14
 93
        0
 40
0.045
309
GRIDFORMAT_END
309
TABLEFORMAT_END
  1
CELLSTYLE_BEGIN
 90
        1
 91
        1
300
_TITLE
309
CELLSTYLE_END
300
CELLSTYLE
  1
TABLEFORMAT_BEGIN
 90
        5
170
     1
 91
        0
 92
        0
 62
   257
 93
        1
300
CONTENTFORMAT
  1
CONTENTFORMAT_BEGIN
 90
        0
 91
        0
 92
        4
 93
        0
300

 40
0.0
140
1.0
 94
        5
 62
     0
340
11
144
0.18
309
CONTENTFORMAT_END
171
     1
301
MARGIN
  1
CELLMARGIN_BEGIN
 40
0.06
 40
0.06
 40
0.06
 40
0.06
 40
0.06
 40
0.06
309
CELLMARGIN_END
 94
        6
 95
        1
302
GRIDFORMAT
  1
GRIDFORMAT_BEGIN
 90
        0
 91
        1
 62
     0
 92
       -2
340
14
 93
        0
 40
0.045
309
GRIDFORMAT_END
 95
        2
302
GRIDFORMAT
  1
GRIDFORMAT_BEGIN
 90
        0
 91
        1
 62
     0
 92
       -2
340
14
 93
        0
 40
0.045
309
GRIDFORMAT_END
 95
        4
302
GRIDFORMAT
  1
GRIDFORMAT_BEGIN
 90
        0
 91
        1
 62
     0
 92
       -2
340
14
 93
        0
 40
0.045
309
GRIDFORMAT_END
 95
        8
302
GRIDFORMAT
  1
GRIDFORMAT_BEGIN
 90
        0
 91
        1
 62
     0
 92
       -2
340
14
 93
        0
 40
0.045
309
GRIDFORMAT_END
 95
       16
302
GRIDFORMAT
  1
GRIDFORMAT_BEGIN
 90
        0
 91
        1
 62
     0
 92
       -2
340
14
 93
        0
 40
0.045
309
GRIDFORMAT_END
 95
       32
302
GRIDFORMAT
  1
GRIDFORMAT_BEGIN
 90
        0
 91
        1
 62
     0
 92
       -2
340
14
 93
        0
 40
0.045
309
GRIDFORMAT_END
309
TABLEFORMAT_END
  1
CELLSTYLE_BEGIN
 90
        2
 91
        1
300
_HEADER
309
CELLSTYLE_END
300
CELLSTYLE
  1
TABLEFORMAT_BEGIN
 90
        5
170
     1
 91
        0
 92
        0
 62
   257
 93
        1
300
CONTENTFORMAT
  1
CONTENTFORMAT_BEGIN
 90
        0
 91
        0
 92
        4
 93
        0
300

 40
0.0
140
1.0
 94
        2
 62
     0
340
11
144
0.18
309
CONTENTFORMAT_END
171
     1
301
MARGIN
  1
CELLMARGIN_BEGIN
 40
0.06
 40
0.06
 40
0.06
 40
0.06
 40
0.06
 40
0.06
309
CELLMARGIN_END
 94
        6
 95
        1
302
GRIDFORMAT
  1
GRIDFORMAT_BEGIN
 90
        0
 91
        1
 62
     0
 92
       -2
340
14
 93
        0
 40
0.045
309
GRIDFORMAT_END
 95
        2
302
GRIDFORMAT
  1
GRIDFORMAT_BEGIN
 90
        0
 91
        1
 62
     0
 92
       -2
340
14
 93
        0
 40
0.045
309
GRIDFORMAT_END
 95
        4
302
GRIDFORMAT
  1
GRIDFORMAT_BEGIN
 90
        0
 91
        1
 62
     0
 92
       -2
340
14
 93
        0
 40
0.045
309
GRIDFORMAT_END
 95
        8
302
GRIDFORMAT
  1
GRIDFORMAT_BEGIN
 90
        0
 91
        1
 62
     0
 92
       -2
340
14
 93
        0
 40
0.045
309
GRIDFORMAT_END
 95
       16
302
GRIDFORMAT
  1
GRIDFORMAT_BEGIN
 90
        0
 91
        1
 62
     0
 92
       -2
340
14
 93
        0
 40
0.045
309
GRIDFORMAT_END
 95
       32
302
GRIDFORMAT
  1
GRIDFORMAT_BEGIN
 90
        0
 91
        1
 62
     0
 92
       -2
340
14
 93
        0
 40
0.045
309
GRIDFORMAT_END
309
TABLEFORMAT_END
  1
CELLSTYLE_BEGIN
 90
        3
 91
        2
300
_DATA
309
CELLSTYLE_END
  0
XRECORD
  5
C7
102
{ACAD_REACTORS
330
C6
102
}
330
C6
100
AcDbXrecord
280
     1
102
RTVSPropertyOp0
 70
     1
102
RTVSPropertyOp1
 70
     1
102
RTVSPropertyOp2
 70
     1
102
RTVSPropertyOp3
 70
     1
102
RTVSPropertyOp4
 70
     1
102
RTVSPropertyOp5
 70
     1
102
RTVSPropertyOp6
 70
     1
102
RTVSPropertyOp7
 70
     1
102
RTVSPropertyOp8
 70
     1
102
RTVSPropertyOp9
 70
     1
102
RTVSPropertyOp10
 70
     1
102
RTVSPropertyOp11
 70
     1
102
RTVSPropertyOp12
 70
     1
102
RTVSPropertyOp13
 70
     1
102
RTVSPropertyOp14
 70
     1
102
RTVSPropertyOp15
 70
     1
102
RTVSPropertyOp16
 70
     1
102
RTVSPropertyOp17
 70
     1
102
RTVSPropertyOp18
 70
     1
102
RTVSPropertyOp19
 70
     1
102
RTVSPropertyOp20
 70
     1
102
RTVSPropertyOp21
 70
     1
102
RTVSPropertyOp22
 70
     1
102
RTVSPropertyOp23
 70
     1
102
RTVSPropertyOp24
 70
     1
102
RTVSPropertyOp25
 70
     1
102
RTVSPropertyOp26
 70
     1
102
RTVSPropertyOp27
 70
     1
102
RTVSPropertyOp28
 70
     1
102
RTVSPropertyOp29
 70
     1
102
RTVSPropertyOp30
 70
     1
102
RTVSPropertyOp31
 70
     1
102
RTVSPropertyOp32
 70
     1
102
RTVSPropertyOp33
 70
     1
102
RTVSPropertyOp34
 70
     1
102
RTVSPropertyOp35
 70
     1
102
RTVSPropertyOp36
 70
     1
102
RTVSPropertyOp37
 70
     1
102
RTVSPropertyOp38
 70
     1
102
RTVSPropertyOp39
 70
     1
102
RTVSPropertyOp40
 70
     1
102
RTVSPropertyOp41
 70
     1
102
RTVSPropertyOp42
 70
     1
102
RTVSPropertyOp43
 70
     1
102
RTVSPropertyOp44
 70
     1
102
RTVSPropertyOp45
 70
     1
102
RTVSPropertyOp46
 70
     1
102
RTVSPropertyOp47
 70
     1
102
RTVSPropertyOp48
 70
     1
102
RTVSPropertyOp49
 70
     1
102
RTVSPropertyOp50
 70
     1
102
RTVSPropertyOp51
 70
     0
102
RTVSPropertyOp52
 70
     0
102
RTVSPropertyOp53
 70
     1
102
RTVSPropertyOp54
 70
     1
102
RTVSPropertyOp55
 70
     1
102
RTVSPropertyOp56
 70
     1
102
RTVSPropertyOp57
 70
     1
102
RTVSPost2010Prop28
280
     1
102
RTVSPost2010PropOp28
 70
     1
102
RTVSPost2010Prop29
280
     1
102
RTVSPost2010PropOp29
 70
     1
102
RTVSPost2010Prop30
280
     0
102
RTVSPost2010PropOp30
 70
     1
102
RTVSPost2010Prop31
280
     0
102
RTVSPost2010PropOp31
 70
     1
102
RTVSPost2010Prop32
280
     0
102
RTVSPost2010PropOp32
 70
     1
102
RTVSPost2010Prop33
280
     0
102
RTVSPost2010PropOp33
 70
     1
102
RTVSPost2010Prop34
280
     0
102
RTVSPost2010PropOp34
 70
     1
102
RTVSPost2010Prop35
280
     0
102
RTVSPost2010PropOp35
 70
     1
102
RTVSPost2010Prop36
280
     0
102
RTVSPost2010PropOp36
 70
     1
102
RTVSPost2010Prop37
 90
       50
102
RTVSPost2010PropOp37
 70
     1
102
RTVSPost2010Prop38
140
0.0
102
RTVSPost2010PropOp38
 70
     1
102
RTVSPost2010Prop39
140
1.0
102
RTVSPost2010PropOp39
 70
     1
102
RTVSPost2010Prop40
 90
        0
102
RTVSPost2010PropOp40
 70
     1
102
RTVSPost2010Prop41ColorIndex
 90
       18
102
RTVSPost2010Prop41ColorRGB
 90
        0
102
RTVSPost2010PropOp41
 70
     1
102
RTVSPost2010Prop42
 90
       50
102
RTVSPost2010PropOp42
 70
     1
102
RTVSPost2010Prop43
 90
        3
102
RTVSPost2010PropOp43
 70
     1
102
RTVSPost2010Prop44ColorIndex
 90
        5
102
RTVSPost2010Prop44ColorRGB
 90
      255
102
RTVSPost2010PropOp44
 70
     1
102
RTVSPost2010Prop45
280
     0
102
RTVSPost2010PropOp45
 70
     1
102
RTVSPost2010Prop46
 90
       50
102
RTVSPost2010PropOp46
 70
     1
102
RTVSPost2010Prop47
 90
       50
102
RTVSPost2010PropOp47
 70
     1
102
RTVSPost2010Prop48
 90
       50
102
RTVSPost2010PropOp48
 70
     1
102
RTVSPost2010Prop49
280
     0
102
RTVSPost2010PropOp49
 70
     1
102
RTVSPost2010Prop50
 90
       50
102
RTVSPost2010PropOp50
 70
     1
102
RTVSPost2010Prop51ColorIndex
 90
      256
102
RTVSPost2010Prop51ColorRGB
 90
-16777216
102
RTVSPost2010PropOp51
 70
     0
102
RTVSPost2010Prop52
140
1.0
102
RTVSPost2010PropOp52
 70
     0
102
RTVSPost2010Prop53
 90
        2
102
RTVSPost2010PropOp53
 70
     1
102
RTVSPost2010Prop54
  1
strokes_ogs.tif
102
RTVSPost2010PropOp54
 70
     1
102
RTVSPost2010Prop55
280
     0
102
RTVSPost2010PropOp55
 70
     1
102
RTVSPost2010Prop56
140
1.0
102
RTVSPost2010PropOp56
 70
     1
102
RTVSPost2010Prop57
140
1.0
102
RTVSPost2010PropOp57
 70
     1
  0
XRECORD
  5
CD
102
{ACAD_REACTORS
330
CC
102
}
330
CC
100
AcDbXrecord
280
     1
102
RTVSPropertyOp0
 70
     1
102
RTVSPropertyOp1
 70
     1
102
RTVSPropertyOp2
 70
     1
102
RTVSPropertyOp3
 70
     1
102
RTVSPropertyOp4
 70
     1
102
RTVSPropertyOp5
 70
     1
102
RTVSPropertyOp6
 70
     1
102
RTVSPropertyOp7
 70
     1
102
RTVSPropertyOp8
 70
     1
102
RTVSPropertyOp9
 70
     1
102
RTVSPropertyOp10
 70
     1
102
RTVSPropertyOp11
 70
     1
102
RTVSPropertyOp12
 70
     1
102
RTVSPropertyOp13
 70
     1
102
RTVSPropertyOp14
 70
     1
102
RTVSPropertyOp15
 70
     1
102
RTVSPropertyOp16
 70
     1
102
RTVSPropertyOp17
 70
     1
102
RTVSPropertyOp18
 70
     1
102
RTVSPropertyOp19
 70
     1
102
RTVSPropertyOp20
 70
     1
102
RTVSPropertyOp21
 70
     1
102
RTVSPropertyOp22
 70
     1
102
RTVSPropertyOp23
 70
     1
102
RTVSPropertyOp24
 70
     1
102
RTVSPropertyOp25
 70
     1
102
RTVSPropertyOp26
 70
     1
102
RTVSPropertyOp27
 70
     1
102
RTVSPropertyOp28
 70
     1
102
RTVSPropertyOp29
 70
     1
102
RTVSPropertyOp30
 70
     1
102
RTVSPropertyOp31
 70
     1
102
RTVSPropertyOp32
 70
     1
102
RTVSPropertyOp33
 70
     1
102
RTVSPropertyOp34
 70
     1
102
RTVSPropertyOp35
 70
     1
102
RTVSPropertyOp36
 70
     1
102
RTVSPropertyOp37
 70
     1
102
RTVSPropertyOp38
 70
     1
102
RTVSPropertyOp39
 70
     1
102
RTVSPropertyOp40
 70
     1
102
RTVSPropertyOp41
 70
     1
102
RTVSPropertyOp42
 70
     1
102
RTVSPropertyOp43
 70
     1
102
RTVSPropertyOp44
 70
     1
102
RTVSPropertyOp45
 70
     1
102
RTVSPropertyOp46
 70
     1
102
RTVSPropertyOp47
 70
     1
102
RTVSPropertyOp48
 70
     1
102
RTVSPropertyOp49
 70
     1
102
RTVSPropertyOp50
 70
     1
102
RTVSPropertyOp51
 70
     0
102
RTVSPropertyOp52
 70
     0
102
RTVSPropertyOp53
 70
     1
102
RTVSPropertyOp54
 70
     1
102
RTVSPropertyOp55
 70
     1
102
RTVSPropertyOp56
 70
     1
102
RTVSPropertyOp57
 70
     1
102
RTVSPost2010Prop28
280
     0
102
RTVSPost2010PropOp28
 70
     1
102
RTVSPost2010Prop29
280
     1
102
RTVSPost2010PropOp29
 70
     1
102
RTVSPost2010Prop30
280
     1
102
RTVSPost2010PropOp30
 70
     1
102
RTVSPost2010Prop31
280
     0
102
RTVSPost2010PropOp31
 70
     1
102
RTVSPost2010Prop32
280
     0
102
RTVSPost2010PropOp32
 70
     1
102
RTVSPost2010Prop33
280
     0
102
RTVSPost2010PropOp33
 70
     1
102
RTVSPost2010Prop34
280
     0
102
RTVSPost2010PropOp34
 70
     1
102
RTVSPost2010Prop35
280
     0
102
RTVSPost2010PropOp35
 70
     1
102
RTVSPost2010Prop36
280
     0
102
RTVSPost2010PropOp36
 70
     1
102
RTVSPost2010Prop37
 90
       50
102
RTVSPost2010PropOp37
 70
     1
102
RTVSPost2010Prop38
140
0.0
102
RTVSPost2010PropOp38
 70
     1
102
RTVSPost2010Prop39
140
1.0
102
RTVSPost2010PropOp39
 70
     1
102
RTVSPost2010Prop40
 90
        0
102
RTVSPost2010PropOp40
 70
     1
102
RTVSPost2010Prop41ColorIndex
 90
       18
102
RTVSPost2010Prop41ColorRGB
 90
        0
102
RTVSPost2010PropOp41
 70
     1
102
RTVSPost2010Prop42
 90
       50
102
RTVSPost2010PropOp42
 70
     1
102
RTVSPost2010Prop43
 90
        3
102
RTVSPost2010PropOp43
 70
     1
102
RTVSPost2010Prop44ColorIndex
 90
        5
102
RTVSPost2010Prop44ColorRGB
 90
      255
102
RTVSPost2010PropOp44
 70
     1
102
RTVSPost2010Prop45
280
     0
102
RTVSPost2010PropOp45
 70
     1
102
RTVSPost2010Prop46
 90
       50
102
RTVSPost2010PropOp46
 70
     1
102
RTVSPost2010Prop47
 90
       50
102
RTVSPost2010PropOp47
 70
     1
102
RTVSPost2010Prop48
 90
       50
102
RTVSPost2010PropOp48
 70
     1
102
RTVSPost2010Prop49
280
     0
102
RTVSPost2010PropOp49
 70
     1
102
RTVSPost2010Prop50
 90
       50
102
RTVSPost2010PropOp50
 70
     1
102
RTVSPost2010Prop51ColorIndex
 90
      256
102
RTVSPost2010Prop51ColorRGB
 90
-16777216
102
RTVSPost2010PropOp51
 70
     0
102
RTVSPost2010Prop52
140
1.0
102
RTVSPost2010PropOp52
 70
     0
102
RTVSPost2010Prop53
 90
        2
102
RTVSPost2010PropOp53
 70
     1
102
RTVSPost2010Prop54
  1
strokes_ogs.tif
102
RTVSPost2010PropOp54
 70
     1
102
RTVSPost2010Prop55
280
     0
102
RTVSPost2010PropOp55
 70
     1
102
RTVSPost2010Prop56
140
1.0
102
RTVSPost2010PropOp56
 70
     1
102
RTVSPost2010Prop57
140
1.0
102
RTVSPost2010PropOp57
 70
     1
  0
XRECORD
  5
D5
102
{ACAD_REACTORS
330
D4
102
}
330
D4
100
AcDbXrecord
280
     1
102
RTVSPropertyOp0
 70
     1
102
RTVSPropertyOp1
 70
     1
102
RTVSPropertyOp2
 70
     1
102
RTVSPropertyOp3
 70
     1
102
RTVSPropertyOp4
 70
     1
102
RTVSPropertyOp5
 70
     1
102
RTVSPropertyOp6
 70
     1
102
RTVSPropertyOp7
 70
     1
102
RTVSPropertyOp8
 70
     1
102
RTVSPropertyOp9
 70
     1
102
RTVSPropertyOp10
 70
     1
102
RTVSPropertyOp11
 70
     1
102
RTVSPropertyOp12
 70
     1
102
RTVSPropertyOp13
 70
     1
102
RTVSPropertyOp14
 70
     1
102
RTVSPropertyOp15
 70
     1
102
RTVSPropertyOp16
 70
     1
102
RTVSPropertyOp17
 70
     1
102
RTVSPropertyOp18
 70
     1
102
RTVSPropertyOp19
 70
     1
102
RTVSPropertyOp20
 70
     1
102
RTVSPropertyOp21
 70
     1
102
RTVSPropertyOp22
 70
     1
102
RTVSPropertyOp23
 70
     1
102
RTVSPropertyOp24
 70
     1
102
RTVSPropertyOp25
 70
     1
102
RTVSPropertyOp26
 70
     1
102
RTVSPropertyOp27
 70
     1
102
RTVSPropertyOp28
 70
     1
102
RTVSPropertyOp29
 70
     1
102
RTVSPropertyOp30
 70
     1
102
RTVSPropertyOp31
 70
     1
102
RTVSPropertyOp32
 70
     1
102
RTVSPropertyOp33
 70
     1
102
RTVSPropertyOp34
 70
     1
102
RTVSPropertyOp35
 70
     1
102
RTVSPropertyOp36
 70
     1
102
RTVSPropertyOp37
 70
     1
102
RTVSPropertyOp38
 70
     1
102
RTVSPropertyOp39
 70
     1
102
RTVSPropertyOp40
 70
     1
102
RTVSPropertyOp41
 70
     1
102
RTVSPropertyOp42
 70
     1
102
RTVSPropertyOp43
 70
     1
102
RTVSPropertyOp44
 70
     1
102
RTVSPropertyOp45
 70
     1
102
RTVSPropertyOp46
 70
     1
102
RTVSPropertyOp47
 70
     1
102
RTVSPropertyOp48
 70
     1
102
RTVSPropertyOp49
 70
     1
102
RTVSPropertyOp50
 70
     1
102
RTVSPropertyOp51
 70
     0
102
RTVSPropertyOp52
 70
     0
102
RTVSPropertyOp53
 70
     1
102
RTVSPropertyOp54
 70
     1
102
RTVSPropertyOp55
 70
     1
102
RTVSPropertyOp56
 70
     1
102
RTVSPropertyOp57
 70
     1
102
RTVSPost2010Prop28
280
     0
102
RTVSPost2010PropOp28
 70
     1
102
RTVSPost2010Prop29
280
     1
102
RTVSPost2010PropOp29
 70
     1
102
RTVSPost2010Prop30
280
     1
102
RTVSPost2010PropOp30
 70
     1
102
RTVSPost2010Prop31
280
     0
102
RTVSPost2010PropOp31
 70
     1
102
RTVSPost2010Prop32
280
     0
102
RTVSPost2010PropOp32
 70
     1
102
RTVSPost2010Prop33
280
     0
102
RTVSPost2010PropOp33
 70
     1
102
RTVSPost2010Prop34
280
     0
102
RTVSPost2010PropOp34
 70
     1
102
RTVSPost2010Prop35
280
     0
102
RTVSPost2010PropOp35
 70
     1
102
RTVSPost2010Prop36
280
     0
102
RTVSPost2010PropOp36
 70
     1
102
RTVSPost2010Prop37
 90
       50
102
RTVSPost2010PropOp37
 70
     1
102
RTVSPost2010Prop38
140
0.0
102
RTVSPost2010PropOp38
 70
     1
102
RTVSPost2010Prop39
140
1.0
102
RTVSPost2010PropOp39
 70
     1
102
RTVSPost2010Prop40
 90
        0
102
RTVSPost2010PropOp40
 70
     1
102
RTVSPost2010Prop41ColorIndex
 90
       18
102
RTVSPost2010Prop41ColorRGB
 90
        0
102
RTVSPost2010PropOp41
 70
     1
102
RTVSPost2010Prop42
 90
       50
102
RTVSPost2010PropOp42
 70
     1
102
RTVSPost2010Prop43
 90
        3
102
RTVSPost2010PropOp43
 70
     1
102
RTVSPost2010Prop44ColorIndex
 90
        5
102
RTVSPost2010Prop44ColorRGB
 90
      255
102
RTVSPost2010PropOp44
 70
     1
102
RTVSPost2010Prop45
280
     0
102
RTVSPost2010PropOp45
 70
     1
102
RTVSPost2010Prop46
 90
       50
102
RTVSPost2010PropOp46
 70
     1
102
RTVSPost2010Prop47
 90
       50
102
RTVSPost2010PropOp47
 70
     1
102
RTVSPost2010Prop48
 90
       50
102
RTVSPost2010PropOp48
 70
     1
102
RTVSPost2010Prop49
280
     0
102
RTVSPost2010PropOp49
 70
     1
102
RTVSPost2010Prop50
 90
       50
102
RTVSPost2010PropOp50
 70
     1
102
RTVSPost2010Prop51ColorIndex
 90
      256
102
RTVSPost2010Prop51ColorRGB
 90
-16777216
102
RTVSPost2010PropOp51
 70
     0
102
RTVSPost2010Prop52
140
1.0
102
RTVSPost2010PropOp52
 70
     0
102
RTVSPost2010Prop53
 90
        2
102
RTVSPost2010PropOp53
 70
     1
102
RTVSPost2010Prop54
  1
strokes_ogs.tif
102
RTVSPost2010PropOp54
 70
     1
102
RTVSPost2010Prop55
280
     0
102
RTVSPost2010PropOp55
 70
     1
102
RTVSPost2010Prop56
140
1.0
102
RTVSPost2010PropOp56
 70
     1
102
RTVSPost2010Prop57
140
1.0
102
RTVSPost2010PropOp57
 70
     1
  0
XRECORD
  5
DD
102
{ACAD_REACTORS
330
DC
102
}
330
DC
100
AcDbXrecord
280
     1
102
RTVSPropertyOp0
 70
     1
102
RTVSPropertyOp1
 70
     1
102
RTVSPropertyOp2
 70
     1
102
RTVSPropertyOp3
 70
     1
102
RTVSPropertyOp4
 70
     1
102
RTVSPropertyOp5
 70
     1
102
RTVSPropertyOp6
 70
     1
102
RTVSPropertyOp7
 70
     1
102
RTVSPropertyOp8
 70
     1
102
RTVSPropertyOp9
 70
     1
102
RTVSPropertyOp10
 70
     1
102
RTVSPropertyOp11
 70
     1
102
RTVSPropertyOp12
 70
     1
102
RTVSPropertyOp13
 70
     1
102
RTVSPropertyOp14
 70
     1
102
RTVSPropertyOp15
 70
     1
102
RTVSPropertyOp16
 70
     1
102
RTVSPropertyOp17
 70
     1
102
RTVSPropertyOp18
 70
     1
102
RTVSPropertyOp19
 70
     1
102
RTVSPropertyOp20
 70
     1
102
RTVSPropertyOp21
 70
     1
102
RTVSPropertyOp22
 70
     1
102
RTVSPropertyOp23
 70
     1
102
RTVSPropertyOp24
 70
     1
102
RTVSPropertyOp25
 70
     1
102
RTVSPropertyOp26
 70
     1
102
RTVSPropertyOp27
 70
     1
102
RTVSPropertyOp28
 70
     1
102
RTVSPropertyOp29
 70
     1
102
RTVSPropertyOp30
 70
     1
102
RTVSPropertyOp31
 70
     1
102
RTVSPropertyOp32
 70
     1
102
RTVSPropertyOp33
 70
     1
102
RTVSPropertyOp34
 70
     1
102
RTVSPropertyOp35
 70
     1
102
RTVSPropertyOp36
 70
     1
102
RTVSPropertyOp37
 70
     1
102
RTVSPropertyOp38
 70
     1
102
RTVSPropertyOp39
 70
     1
102
RTVSPropertyOp40
 70
     1
102
RTVSPropertyOp41
 70
     1
102
RTVSPropertyOp42
 70
     1
102
RTVSPropertyOp43
 70
     1
102
RTVSPropertyOp44
 70
     1
102
RTVSPropertyOp45
 70
     1
102
RTVSPropertyOp46
 70
     1
102
RTVSPropertyOp47
 70
     1
102
RTVSPropertyOp48
 70
     1
102
RTVSPropertyOp49
 70
     1
102
RTVSPropertyOp50
 70
     1
102
RTVSPropertyOp51
 70
     0
102
RTVSPropertyOp52
 70
     0
102
RTVSPropertyOp53
 70
     1
102
RTVSPropertyOp54
 70
     1
102
RTVSPropertyOp55
 70
     1
102
RTVSPropertyOp56
 70
     1
102
RTVSPropertyOp57
 70
     1
102
RTVSPost2010Prop28
280
     0
102
RTVSPost2010PropOp28
 70
     1
102
RTVSPost2010Prop29
280
     1
102
RTVSPost2010PropOp29
 70
     1
102
RTVSPost2010Prop30
280
     1
102
RTVSPost2010PropOp30
 70
     1
102
RTVSPost2010Prop31
280
     0
102
RTVSPost2010PropOp31
 70
     1
102
RTVSPost2010Prop32
280
     0
102
RTVSPost2010PropOp32
 70
     1
102
RTVSPost2010Prop33
280
     0
102
RTVSPost2010PropOp33
 70
     1
102
RTVSPost2010Prop34
280
     0
102
RTVSPost2010PropOp34
 70
     1
102
RTVSPost2010Prop35
280
     0
102
RTVSPost2010PropOp35
 70
     1
102
RTVSPost2010Prop36
280
     0
102
RTVSPost2010PropOp36
 70
     1
102
RTVSPost2010Prop37
 90
       50
102
RTVSPost2010PropOp37
 70
     1
102
RTVSPost2010Prop38
140
0.0
102
RTVSPost2010PropOp38
 70
     1
102
RTVSPost2010Prop39
140
1.0
102
RTVSPost2010PropOp39
 70
     1
102
RTVSPost2010Prop40
 90
        0
102
RTVSPost2010PropOp40
 70
     1
102
RTVSPost2010Prop41ColorIndex
 90
       18
102
RTVSPost2010Prop41ColorRGB
 90
        0
102
RTVSPost2010PropOp41
 70
     1
102
RTVSPost2010Prop42
 90
       50
102
RTVSPost2010PropOp42
 70
     1
102
RTVSPost2010Prop43
 90
        3
102
RTVSPost2010PropOp43
 70
     1
102
RTVSPost2010Prop44ColorIndex
 90
        5
102
RTVSPost2010Prop44ColorRGB
 90
      255
102
RTVSPost2010PropOp44
 70
     1
102
RTVSPost2010Prop45
280
     0
102
RTVSPost2010PropOp45
 70
     1
102
RTVSPost2010Prop46
 90
       50
102
RTVSPost2010PropOp46
 70
     1
102
RTVSPost2010Prop47
 90
       50
102
RTVSPost2010PropOp47
 70
     1
102
RTVSPost2010Prop48
 90
       50
102
RTVSPost2010PropOp48
 70
     1
102
RTVSPost2010Prop49
280
     0
102
RTVSPost2010PropOp49
 70
     1
102
RTVSPost2010Prop50
 90
       50
102
RTVSPost2010PropOp50
 70
     1
102
RTVSPost2010Prop51ColorIndex
 90
      256
102
RTVSPost2010Prop51ColorRGB
 90
-16777216
102
RTVSPost2010PropOp51
 70
     0
102
RTVSPost2010Prop52
140
1.0
102
RTVSPost2010PropOp52
 70
     0
102
RTVSPost2010Prop53
 90
        2
102
RTVSPost2010PropOp53
 70
     1
102
RTVSPost2010Prop54
  1
strokes_ogs.tif
102
RTVSPost2010PropOp54
 70
     1
102
RTVSPost2010Prop55
280
     0
102
RTVSPost2010PropOp55
 70
     1
102
RTVSPost2010Prop56
140
1.0
102
RTVSPost2010PropOp56
 70
     1
102
RTVSPost2010Prop57
140
1.0
102
RTVSPost2010PropOp57
 70
     1
  0
XRECORD
  5
D1
102
{ACAD_REACTORS
330
D0
102
}
330
D0
100
AcDbXrecord
280
     1
102
RTVSPropertyOp0
 70
     1
102
RTVSPropertyOp1
 70
     1
102
RTVSPropertyOp2
 70
     1
102
RTVSPropertyOp3
 70
     1
102
RTVSPropertyOp4
 70
     1
102
RTVSPropertyOp5
 70
     1
102
RTVSPropertyOp6
 70
     1
102
RTVSPropertyOp7
 70
     1
102
RTVSPropertyOp8
 70
     1
102
RTVSPropertyOp9
 70
     1
102
RTVSPropertyOp10
 70
     1
102
RTVSPropertyOp11
 70
     1
102
RTVSPropertyOp12
 70
     1
102
RTVSPropertyOp13
 70
     1
102
RTVSPropertyOp14
 70
     1
102
RTVSPropertyOp15
 70
     1
102
RTVSPropertyOp16
 70
     1
102
RTVSPropertyOp17
 70
     1
102
RTVSPropertyOp18
 70
     1
102
RTVSPropertyOp19
 70
     1
102
RTVSPropertyOp20
 70
     1
102
RTVSPropertyOp21
 70
     1
102
RTVSPropertyOp22
 70
     1
102
RTVSPropertyOp23
 70
     1
102
RTVSPropertyOp24
 70
     1
102
RTVSPropertyOp25
 70
     1
102
RTVSPropertyOp26
 70
     1
102
RTVSPropertyOp27
 70
     1
102
RTVSPropertyOp28
 70
     1
102
RTVSPropertyOp29
 70
     1
102
RTVSPropertyOp30
 70
     1
102
RTVSPropertyOp31
 70
     1
102
RTVSPropertyOp32
 70
     1
102
RTVSPropertyOp33
 70
     1
102
RTVSPropertyOp34
 70
     1
102
RTVSPropertyOp35
 70
     1
102
RTVSPropertyOp36
 70
     1
102
RTVSPropertyOp37
 70
     1
102
RTVSPropertyOp38
 70
     1
102
RTVSPropertyOp39
 70
     1
102
RTVSPropertyOp40
 70
     1
102
RTVSPropertyOp41
 70
     1
102
RTVSPropertyOp42
 70
     1
102
RTVSPropertyOp43
 70
     1
102
RTVSPropertyOp44
 70
     1
102
RTVSPropertyOp45
 70
     1
102
RTVSPropertyOp46
 70
     1
102
RTVSPropertyOp47
 70
     1
102
RTVSPropertyOp48
 70
     1
102
RTVSPropertyOp49
 70
     1
102
RTVSPropertyOp50
 70
     1
102
RTVSPropertyOp51
 70
     0
102
RTVSPropertyOp52
 70
     0
102
RTVSPropertyOp53
 70
     1
102
RTVSPropertyOp54
 70
     1
102
RTVSPropertyOp55
 70
     1
102
RTVSPropertyOp56
 70
     1
102
RTVSPropertyOp57
 70
     1
102
RTVSPost2010Prop28
280
     0
102
RTVSPost2010PropOp28
 70
     1
102
RTVSPost2010Prop29
280
     1
102
RTVSPost2010PropOp29
 70
     1
102
RTVSPost2010Prop30
280
     1
102
RTVSPost2010PropOp30
 70
     1
102
RTVSPost2010Prop31
280
     0
102
RTVSPost2010PropOp31
 70
     1
102
RTVSPost2010Prop32
280
     0
102
RTVSPost2010PropOp32
 70
     1
102
RTVSPost2010Prop33
280
     0
102
RTVSPost2010PropOp33
 70
     1
102
RTVSPost2010Prop34
280
     0
102
RTVSPost2010PropOp34
 70
     1
102
RTVSPost2010Prop35
280
     0
102
RTVSPost2010PropOp35
 70
     1
102
RTVSPost2010Prop36
280
     0
102
RTVSPost2010PropOp36
 70
     1
102
RTVSPost2010Prop37
 90
       50
102
RTVSPost2010PropOp37
 70
     1
102
RTVSPost2010Prop38
140
0.0
102
RTVSPost2010PropOp38
 70
     1
102
RTVSPost2010Prop39
140
1.0
102
RTVSPost2010PropOp39
 70
     1
102
RTVSPost2010Prop40
 90
        0
102
RTVSPost2010PropOp40
 70
     1
102
RTVSPost2010Prop41ColorIndex
 90
       18
102
RTVSPost2010Prop41ColorRGB
 90
        0
102
RTVSPost2010PropOp41
 70
     1
102
RTVSPost2010Prop42
 90
       50
102
RTVSPost2010PropOp42
 70
     1
102
RTVSPost2010Prop43
 90
        3
102
RTVSPost2010PropOp43
 70
     1
102
RTVSPost2010Prop44ColorIndex
 90
        5
102
RTVSPost2010Prop44ColorRGB
 90
      255
102
RTVSPost2010PropOp44
 70
     1
102
RTVSPost2010Prop45
280
     0
102
RTVSPost2010PropOp45
 70
     1
102
RTVSPost2010Prop46
 90
       50
102
RTVSPost2010PropOp46
 70
     1
102
RTVSPost2010Prop47
 90
       50
102
RTVSPost2010PropOp47
 70
     1
102
RTVSPost2010Prop48
 90
       50
102
RTVSPost2010PropOp48
 70
     1
102
RTVSPost2010Prop49
280
     0
102
RTVSPost2010PropOp49
 70
     1
102
RTVSPost2010Prop50
 90
       50
102
RTVSPost2010PropOp50
 70
     1
102
RTVSPost2010Prop51ColorIndex
 90
      256
102
RTVSPost2010Prop51ColorRGB
 90
-16777216
102
RTVSPost2010PropOp51
 70
     0
102
RTVSPost2010Prop52
140
1.0
102
RTVSPost2010PropOp52
 70
     0
102
RTVSPost2010Prop53
 90
        2
102
RTVSPost2010PropOp53
 70
     1
102
RTVSPost2010Prop54
  1
strokes_ogs.tif
102
RTVSPost2010PropOp54
 70
     1
102
RTVSPost2010Prop55
280
     0
102
RTVSPost2010PropOp55
 70
     1
102
RTVSPost2010Prop56
140
1.0
102
RTVSPost2010PropOp56
 70
     1
102
RTVSPost2010Prop57
140
1.0
102
RTVSPost2010PropOp57
 70
     1
  0
XRECORD
  5
D3
102
{ACAD_REACTORS
330
D2
102
}
330
D2
100
AcDbXrecord
280
     1
102
RTVSPropertyOp0
 70
     1
102
RTVSPropertyOp1
 70
     1
102
RTVSPropertyOp2
 70
     1
102
RTVSPropertyOp3
 70
     1
102
RTVSPropertyOp4
 70
     1
102
RTVSPropertyOp5
 70
     1
102
RTVSPropertyOp6
 70
     1
102
RTVSPropertyOp7
 70
     1
102
RTVSPropertyOp8
 70
     1
102
RTVSPropertyOp9
 70
     1
102
RTVSPropertyOp10
 70
     1
102
RTVSPropertyOp11
 70
     1
102
RTVSPropertyOp12
 70
     1
102
RTVSPropertyOp13
 70
     1
102
RTVSPropertyOp14
 70
     1
102
RTVSPropertyOp15
 70
     1
102
RTVSPropertyOp16
 70
     1
102
RTVSPropertyOp17
 70
     1
102
RTVSPropertyOp18
 70
     1
102
RTVSPropertyOp19
 70
     1
102
RTVSPropertyOp20
 70
     1
102
RTVSPropertyOp21
 70
     1
102
RTVSPropertyOp22
 70
     1
102
RTVSPropertyOp23
 70
     1
102
RTVSPropertyOp24
 70
     1
102
RTVSPropertyOp25
 70
     1
102
RTVSPropertyOp26
 70
     1
102
RTVSPropertyOp27
 70
     1
102
RTVSPropertyOp28
 70
     1
102
RTVSPropertyOp29
 70
     1
102
RTVSPropertyOp30
 70
     1
102
RTVSPropertyOp31
 70
     1
102
RTVSPropertyOp32
 70
     1
102
RTVSPropertyOp33
 70
     1
102
RTVSPropertyOp34
 70
     1
102
RTVSPropertyOp35
 70
     1
102
RTVSPropertyOp36
 70
     1
102
RTVSPropertyOp37
 70
     1
102
RTVSPropertyOp38
 70
     1
102
RTVSPropertyOp39
 70
     1
102
RTVSPropertyOp40
 70
     1
102
RTVSPropertyOp41
 70
     1
102
RTVSPropertyOp42
 70
     1
102
RTVSPropertyOp43
 70
     1
102
RTVSPropertyOp44
 70
     1
102
RTVSPropertyOp45
 70
     1
102
RTVSPropertyOp46
 70
     1
102
RTVSPropertyOp47
 70
     1
102
RTVSPropertyOp48
 70
     1
102
RTVSPropertyOp49
 70
     1
102
RTVSPropertyOp50
 70
     1
102
RTVSPropertyOp51
 70
     0
102
RTVSPropertyOp52
 70
     0
102
RTVSPropertyOp53
 70
     1
102
RTVSPropertyOp54
 70
     1
102
RTVSPropertyOp55
 70
     1
102
RTVSPropertyOp56
 70
     1
102
RTVSPropertyOp57
 70
     1
102
RTVSPost2010Prop28
280
     0
102
RTVSPost2010PropOp28
 70
     1
102
RTVSPost2010Prop29
280
     1
102
RTVSPost2010PropOp29
 70
     1
102
RTVSPost2010Prop30
280
     1
102
RTVSPost2010PropOp30
 70
     1
102
RTVSPost2010Prop31
280
     0
102
RTVSPost2010PropOp31
 70
     1
102
RTVSPost2010Prop32
280
     0
102
RTVSPost2010PropOp32
 70
     1
102
RTVSPost2010Prop33
280
     0
102
RTVSPost2010PropOp33
 70
     1
102
RTVSPost2010Prop34
280
     0
102
RTVSPost2010PropOp34
 70
     1
102
RTVSPost2010Prop35
280
     0
102
RTVSPost2010PropOp35
 70
     1
102
RTVSPost2010Prop36
280
     0
102
RTVSPost2010PropOp36
 70
     1
102
RTVSPost2010Prop37
 90
       50
102
RTVSPost2010PropOp37
 70
     1
102
RTVSPost2010Prop38
140
0.0
102
RTVSPost2010PropOp38
 70
     1
102
RTVSPost2010Prop39
140
1.0
102
RTVSPost2010PropOp39
 70
     1
102
RTVSPost2010Prop40
 90
        0
102
RTVSPost2010PropOp40
 70
     1
102
RTVSPost2010Prop41ColorIndex
 90
       18
102
RTVSPost2010Prop41ColorRGB
 90
        0
102
RTVSPost2010PropOp41
 70
     1
102
RTVSPost2010Prop42
 90
       50
102
RTVSPost2010PropOp42
 70
     1
102
RTVSPost2010Prop43
 90
        3
102
RTVSPost2010PropOp43
 70
     1
102
RTVSPost2010Prop44ColorIndex
 90
        5
102
RTVSPost2010Prop44ColorRGB
 90
      255
102
RTVSPost2010PropOp44
 70
     1
102
RTVSPost2010Prop45
280
     0
102
RTVSPost2010PropOp45
 70
     1
102
RTVSPost2010Prop46
 90
       50
102
RTVSPost2010PropOp46
 70
     1
102
RTVSPost2010Prop47
 90
       50
102
RTVSPost2010PropOp47
 70
     1
102
RTVSPost2010Prop48
 90
       50
102
RTVSPost2010PropOp48
 70
     1
102
RTVSPost2010Prop49
280
     0
102
RTVSPost2010PropOp49
 70
     1
102
RTVSPost2010Prop50
 90
       50
102
RTVSPost2010PropOp50
 70
     1
102
RTVSPost2010Prop51ColorIndex
 90
      256
102
RTVSPost2010Prop51ColorRGB
 90
-16777216
102
RTVSPost2010PropOp51
 70
     0
102
RTVSPost2010Prop52
140
1.0
102
RTVSPost2010PropOp52
 70
     0
102
RTVSPost2010Prop53
 90
        2
102
RTVSPost2010PropOp53
 70
     1
102
RTVSPost2010Prop54
  1
strokes_ogs.tif
102
RTVSPost2010PropOp54
 70
     1
102
RTVSPost2010Prop55
280
     0
102
RTVSPost2010PropOp55
 70
     1
102
RTVSPost2010Prop56
140
1.0
102
RTVSPost2010PropOp56
 70
     1
102
RTVSPost2010Prop57
140
1.0
102
RTVSPost2010PropOp57
 70
     1
  0
XRECORD
  5
E3
102
{ACAD_REACTORS
330
E2
102
}
330
E2
100
AcDbXrecord
280
     1
102
RTVSPropertyOp0
 70
     0
102
RTVSPropertyOp1
 70
     0
102
RTVSPropertyOp2
 70
     0
102
RTVSPropertyOp3
 70
     0
102
RTVSPropertyOp4
 70
     0
102
RTVSPropertyOp5
 70
     0
102
RTVSPropertyOp6
 70
     0
102
RTVSPropertyOp7
 70
     0
102
RTVSPropertyOp8
 70
     0
102
RTVSPropertyOp9
 70
     0
102
RTVSPropertyOp10
 70
     0
102
RTVSPropertyOp11
 70
     0
102
RTVSPropertyOp12
 70
     0
102
RTVSPropertyOp13
 70
     0
102
RTVSPropertyOp14
 70
     2
102
RTVSPropertyOp15
 70
     0
102
RTVSPropertyOp16
 70
     0
102
RTVSPropertyOp17
 70
     0
102
RTVSPropertyOp18
 70
     0
102
RTVSPropertyOp19
 70
     0
102
RTVSPropertyOp20
 70
     0
102
RTVSPropertyOp21
 70
     0
102
RTVSPropertyOp22
 70
     0
102
RTVSPropertyOp23
 70
     0
102
RTVSPropertyOp24
 70
     0
102
RTVSPropertyOp25
 70
     0
102
RTVSPropertyOp26
 70
     0
102
RTVSPropertyOp27
 70
     0
102
RTVSPropertyOp28
 70
     0
102
RTVSPropertyOp29
 70
     0
102
RTVSPropertyOp30
 70
     0
102
RTVSPropertyOp31
 70
     0
102
RTVSPropertyOp32
 70
     0
102
RTVSPropertyOp33
 70
     0
102
RTVSPropertyOp34
 70
     0
102
RTVSPropertyOp35
 70
     0
102
RTVSPropertyOp36
 70
     0
102
RTVSPropertyOp37
 70
     0
102
RTVSPropertyOp38
 70
     0
102
RTVSPropertyOp39
 70
     0
102
RTVSPropertyOp40
 70
     0
102
RTVSPropertyOp41
 70
     0
102
RTVSPropertyOp42
 70
     0
102
RTVSPropertyOp43
 70
     0
102
RTVSPropertyOp44
 70
     0
102
RTVSPropertyOp45
 70
     0
102
RTVSPropertyOp46
 70
     0
102
RTVSPropertyOp47
 70
     0
102
RTVSPropertyOp48
 70
     0
102
RTVSPropertyOp49
 70
     0
102
RTVSPropertyOp50
 70
     0
102
RTVSPropertyOp51
 70
     0
102
RTVSPropertyOp52
 70
     0
102
RTVSPropertyOp53
 70
     0
102
RTVSPropertyOp54
 70
     0
102
RTVSPropertyOp55
 70
     0
102
RTVSPropertyOp56
 70
     0
102
RTVSPropertyOp57
 70
     0
102
RTVSPost2010Prop28
280
     0
102
RTVSPost2010PropOp28
 70
     0
102
RTVSPost2010Prop29
280
     1
102
RTVSPost2010PropOp29
 70
     0
102
RTVSPost2010Prop30
280
     1
102
RTVSPost2010PropOp30
 70
     0
102
RTVSPost2010Prop31
280
     0
102
RTVSPost2010PropOp31
 70
     0
102
RTVSPost2010Prop32
280
     0
102
RTVSPost2010PropOp32
 70
     0
102
RTVSPost2010Prop33
280
     0
102
RTVSPost2010PropOp33
 70
     0
102
RTVSPost2010Prop34
280
     0
102
RTVSPost2010PropOp34
 70
     0
102
RTVSPost2010Prop35
280
     0
102
RTVSPost2010PropOp35
 70
     0
102
RTVSPost2010Prop36
280
     0
102
RTVSPost2010PropOp36
 70
     0
102
RTVSPost2010Prop37
 90
       50
102
RTVSPost2010PropOp37
 70
     0
102
RTVSPost2010Prop38
140
0.0
102
RTVSPost2010PropOp38
 70
     0
102
RTVSPost2010Prop39
140
1.0
102
RTVSPost2010PropOp39
 70
     0
102
RTVSPost2010Prop40
 90
        0
102
RTVSPost2010PropOp40
 70
     0
102
RTVSPost2010Prop41ColorIndex
 90
       18
102
RTVSPost2010Prop41ColorRGB
 90
        0
102
RTVSPost2010PropOp41
 70
     0
102
RTVSPost2010Prop42
 90
       50
102
RTVSPost2010PropOp42
 70
     0
102
RTVSPost2010Prop43
 90
        3
102
RTVSPost2010PropOp43
 70
     0
102
RTVSPost2010Prop44ColorIndex
 90
        5
102
RTVSPost2010Prop44ColorRGB
 90
      255
102
RTVSPost2010PropOp44
 70
     0
102
RTVSPost2010Prop45
280
     0
102
RTVSPost2010PropOp45
 70
     0
102
RTVSPost2010Prop46
 90
       50
102
RTVSPost2010PropOp46
 70
     0
102
RTVSPost2010Prop47
 90
       50
102
RTVSPost2010PropOp47
 70
     0
102
RTVSPost2010Prop48
 90
       50
102
RTVSPost2010PropOp48
 70
     0
102
RTVSPost2010Prop49
280
     0
102
RTVSPost2010PropOp49
 70
     0
102
RTVSPost2010Prop50
 90
       50
102
RTVSPost2010PropOp50
 70
     0
102
RTVSPost2010Prop51ColorIndex
 90
      256
102
RTVSPost2010Prop51ColorRGB
 90
-16777216
102
RTVSPost2010PropOp51
 70
     0
102
RTVSPost2010Prop52
140
1.0
102
RTVSPost2010PropOp52
 70
     0
102
RTVSPost2010Prop53
 90
        2
102
RTVSPost2010PropOp53
 70
     0
102
RTVSPost2010Prop54
  1
strokes_ogs.tif
102
RTVSPost2010PropOp54
 70
     0
102
RTVSPost2010Prop55
280
     0
102
RTVSPost2010PropOp55
 70
     0
102
RTVSPost2010Prop56
140
1.0
102
RTVSPost2010PropOp56
 70
     0
102
RTVSPost2010Prop57
140
1.0
102
RTVSPost2010PropOp57
 70
     0
  0
XRECORD
  5
DB
102
{ACAD_REACTORS
330
DA
102
}
330
DA
100
AcDbXrecord
280
     1
102
RTVSPropertyOp0
 70
     1
102
RTVSPropertyOp1
 70
     1
102
RTVSPropertyOp2
 70
     1
102
RTVSPropertyOp3
 70
     1
102
RTVSPropertyOp4
 70
     1
102
RTVSPropertyOp5
 70
     1
102
RTVSPropertyOp6
 70
     1
102
RTVSPropertyOp7
 70
     1
102
RTVSPropertyOp8
 70
     1
102
RTVSPropertyOp9
 70
     1
102
RTVSPropertyOp10
 70
     1
102
RTVSPropertyOp11
 70
     1
102
RTVSPropertyOp12
 70
     1
102
RTVSPropertyOp13
 70
     1
102
RTVSPropertyOp14
 70
     1
102
RTVSPropertyOp15
 70
     1
102
RTVSPropertyOp16
 70
     1
102
RTVSPropertyOp17
 70
     1
102
RTVSPropertyOp18
 70
     1
102
RTVSPropertyOp19
 70
     1
102
RTVSPropertyOp20
 70
     1
102
RTVSPropertyOp21
 70
     1
102
RTVSPropertyOp22
 70
     1
102
RTVSPropertyOp23
 70
     1
102
RTVSPropertyOp24
 70
     1
102
RTVSPropertyOp25
 70
     1
102
RTVSPropertyOp26
 70
     1
102
RTVSPropertyOp27
 70
     1
102
RTVSPropertyOp28
 70
     1
102
RTVSPropertyOp29
 70
     1
102
RTVSPropertyOp30
 70
     1
102
RTVSPropertyOp31
 70
     1
102
RTVSPropertyOp32
 70
     1
102
RTVSPropertyOp33
 70
     1
102
RTVSPropertyOp34
 70
     1
102
RTVSPropertyOp35
 70
     1
102
RTVSPropertyOp36
 70
     1
102
RTVSPropertyOp37
 70
     1
102
RTVSPropertyOp38
 70
     1
102
RTVSPropertyOp39
 70
     1
102
RTVSPropertyOp40
 70
     1
102
RTVSPropertyOp41
 70
     1
102
RTVSPropertyOp42
 70
     1
102
RTVSPropertyOp43
 70
     1
102
RTVSPropertyOp44
 70
     1
102
RTVSPropertyOp45
 70
     1
102
RTVSPropertyOp46
 70
     1
102
RTVSPropertyOp47
 70
     1
102
RTVSPropertyOp48
 70
     1
102
RTVSPropertyOp49
 70
     1
102
RTVSPropertyOp50
 70
     1
102
RTVSPropertyOp51
 70
     0
102
RTVSPropertyOp52
 70
     0
102
RTVSPropertyOp53
 70
     1
102
RTVSPropertyOp54
 70
     1
102
RTVSPropertyOp55
 70
     1
102
RTVSPropertyOp56
 70
     1
102
RTVSPropertyOp57
 70
     1
102
RTVSPost2010Prop28
280
     0
102
RTVSPost2010PropOp28
 70
     1
102
RTVSPost2010Prop29
280
     1
102
RTVSPost2010PropOp29
 70
     1
102
RTVSPost2010Prop30
280
     1
102
RTVSPost2010PropOp30
 70
     1
102
RTVSPost2010Prop31
280
     0
102
RTVSPost2010PropOp31
 70
     1
102
RTVSPost2010Prop32
280
     0
102
RTVSPost2010PropOp32
 70
     1
102
RTVSPost2010Prop33
280
     0
102
RTVSPost2010PropOp33
 70
     1
102
RTVSPost2010Prop34
280
     0
102
RTVSPost2010PropOp34
 70
     1
102
RTVSPost2010Prop35
280
     0
102
RTVSPost2010PropOp35
 70
     1
102
RTVSPost2010Prop36
280
     0
102
RTVSPost2010PropOp36
 70
     1
102
RTVSPost2010Prop37
 90
       50
102
RTVSPost2010PropOp37
 70
     1
102
RTVSPost2010Prop38
140
0.0
102
RTVSPost2010PropOp38
 70
     1
102
RTVSPost2010Prop39
140
1.0
102
RTVSPost2010PropOp39
 70
     1
102
RTVSPost2010Prop40
 90
        0
102
RTVSPost2010PropOp40
 70
     1
102
RTVSPost2010Prop41ColorIndex
 90
       18
102
RTVSPost2010Prop41ColorRGB
 90
        0
102
RTVSPost2010PropOp41
 70
     1
102
RTVSPost2010Prop42
 90
       50
102
RTVSPost2010PropOp42
 70
     1
102
RTVSPost2010Prop43
 90
        3
102
RTVSPost2010PropOp43
 70
     1
102
RTVSPost2010Prop44ColorIndex
 90
        5
102
RTVSPost2010Prop44ColorRGB
 90
      255
102
RTVSPost2010PropOp44
 70
     1
102
RTVSPost2010Prop45
280
     0
102
RTVSPost2010PropOp45
 70
     1
102
RTVSPost2010Prop46
 90
       50
102
RTVSPost2010PropOp46
 70
     1
102
RTVSPost2010Prop47
 90
       50
102
RTVSPost2010PropOp47
 70
     1
102
RTVSPost2010Prop48
 90
       50
102
RTVSPost2010PropOp48
 70
     1
102
RTVSPost2010Prop49
280
     0
102
RTVSPost2010PropOp49
 70
     1
102
RTVSPost2010Prop50
 90
       50
102
RTVSPost2010PropOp50
 70
     1
102
RTVSPost2010Prop51ColorIndex
 90
      256
102
RTVSPost2010Prop51ColorRGB
 90
-16777216
102
RTVSPost2010PropOp51
 70
     0
102
RTVSPost2010Prop52
140
1.0
102
RTVSPost2010PropOp52
 70
     0
102
RTVSPost2010Prop53
 90
        2
102
RTVSPost2010PropOp53
 70
     1
102
RTVSPost2010Prop54
  1
strokes_ogs.tif
102
RTVSPost2010PropOp54
 70
     1
102
RTVSPost2010Prop55
280
     0
102
RTVSPost2010PropOp55
 70
     1
102
RTVSPost2010Prop56
140
1.0
102
RTVSPost2010PropOp56
 70
     1
102
RTVSPost2010Prop57
140
1.0
102
RTVSPost2010PropOp57
 70
     1
  0
XRECORD
  5
BF
102
{ACAD_REACTORS
330
BE
102
}
330
BE
100
AcDbXrecord
280
     1
102
RTVSPropertyOp0
 70
     1
102
RTVSPropertyOp1
 70
     1
102
RTVSPropertyOp2
 70
     1
102
RTVSPropertyOp3
 70
     1
102
RTVSPropertyOp4
 70
     1
102
RTVSPropertyOp5
 70
     1
102
RTVSPropertyOp6
 70
     1
102
RTVSPropertyOp7
 70
     1
102
RTVSPropertyOp8
 70
     1
102
RTVSPropertyOp9
 70
     1
102
RTVSPropertyOp10
 70
     1
102
RTVSPropertyOp11
 70
     1
102
RTVSPropertyOp12
 70
     1
102
RTVSPropertyOp13
 70
     1
102
RTVSPropertyOp14
 70
     1
102
RTVSPropertyOp15
 70
     1
102
RTVSPropertyOp16
 70
     1
102
RTVSPropertyOp17
 70
     1
102
RTVSPropertyOp18
 70
     1
102
RTVSPropertyOp19
 70
     1
102
RTVSPropertyOp20
 70
     1
102
RTVSPropertyOp21
 70
     1
102
RTVSPropertyOp22
 70
     1
102
RTVSPropertyOp23
 70
     1
102
RTVSPropertyOp24
 70
     1
102
RTVSPropertyOp25
 70
     1
102
RTVSPropertyOp26
 70
     1
102
RTVSPropertyOp27
 70
     1
102
RTVSPropertyOp28
 70
     1
102
RTVSPropertyOp29
 70
     1
102
RTVSPropertyOp30
 70
     1
102
RTVSPropertyOp31
 70
     1
102
RTVSPropertyOp32
 70
     1
102
RTVSPropertyOp33
 70
     1
102
RTVSPropertyOp34
 70
     1
102
RTVSPropertyOp35
 70
     1
102
RTVSPropertyOp36
 70
     1
102
RTVSPropertyOp37
 70
     1
102
RTVSPropertyOp38
 70
     1
102
RTVSPropertyOp39
 70
     1
102
RTVSPropertyOp40
 70
     1
102
RTVSPropertyOp41
 70
     1
102
RTVSPropertyOp42
 70
     1
102
RTVSPropertyOp43
 70
     1
102
RTVSPropertyOp44
 70
     1
102
RTVSPropertyOp45
 70
     1
102
RTVSPropertyOp46
 70
     1
102
RTVSPropertyOp47
 70
     1
102
RTVSPropertyOp48
 70
     1
102
RTVSPropertyOp49
 70
     1
102
RTVSPropertyOp50
 70
     1
102
RTVSPropertyOp51
 70
     0
102
RTVSPropertyOp52
 70
     0
102
RTVSPropertyOp53
 70
     1
102
RTVSPropertyOp54
 70
     1
102
RTVSPropertyOp55
 70
     1
102
RTVSPropertyOp56
 70
     1
102
RTVSPropertyOp57
 70
     1
102
RTVSPost2010Prop28
280
     0
102
RTVSPost2010PropOp28
 70
     1
102
RTVSPost2010Prop29
280
     1
102
RTVSPost2010PropOp29
 70
     1
102
RTVSPost2010Prop30
280
     1
102
RTVSPost2010PropOp30
 70
     1
102
RTVSPost2010Prop31
280
     0
102
RTVSPost2010PropOp31
 70
     1
102
RTVSPost2010Prop32
280
     0
102
RTVSPost2010PropOp32
 70
     1
102
RTVSPost2010Prop33
280
     0
102
RTVSPost2010PropOp33
 70
     1
102
RTVSPost2010Prop34
280
     0
102
RTVSPost2010PropOp34
 70
     1
102
RTVSPost2010Prop35
280
     0
102
RTVSPost2010PropOp35
 70
     1
102
RTVSPost2010Prop36
280
     0
102
RTVSPost2010PropOp36
 70
     1
102
RTVSPost2010Prop37
 90
       50
102
RTVSPost2010PropOp37
 70
     1
102
RTVSPost2010Prop38
140
0.0
102
RTVSPost2010PropOp38
 70
     1
102
RTVSPost2010Prop39
140
1.0
102
RTVSPost2010PropOp39
 70
     1
102
RTVSPost2010Prop40
 90
        0
102
RTVSPost2010PropOp40
 70
     1
102
RTVSPost2010Prop41ColorIndex
 90
       18
102
RTVSPost2010Prop41ColorRGB
 90
        0
102
RTVSPost2010PropOp41
 70
     1
102
RTVSPost2010Prop42
 90
       50
102
RTVSPost2010PropOp42
 70
     1
102
RTVSPost2010Prop43
 90
        3
102
RTVSPost2010PropOp43
 70
     1
102
RTVSPost2010Prop44ColorIndex
 90
        5
102
RTVSPost2010Prop44ColorRGB
 90
      255
102
RTVSPost2010PropOp44
 70
     1
102
RTVSPost2010Prop45
280
     0
102
RTVSPost2010PropOp45
 70
     1
102
RTVSPost2010Prop46
 90
       50
102
RTVSPost2010PropOp46
 70
     1
102
RTVSPost2010Prop47
 90
       50
102
RTVSPost2010PropOp47
 70
     1
102
RTVSPost2010Prop48
 90
       50
102
RTVSPost2010PropOp48
 70
     1
102
RTVSPost2010Prop49
280
     0
102
RTVSPost2010PropOp49
 70
     1
102
RTVSPost2010Prop50
 90
       50
102
RTVSPost2010PropOp50
 70
     1
102
RTVSPost2010Prop51ColorIndex
 90
      256
102
RTVSPost2010Prop51ColorRGB
 90
-16777216
102
RTVSPost2010PropOp51
 70
     0
102
RTVSPost2010Prop52
140
1.0
102
RTVSPost2010PropOp52
 70
     0
102
RTVSPost2010Prop53
 90
        2
102
RTVSPost2010PropOp53
 70
     1
102
RTVSPost2010Prop54
  1
strokes_ogs.tif
102
RTVSPost2010PropOp54
 70
     1
102
RTVSPost2010Prop55
280
     0
102
RTVSPost2010PropOp55
 70
     1
102
RTVSPost2010Prop56
140
1.0
102
RTVSPost2010PropOp56
 70
     1
102
RTVSPost2010Prop57
140
1.0
102
RTVSPost2010PropOp57
 70
     1
  0
XRECORD
  5
C1
102
{ACAD_REACTORS
330
C0
102
}
330
C0
100
AcDbXrecord
280
     1
102
RTVSPropertyOp0
 70
     1
102
RTVSPropertyOp1
 70
     1
102
RTVSPropertyOp2
 70
     1
102
RTVSPropertyOp3
 70
     1
102
RTVSPropertyOp4
 70
     1
102
RTVSPropertyOp5
 70
     1
102
RTVSPropertyOp6
 70
     1
102
RTVSPropertyOp7
 70
     1
102
RTVSPropertyOp8
 70
     1
102
RTVSPropertyOp9
 70
     1
102
RTVSPropertyOp10
 70
     1
102
RTVSPropertyOp11
 70
     1
102
RTVSPropertyOp12
 70
     1
102
RTVSPropertyOp13
 70
     1
102
RTVSPropertyOp14
 70
     1
102
RTVSPropertyOp15
 70
     1
102
RTVSPropertyOp16
 70
     1
102
RTVSPropertyOp17
 70
     1
102
RTVSPropertyOp18
 70
     1
102
RTVSPropertyOp19
 70
     1
102
RTVSPropertyOp20
 70
     1
102
RTVSPropertyOp21
 70
     1
102
RTVSPropertyOp22
 70
     1
102
RTVSPropertyOp23
 70
     1
102
RTVSPropertyOp24
 70
     1
102
RTVSPropertyOp25
 70
     1
102
RTVSPropertyOp26
 70
     1
102
RTVSPropertyOp27
 70
     1
102
RTVSPropertyOp28
 70
     1
102
RTVSPropertyOp29
 70
     1
102
RTVSPropertyOp30
 70
     1
102
RTVSPropertyOp31
 70
     1
102
RTVSPropertyOp32
 70
     1
102
RTVSPropertyOp33
 70
     1
102
RTVSPropertyOp34
 70
     1
102
RTVSPropertyOp35
 70
     1
102
RTVSPropertyOp36
 70
     1
102
RTVSPropertyOp37
 70
     1
102
RTVSPropertyOp38
 70
     1
102
RTVSPropertyOp39
 70
     1
102
RTVSPropertyOp40
 70
     1
102
RTVSPropertyOp41
 70
     1
102
RTVSPropertyOp42
 70
     1
102
RTVSPropertyOp43
 70
     1
102
RTVSPropertyOp44
 70
     1
102
RTVSPropertyOp45
 70
     1
102
RTVSPropertyOp46
 70
     1
102
RTVSPropertyOp47
 70
     1
102
RTVSPropertyOp48
 70
     1
102
RTVSPropertyOp49
 70
     1
102
RTVSPropertyOp50
 70
     1
102
RTVSPropertyOp51
 70
     0
102
RTVSPropertyOp52
 70
     0
102
RTVSPropertyOp53
 70
     1
102
RTVSPropertyOp54
 70
     1
102
RTVSPropertyOp55
 70
     1
102
RTVSPropertyOp56
 70
     1
102
RTVSPropertyOp57
 70
     1
102
RTVSPost2010Prop28
280
     0
102
RTVSPost2010PropOp28
 70
     1
102
RTVSPost2010Prop29
280
     1
102
RTVSPost2010PropOp29
 70
     1
102
RTVSPost2010Prop30
280
     1
102
RTVSPost2010PropOp30
 70
     1
102
RTVSPost2010Prop31
280
     0
102
RTVSPost2010PropOp31
 70
     1
102
RTVSPost2010Prop32
280
     0
102
RTVSPost2010PropOp32
 70
     1
102
RTVSPost2010Prop33
280
     0
102
RTVSPost2010PropOp33
 70
     1
102
RTVSPost2010Prop34
280
     0
102
RTVSPost2010PropOp34
 70
     1
102
RTVSPost2010Prop35
280
     0
102
RTVSPost2010PropOp35
 70
     1
102
RTVSPost2010Prop36
280
     0
102
RTVSPost2010PropOp36
 70
     1
102
RTVSPost2010Prop37
 90
       50
102
RTVSPost2010PropOp37
 70
     1
102
RTVSPost2010Prop38
140
0.0
102
RTVSPost2010PropOp38
 70
     1
102
RTVSPost2010Prop39
140
1.0
102
RTVSPost2010PropOp39
 70
     1
102
RTVSPost2010Prop40
 90
        0
102
RTVSPost2010PropOp40
 70
     1
102
RTVSPost2010Prop41ColorIndex
 90
       18
102
RTVSPost2010Prop41ColorRGB
 90
        0
102
RTVSPost2010PropOp41
 70
     1
102
RTVSPost2010Prop42
 90
       50
102
RTVSPost2010PropOp42
 70
     1
102
RTVSPost2010Prop43
 90
        3
102
RTVSPost2010PropOp43
 70
     1
102
RTVSPost2010Prop44ColorIndex
 90
        5
102
RTVSPost2010Prop44ColorRGB
 90
      255
102
RTVSPost2010PropOp44
 70
     1
102
RTVSPost2010Prop45
280
     0
102
RTVSPost2010PropOp45
 70
     1
102
RTVSPost2010Prop46
 90
       50
102
RTVSPost2010PropOp46
 70
     1
102
RTVSPost2010Prop47
 90
       50
102
RTVSPost2010PropOp47
 70
     1
102
RTVSPost2010Prop48
 90
       50
102
RTVSPost2010PropOp48
 70
     1
102
RTVSPost2010Prop49
280
     0
102
RTVSPost2010PropOp49
 70
     1
102
RTVSPost2010Prop50
 90
       50
102
RTVSPost2010PropOp50
 70
     1
102
RTVSPost2010Prop51ColorIndex
 90
      256
102
RTVSPost2010Prop51ColorRGB
 90
-16777216
102
RTVSPost2010PropOp51
 70
     0
102
RTVSPost2010Prop52
140
1.0
102
RTVSPost2010PropOp52
 70
     0
102
RTVSPost2010Prop53
 90
        2
102
RTVSPost2010PropOp53
 70
     1
102
RTVSPost2010Prop54
  1
strokes_ogs.tif
102
RTVSPost2010PropOp54
 70
     1
102
RTVSPost2010Prop55
280
     0
102
RTVSPost2010PropOp55
 70
     1
102
RTVSPost2010Prop56
140
1.0
102
RTVSPost2010PropOp56
 70
     1
102
RTVSPost2010Prop57
140
1.0
102
RTVSPost2010PropOp57
 70
     1
  0
XRECORD
  5
C3
102
{ACAD_REACTORS
330
C2
102
}
330
C2
100
AcDbXrecord
280
     1
102
RTVSPropertyOp0
 70
     1
102
RTVSPropertyOp1
 70
     1
102
RTVSPropertyOp2
 70
     1
102
RTVSPropertyOp3
 70
     1
102
RTVSPropertyOp4
 70
     1
102
RTVSPropertyOp5
 70
     1
102
RTVSPropertyOp6
 70
     1
102
RTVSPropertyOp7
 70
     1
102
RTVSPropertyOp8
 70
     1
102
RTVSPropertyOp9
 70
     1
102
RTVSPropertyOp10
 70
     1
102
RTVSPropertyOp11
 70
     1
102
RTVSPropertyOp12
 70
     1
102
RTVSPropertyOp13
 70
     1
102
RTVSPropertyOp14
 70
     1
102
RTVSPropertyOp15
 70
     1
102
RTVSPropertyOp16
 70
     1
102
RTVSPropertyOp17
 70
     1
102
RTVSPropertyOp18
 70
     1
102
RTVSPropertyOp19
 70
     1
102
RTVSPropertyOp20
 70
     1
102
RTVSPropertyOp21
 70
     1
102
RTVSPropertyOp22
 70
     1
102
RTVSPropertyOp23
 70
     1
102
RTVSPropertyOp24
 70
     1
102
RTVSPropertyOp25
 70
     1
102
RTVSPropertyOp26
 70
     1
102
RTVSPropertyOp27
 70
     1
102
RTVSPropertyOp28
 70
     1
102
RTVSPropertyOp29
 70
     1
102
RTVSPropertyOp30
 70
     1
102
RTVSPropertyOp31
 70
     1
102
RTVSPropertyOp32
 70
     1
102
RTVSPropertyOp33
 70
     1
102
RTVSPropertyOp34
 70
     1
102
RTVSPropertyOp35
 70
     1
102
RTVSPropertyOp36
 70
     1
102
RTVSPropertyOp37
 70
     1
102
RTVSPropertyOp38
 70
     1
102
RTVSPropertyOp39
 70
     1
102
RTVSPropertyOp40
 70
     1
102
RTVSPropertyOp41
 70
     1
102
RTVSPropertyOp42
 70
     1
102
RTVSPropertyOp43
 70
     1
102
RTVSPropertyOp44
 70
     1
102
RTVSPropertyOp45
 70
     1
102
RTVSPropertyOp46
 70
     1
102
RTVSPropertyOp47
 70
     1
102
RTVSPropertyOp48
 70
     1
102
RTVSPropertyOp49
 70
     1
102
RTVSPropertyOp50
 70
     1
102
RTVSPropertyOp51
 70
     0
102
RTVSPropertyOp52
 70
     0
102
RTVSPropertyOp53
 70
     1
102
RTVSPropertyOp54
 70
     1
102
RTVSPropertyOp55
 70
     1
102
RTVSPropertyOp56
 70
     1
102
RTVSPropertyOp57
 70
     1
102
RTVSPost2010Prop28
280
     0
102
RTVSPost2010PropOp28
 70
     1
102
RTVSPost2010Prop29
280
     1
102
RTVSPost2010PropOp29
 70
     1
102
RTVSPost2010Prop30
280
     1
102
RTVSPost2010PropOp30
 70
     1
102
RTVSPost2010Prop31
280
     0
102
RTVSPost2010PropOp31
 70
     1
102
RTVSPost2010Prop32
280
     0
102
RTVSPost2010PropOp32
 70
     1
102
RTVSPost2010Prop33
280
     0
102
RTVSPost2010PropOp33
 70
     1
102
RTVSPost2010Prop34
280
     0
102
RTVSPost2010PropOp34
 70
     1
102
RTVSPost2010Prop35
280
     0
102
RTVSPost2010PropOp35
 70
     1
102
RTVSPost2010Prop36
280
     0
102
RTVSPost2010PropOp36
 70
     1
102
RTVSPost2010Prop37
 90
       50
102
RTVSPost2010PropOp37
 70
     1
102
RTVSPost2010Prop38
140
0.0
102
RTVSPost2010PropOp38
 70
     1
102
RTVSPost2010Prop39
140
1.0
102
RTVSPost2010PropOp39
 70
     1
102
RTVSPost2010Prop40
 90
        0
102
RTVSPost2010PropOp40
 70
     1
102
RTVSPost2010Prop41ColorIndex
 90
       18
102
RTVSPost2010Prop41ColorRGB
 90
        0
102
RTVSPost2010PropOp41
 70
     1
102
RTVSPost2010Prop42
 90
       50
102
RTVSPost2010PropOp42
 70
     1
102
RTVSPost2010Prop43
 90
        3
102
RTVSPost2010PropOp43
 70
     1
102
RTVSPost2010Prop44ColorIndex
 90
        5
102
RTVSPost2010Prop44ColorRGB
 90
      255
102
RTVSPost2010PropOp44
 70
     1
102
RTVSPost2010Prop45
280
     0
102
RTVSPost2010PropOp45
 70
     1
102
RTVSPost2010Prop46
 90
       50
102
RTVSPost2010PropOp46
 70
     1
102
RTVSPost2010Prop47
 90
       50
102
RTVSPost2010PropOp47
 70
     1
102
RTVSPost2010Prop48
 90
       50
102
RTVSPost2010PropOp48
 70
     1
102
RTVSPost2010Prop49
280
     0
102
RTVSPost2010PropOp49
 70
     1
102
RTVSPost2010Prop50
 90
       50
102
RTVSPost2010PropOp50
 70
     1
102
RTVSPost2010Prop51ColorIndex
 90
      256
102
RTVSPost2010Prop51ColorRGB
 90
-16777216
102
RTVSPost2010PropOp51
 70
     0
102
RTVSPost2010Prop52
140
1.0
102
RTVSPost2010PropOp52
 70
     0
102
RTVSPost2010Prop53
 90
        2
102
RTVSPost2010PropOp53
 70
     1
102
RTVSPost2010Prop54
  1
strokes_ogs.tif
102
RTVSPost2010PropOp54
 70
     1
102
RTVSPost2010Prop55
280
     0
102
RTVSPost2010PropOp55
 70
     1
102
RTVSPost2010Prop56
140
1.0
102
RTVSPost2010PropOp56
 70
     1
102
RTVSPost2010Prop57
140
1.0
102
RTVSPost2010PropOp57
 70
     1
  0
XRECORD
  5
C5
102
{ACAD_REACTORS
330
C4
102
}
330
C4
100
AcDbXrecord
280
     1
102
RTVSPropertyOp0
 70
     1
102
RTVSPropertyOp1
 70
     1
102
RTVSPropertyOp2
 70
     1
102
RTVSPropertyOp3
 70
     1
102
RTVSPropertyOp4
 70
     1
102
RTVSPropertyOp5
 70
     1
102
RTVSPropertyOp6
 70
     1
102
RTVSPropertyOp7
 70
     1
102
RTVSPropertyOp8
 70
     1
102
RTVSPropertyOp9
 70
     1
102
RTVSPropertyOp10
 70
     1
102
RTVSPropertyOp11
 70
     1
102
RTVSPropertyOp12
 70
     1
102
RTVSPropertyOp13
 70
     1
102
RTVSPropertyOp14
 70
     1
102
RTVSPropertyOp15
 70
     1
102
RTVSPropertyOp16
 70
     1
102
RTVSPropertyOp17
 70
     1
102
RTVSPropertyOp18
 70
     1
102
RTVSPropertyOp19
 70
     1
102
RTVSPropertyOp20
 70
     1
102
RTVSPropertyOp21
 70
     1
102
RTVSPropertyOp22
 70
     1
102
RTVSPropertyOp23
 70
     1
102
RTVSPropertyOp24
 70
     1
102
RTVSPropertyOp25
 70
     1
102
RTVSPropertyOp26
 70
     1
102
RTVSPropertyOp27
 70
     1
102
RTVSPropertyOp28
 70
     1
102
RTVSPropertyOp29
 70
     1
102
RTVSPropertyOp30
 70
     1
102
RTVSPropertyOp31
 70
     1
102
RTVSPropertyOp32
 70
     1
102
RTVSPropertyOp33
 70
     1
102
RTVSPropertyOp34
 70
     1
102
RTVSPropertyOp35
 70
     1
102
RTVSPropertyOp36
 70
     1
102
RTVSPropertyOp37
 70
     1
102
RTVSPropertyOp38
 70
     1
102
RTVSPropertyOp39
 70
     1
102
RTVSPropertyOp40
 70
     1
102
RTVSPropertyOp41
 70
     1
102
RTVSPropertyOp42
 70
     1
102
RTVSPropertyOp43
 70
     1
102
RTVSPropertyOp44
 70
     1
102
RTVSPropertyOp45
 70
     1
102
RTVSPropertyOp46
 70
     1
102
RTVSPropertyOp47
 70
     1
102
RTVSPropertyOp48
 70
     1
102
RTVSPropertyOp49
 70
     1
102
RTVSPropertyOp50
 70
     1
102
RTVSPropertyOp51
 70
     0
102
RTVSPropertyOp52
 70
     0
102
RTVSPropertyOp53
 70
     1
102
RTVSPropertyOp54
 70
     1
102
RTVSPropertyOp55
 70
     1
102
RTVSPropertyOp56
 70
     1
102
RTVSPropertyOp57
 70
     1
102
RTVSPost2010Prop28
280
     0
102
RTVSPost2010PropOp28
 70
     1
102
RTVSPost2010Prop29
280
     1
102
RTVSPost2010PropOp29
 70
     1
102
RTVSPost2010Prop30
280
     1
102
RTVSPost2010PropOp30
 70
     1
102
RTVSPost2010Prop31
280
     0
102
RTVSPost2010PropOp31
 70
     1
102
RTVSPost2010Prop32
280
     0
102
RTVSPost2010PropOp32
 70
     1
102
RTVSPost2010Prop33
280
     0
102
RTVSPost2010PropOp33
 70
     1
102
RTVSPost2010Prop34
280
     0
102
RTVSPost2010PropOp34
 70
     1
102
RTVSPost2010Prop35
280
     0
102
RTVSPost2010PropOp35
 70
     1
102
RTVSPost2010Prop36
280
     0
102
RTVSPost2010PropOp36
 70
     1
102
RTVSPost2010Prop37
 90
       50
102
RTVSPost2010PropOp37
 70
     1
102
RTVSPost2010Prop38
140
0.0
102
RTVSPost2010PropOp38
 70
     1
102
RTVSPost2010Prop39
140
1.0
102
RTVSPost2010PropOp39
 70
     1
102
RTVSPost2010Prop40
 90
        0
102
RTVSPost2010PropOp40
 70
     1
102
RTVSPost2010Prop41ColorIndex
 90
       18
102
RTVSPost2010Prop41ColorRGB
 90
        0
102
RTVSPost2010PropOp41
 70
     1
102
RTVSPost2010Prop42
 90
       50
102
RTVSPost2010PropOp42
 70
     1
102
RTVSPost2010Prop43
 90
        3
102
RTVSPost2010PropOp43
 70
     1
102
RTVSPost2010Prop44ColorIndex
 90
        5
102
RTVSPost2010Prop44ColorRGB
 90
      255
102
RTVSPost2010PropOp44
 70
     1
102
RTVSPost2010Prop45
280
     0
102
RTVSPost2010PropOp45
 70
     1
102
RTVSPost2010Prop46
 90
       50
102
RTVSPost2010PropOp46
 70
     1
102
RTVSPost2010Prop47
 90
       50
102
RTVSPost2010PropOp47
 70
     1
102
RTVSPost2010Prop48
 90
       50
102
RTVSPost2010PropOp48
 70
     1
102
RTVSPost2010Prop49
280
     0
102
RTVSPost2010PropOp49
 70
     1
102
RTVSPost2010Prop50
 90
       50
102
RTVSPost2010PropOp50
 70
     1
102
RTVSPost2010Prop51ColorIndex
 90
      256
102
RTVSPost2010Prop51ColorRGB
 90
-16777216
102
RTVSPost2010PropOp51
 70
     0
102
RTVSPost2010Prop52
140
1.0
102
RTVSPost2010PropOp52
 70
     0
102
RTVSPost2010Prop53
 90
        2
102
RTVSPost2010PropOp53
 70
     1
102
RTVSPost2010Prop54
  1
strokes_ogs.tif
102
RTVSPost2010PropOp54
 70
     1
102
RTVSPost2010Prop55
280
     0
102
RTVSPost2010PropOp55
 70
     1
102
RTVSPost2010Prop56
140
1.0
102
RTVSPost2010PropOp56
 70
     1
102
RTVSPost2010Prop57
140
1.0
102
RTVSPost2010PropOp57
 70
     1
  0
XRECORD
  5
CB
102
{ACAD_REACTORS
330
CA
102
}
330
CA
100
AcDbXrecord
280
     1
102
RTVSPropertyOp0
 70
     1
102
RTVSPropertyOp1
 70
     1
102
RTVSPropertyOp2
 70
     1
102
RTVSPropertyOp3
 70
     1
102
RTVSPropertyOp4
 70
     1
102
RTVSPropertyOp5
 70
     1
102
RTVSPropertyOp6
 70
     1
102
RTVSPropertyOp7
 70
     1
102
RTVSPropertyOp8
 70
     1
102
RTVSPropertyOp9
 70
     1
102
RTVSPropertyOp10
 70
     1
102
RTVSPropertyOp11
 70
     1
102
RTVSPropertyOp12
 70
     1
102
RTVSPropertyOp13
 70
     1
102
RTVSPropertyOp14
 70
     1
102
RTVSPropertyOp15
 70
     1
102
RTVSPropertyOp16
 70
     1
102
RTVSPropertyOp17
 70
     1
102
RTVSPropertyOp18
 70
     1
102
RTVSPropertyOp19
 70
     1
102
RTVSPropertyOp20
 70
     1
102
RTVSPropertyOp21
 70
     1
102
RTVSPropertyOp22
 70
     1
102
RTVSPropertyOp23
 70
     1
102
RTVSPropertyOp24
 70
     1
102
RTVSPropertyOp25
 70
     1
102
RTVSPropertyOp26
 70
     1
102
RTVSPropertyOp27
 70
     1
102
RTVSPropertyOp28
 70
     1
102
RTVSPropertyOp29
 70
     1
102
RTVSPropertyOp30
 70
     1
102
RTVSPropertyOp31
 70
     1
102
RTVSPropertyOp32
 70
     1
102
RTVSPropertyOp33
 70
     1
102
RTVSPropertyOp34
 70
     1
102
RTVSPropertyOp35
 70
     1
102
RTVSPropertyOp36
 70
     1
102
RTVSPropertyOp37
 70
     1
102
RTVSPropertyOp38
 70
     1
102
RTVSPropertyOp39
 70
     1
102
RTVSPropertyOp40
 70
     1
102
RTVSPropertyOp41
 70
     1
102
RTVSPropertyOp42
 70
     1
102
RTVSPropertyOp43
 70
     1
102
RTVSPropertyOp44
 70
     1
102
RTVSPropertyOp45
 70
     1
102
RTVSPropertyOp46
 70
     1
102
RTVSPropertyOp47
 70
     1
102
RTVSPropertyOp48
 70
     1
102
RTVSPropertyOp49
 70
     1
102
RTVSPropertyOp50
 70
     1
102
RTVSPropertyOp51
 70
     0
102
RTVSPropertyOp52
 70
     0
102
RTVSPropertyOp53
 70
     1
102
RTVSPropertyOp54
 70
     1
102
RTVSPropertyOp55
 70
     1
102
RTVSPropertyOp56
 70
     1
102
RTVSPropertyOp57
 70
     1
102
RTVSPost2010Prop28
280
     0
102
RTVSPost2010PropOp28
 70
     1
102
RTVSPost2010Prop29
280
     1
102
RTVSPost2010PropOp29
 70
     1
102
RTVSPost2010Prop30
280
     1
102
RTVSPost2010PropOp30
 70
     1
102
RTVSPost2010Prop31
280
     0
102
RTVSPost2010PropOp31
 70
     1
102
RTVSPost2010Prop32
280
     0
102
RTVSPost2010PropOp32
 70
     1
102
RTVSPost2010Prop33
280
     0
102
RTVSPost2010PropOp33
 70
     1
102
RTVSPost2010Prop34
280
     0
102
RTVSPost2010PropOp34
 70
     1
102
RTVSPost2010Prop35
280
     0
102
RTVSPost2010PropOp35
 70
     1
102
RTVSPost2010Prop36
280
     0
102
RTVSPost2010PropOp36
 70
     1
102
RTVSPost2010Prop37
 90
       50
102
RTVSPost2010PropOp37
 70
     1
102
RTVSPost2010Prop38
140
0.0
102
RTVSPost2010PropOp38
 70
     1
102
RTVSPost2010Prop39
140
1.0
102
RTVSPost2010PropOp39
 70
     1
102
RTVSPost2010Prop40
 90
        0
102
RTVSPost2010PropOp40
 70
     1
102
RTVSPost2010Prop41ColorIndex
 90
       18
102
RTVSPost2010Prop41ColorRGB
 90
        0
102
RTVSPost2010PropOp41
 70
     1
102
RTVSPost2010Prop42
 90
       50
102
RTVSPost2010PropOp42
 70
     1
102
RTVSPost2010Prop43
 90
        3
102
RTVSPost2010PropOp43
 70
     1
102
RTVSPost2010Prop44ColorIndex
 90
        5
102
RTVSPost2010Prop44ColorRGB
 90
      255
102
RTVSPost2010PropOp44
 70
     1
102
RTVSPost2010Prop45
280
     0
102
RTVSPost2010PropOp45
 70
     1
102
RTVSPost2010Prop46
 90
       50
102
RTVSPost2010PropOp46
 70
     1
102
RTVSPost2010Prop47
 90
       50
102
RTVSPost2010PropOp47
 70
     1
102
RTVSPost2010Prop48
 90
       50
102
RTVSPost2010PropOp48
 70
     1
102
RTVSPost2010Prop49
280
     0
102
RTVSPost2010PropOp49
 70
     1
102
RTVSPost2010Prop50
 90
       50
102
RTVSPost2010PropOp50
 70
     1
102
RTVSPost2010Prop51ColorIndex
 90
      256
102
RTVSPost2010Prop51ColorRGB
 90
-16777216
102
RTVSPost2010PropOp51
 70
     0
102
RTVSPost2010Prop52
140
1.0
102
RTVSPost2010PropOp52
 70
     0
102
RTVSPost2010Prop53
 90
        2
102
RTVSPost2010PropOp53
 70
     1
102
RTVSPost2010Prop54
  1
strokes_ogs.tif
102
RTVSPost2010PropOp54
 70
     1
102
RTVSPost2010Prop55
280
     0
102
RTVSPost2010PropOp55
 70
     1
102
RTVSPost2010Prop56
140
1.0
102
RTVSPost2010PropOp56
 70
     1
102
RTVSPost2010Prop57
140
1.0
102
RTVSPost2010PropOp57
 70
     1
  0
XRECORD
  5
DF
102
{ACAD_REACTORS
330
DE
102
}
330
DE
100
AcDbXrecord
280
     1
102
RTVSPropertyOp0
 70
     0
102
RTVSPropertyOp1
 70
     0
102
RTVSPropertyOp2
 70
     0
102
RTVSPropertyOp3
 70
     0
102
RTVSPropertyOp4
 70
     0
102
RTVSPropertyOp5
 70
     0
102
RTVSPropertyOp6
 70
     0
102
RTVSPropertyOp7
 70
     0
102
RTVSPropertyOp8
 70
     0
102
RTVSPropertyOp9
 70
     0
102
RTVSPropertyOp10
 70
     0
102
RTVSPropertyOp11
 70
     0
102
RTVSPropertyOp12
 70
     0
102
RTVSPropertyOp13
 70
     0
102
RTVSPropertyOp14
 70
     2
102
RTVSPropertyOp15
 70
     0
102
RTVSPropertyOp16
 70
     0
102
RTVSPropertyOp17
 70
     0
102
RTVSPropertyOp18
 70
     0
102
RTVSPropertyOp19
 70
     0
102
RTVSPropertyOp20
 70
     0
102
RTVSPropertyOp21
 70
     0
102
RTVSPropertyOp22
 70
     0
102
RTVSPropertyOp23
 70
     0
102
RTVSPropertyOp24
 70
     0
102
RTVSPropertyOp25
 70
     0
102
RTVSPropertyOp26
 70
     0
102
RTVSPropertyOp27
 70
     0
102
RTVSPropertyOp28
 70
     0
102
RTVSPropertyOp29
 70
     0
102
RTVSPropertyOp30
 70
     0
102
RTVSPropertyOp31
 70
     0
102
RTVSPropertyOp32
 70
     0
102
RTVSPropertyOp33
 70
     0
102
RTVSPropertyOp34
 70
     0
102
RTVSPropertyOp35
 70
     0
102
RTVSPropertyOp36
 70
     0
102
RTVSPropertyOp37
 70
     0
102
RTVSPropertyOp38
 70
     0
102
RTVSPropertyOp39
 70
     0
102
RTVSPropertyOp40
 70
     0
102
RTVSPropertyOp41
 70
     0
102
RTVSPropertyOp42
 70
     0
102
RTVSPropertyOp43
 70
     0
102
RTVSPropertyOp44
 70
     0
102
RTVSPropertyOp45
 70
     0
102
RTVSPropertyOp46
 70
     0
102
RTVSPropertyOp47
 70
     0
102
RTVSPropertyOp48
 70
     0
102
RTVSPropertyOp49
 70
     0
102
RTVSPropertyOp50
 70
     0
102
RTVSPropertyOp51
 70
     0
102
RTVSPropertyOp52
 70
     0
102
RTVSPropertyOp53
 70
     0
102
RTVSPropertyOp54
 70
     0
102
RTVSPropertyOp55
 70
     0
102
RTVSPropertyOp56
 70
     0
102
RTVSPropertyOp57
 70
     0
102
RTVSPost2010Prop28
280
     0
102
RTVSPost2010PropOp28
 70
     0
102
RTVSPost2010Prop29
280
     1
102
RTVSPost2010PropOp29
 70
     0
102
RTVSPost2010Prop30
280
     1
102
RTVSPost2010PropOp30
 70
     0
102
RTVSPost2010Prop31
280
     0
102
RTVSPost2010PropOp31
 70
     0
102
RTVSPost2010Prop32
280
     0
102
RTVSPost2010PropOp32
 70
     0
102
RTVSPost2010Prop33
280
     0
102
RTVSPost2010PropOp33
 70
     0
102
RTVSPost2010Prop34
280
     0
102
RTVSPost2010PropOp34
 70
     0
102
RTVSPost2010Prop35
280
     0
102
RTVSPost2010PropOp35
 70
     0
102
RTVSPost2010Prop36
280
     0
102
RTVSPost2010PropOp36
 70
     0
102
RTVSPost2010Prop37
 90
       50
102
RTVSPost2010PropOp37
 70
     0
102
RTVSPost2010Prop38
140
0.0
102
RTVSPost2010PropOp38
 70
     0
102
RTVSPost2010Prop39
140
1.0
102
RTVSPost2010PropOp39
 70
     0
102
RTVSPost2010Prop40
 90
        0
102
RTVSPost2010PropOp40
 70
     0
102
RTVSPost2010Prop41ColorIndex
 90
       18
102
RTVSPost2010Prop41ColorRGB
 90
        0
102
RTVSPost2010PropOp41
 70
     0
102
RTVSPost2010Prop42
 90
       50
102
RTVSPost2010PropOp42
 70
     0
102
RTVSPost2010Prop43
 90
        3
102
RTVSPost2010PropOp43
 70
     0
102
RTVSPost2010Prop44ColorIndex
 90
        5
102
RTVSPost2010Prop44ColorRGB
 90
      255
102
RTVSPost2010PropOp44
 70
     0
102
RTVSPost2010Prop45
280
     0
102
RTVSPost2010PropOp45
 70
     0
102
RTVSPost2010Prop46
 90
       50
102
RTVSPost2010PropOp46
 70
     0
102
RTVSPost2010Prop47
 90
       50
102
RTVSPost2010PropOp47
 70
     0
102
RTVSPost2010Prop48
 90
       50
102
RTVSPost2010PropOp48
 70
     0
102
RTVSPost2010Prop49
280
     0
102
RTVSPost2010PropOp49
 70
     0
102
RTVSPost2010Prop50
 90
       50
102
RTVSPost2010PropOp50
 70
     0
102
RTVSPost2010Prop51ColorIndex
 90
      256
102
RTVSPost2010Prop51ColorRGB
 90
-16777216
102
RTVSPost2010PropOp51
 70
     0
102
RTVSPost2010Prop52
140
1.0
102
RTVSPost2010PropOp52
 70
     0
102
RTVSPost2010Prop53
 90
        2
102
RTVSPost2010PropOp53
 70
     0
102
RTVSPost2010Prop54
  1
strokes_ogs.tif
102
RTVSPost2010PropOp54
 70
     0
102
RTVSPost2010Prop55
280
     0
102
RTVSPost2010PropOp55
 70
     0
102
RTVSPost2010Prop56
140
1.0
102
RTVSPost2010PropOp56
 70
     0
102
RTVSPost2010Prop57
140
1.0
102
RTVSPost2010PropOp57
 70
     0
  0
XRECORD
  5
D9
102
{ACAD_REACTORS
330
D8
102
}
330
D8
100
AcDbXrecord
280
     1
102
RTVSPropertyOp0
 70
     1
102
RTVSPropertyOp1
 70
     1
102
RTVSPropertyOp2
 70
     1
102
RTVSPropertyOp3
 70
     1
102
RTVSPropertyOp4
 70
     1
102
RTVSPropertyOp5
 70
     1
102
RTVSPropertyOp6
 70
     1
102
RTVSPropertyOp7
 70
     1
102
RTVSPropertyOp8
 70
     1
102
RTVSPropertyOp9
 70
     1
102
RTVSPropertyOp10
 70
     1
102
RTVSPropertyOp11
 70
     1
102
RTVSPropertyOp12
 70
     1
102
RTVSPropertyOp13
 70
     1
102
RTVSPropertyOp14
 70
     1
102
RTVSPropertyOp15
 70
     1
102
RTVSPropertyOp16
 70
     1
102
RTVSPropertyOp17
 70
     1
102
RTVSPropertyOp18
 70
     1
102
RTVSPropertyOp19
 70
     1
102
RTVSPropertyOp20
 70
     1
102
RTVSPropertyOp21
 70
     1
102
RTVSPropertyOp22
 70
     1
102
RTVSPropertyOp23
 70
     1
102
RTVSPropertyOp24
 70
     1
102
RTVSPropertyOp25
 70
     1
102
RTVSPropertyOp26
 70
     1
102
RTVSPropertyOp27
 70
     1
102
RTVSPropertyOp28
 70
     1
102
RTVSPropertyOp29
 70
     1
102
RTVSPropertyOp30
 70
     1
102
RTVSPropertyOp31
 70
     1
102
RTVSPropertyOp32
 70
     1
102
RTVSPropertyOp33
 70
     1
102
RTVSPropertyOp34
 70
     1
102
RTVSPropertyOp35
 70
     1
102
RTVSPropertyOp36
 70
     1
102
RTVSPropertyOp37
 70
     1
102
RTVSPropertyOp38
 70
     1
102
RTVSPropertyOp39
 70
     1
102
RTVSPropertyOp40
 70
     1
102
RTVSPropertyOp41
 70
     1
102
RTVSPropertyOp42
 70
     1
102
RTVSPropertyOp43
 70
     1
102
RTVSPropertyOp44
 70
     1
102
RTVSPropertyOp45
 70
     1
102
RTVSPropertyOp46
 70
     1
102
RTVSPropertyOp47
 70
     1
102
RTVSPropertyOp48
 70
     1
102
RTVSPropertyOp49
 70
     1
102
RTVSPropertyOp50
 70
     1
102
RTVSPropertyOp51
 70
     0
102
RTVSPropertyOp52
 70
     0
102
RTVSPropertyOp53
 70
     1
102
RTVSPropertyOp54
 70
     1
102
RTVSPropertyOp55
 70
     1
102
RTVSPropertyOp56
 70
     1
102
RTVSPropertyOp57
 70
     1
102
RTVSPost2010Prop28
280
     0
102
RTVSPost2010PropOp28
 70
     1
102
RTVSPost2010Prop29
280
     1
102
RTVSPost2010PropOp29
 70
     1
102
RTVSPost2010Prop30
280
     1
102
RTVSPost2010PropOp30
 70
     1
102
RTVSPost2010Prop31
280
     0
102
RTVSPost2010PropOp31
 70
     1
102
RTVSPost2010Prop32
280
     0
102
RTVSPost2010PropOp32
 70
     1
102
RTVSPost2010Prop33
280
     0
102
RTVSPost2010PropOp33
 70
     1
102
RTVSPost2010Prop34
280
     0
102
RTVSPost2010PropOp34
 70
     1
102
RTVSPost2010Prop35
280
     0
102
RTVSPost2010PropOp35
 70
     1
102
RTVSPost2010Prop36
280
     0
102
RTVSPost2010PropOp36
 70
     1
102
RTVSPost2010Prop37
 90
       50
102
RTVSPost2010PropOp37
 70
     1
102
RTVSPost2010Prop38
140
0.0
102
RTVSPost2010PropOp38
 70
     1
102
RTVSPost2010Prop39
140
1.0
102
RTVSPost2010PropOp39
 70
     1
102
RTVSPost2010Prop40
 90
        0
102
RTVSPost2010PropOp40
 70
     1
102
RTVSPost2010Prop41ColorIndex
 90
       18
102
RTVSPost2010Prop41ColorRGB
 90
        0
102
RTVSPost2010PropOp41
 70
     1
102
RTVSPost2010Prop42
 90
       50
102
RTVSPost2010PropOp42
 70
     1
102
RTVSPost2010Prop43
 90
        3
102
RTVSPost2010PropOp43
 70
     1
102
RTVSPost2010Prop44ColorIndex
 90
        5
102
RTVSPost2010Prop44ColorRGB
 90
      255
102
RTVSPost2010PropOp44
 70
     1
102
RTVSPost2010Prop45
280
     0
102
RTVSPost2010PropOp45
 70
     1
102
RTVSPost2010Prop46
 90
       50
102
RTVSPost2010PropOp46
 70
     1
102
RTVSPost2010Prop47
 90
       50
102
RTVSPost2010PropOp47
 70
     1
102
RTVSPost2010Prop48
 90
       50
102
RTVSPost2010PropOp48
 70
     1
102
RTVSPost2010Prop49
280
     0
102
RTVSPost2010PropOp49
 70
     1
102
RTVSPost2010Prop50
 90
       50
102
RTVSPost2010PropOp50
 70
     1
102
RTVSPost2010Prop51ColorIndex
 90
      256
102
RTVSPost2010Prop51ColorRGB
 90
-16777216
102
RTVSPost2010PropOp51
 70
     0
102
RTVSPost2010Prop52
140
1.0
102
RTVSPost2010PropOp52
 70
     0
102
RTVSPost2010Prop53
 90
        2
102
RTVSPost2010PropOp53
 70
     1
102
RTVSPost2010Prop54
  1
strokes_ogs.tif
102
RTVSPost2010PropOp54
 70
     1
102
RTVSPost2010Prop55
280
     0
102
RTVSPost2010PropOp55
 70
     1
102
RTVSPost2010Prop56
140
1.0
102
RTVSPost2010PropOp56
 70
     1
102
RTVSPost2010Prop57
140
1.0
102
RTVSPost2010PropOp57
 70
     1
  0
XRECORD
  5
E1
102
{ACAD_REACTORS
330
E0
102
}
330
E0
100
AcDbXrecord
280
     1
102
RTVSPropertyOp0
 70
     0
102
RTVSPropertyOp1
 70
     0
102
RTVSPropertyOp2
 70
     0
102
RTVSPropertyOp3
 70
     0
102
RTVSPropertyOp4
 70
     0
102
RTVSPropertyOp5
 70
     0
102
RTVSPropertyOp6
 70
     0
102
RTVSPropertyOp7
 70
     0
102
RTVSPropertyOp8
 70
     0
102
RTVSPropertyOp9
 70
     0
102
RTVSPropertyOp10
 70
     0
102
RTVSPropertyOp11
 70
     0
102
RTVSPropertyOp12
 70
     0
102
RTVSPropertyOp13
 70
     0
102
RTVSPropertyOp14
 70
     2
102
RTVSPropertyOp15
 70
     0
102
RTVSPropertyOp16
 70
     0
102
RTVSPropertyOp17
 70
     0
102
RTVSPropertyOp18
 70
     0
102
RTVSPropertyOp19
 70
     0
102
RTVSPropertyOp20
 70
     0
102
RTVSPropertyOp21
 70
     0
102
RTVSPropertyOp22
 70
     0
102
RTVSPropertyOp23
 70
     0
102
RTVSPropertyOp24
 70
     0
102
RTVSPropertyOp25
 70
     0
102
RTVSPropertyOp26
 70
     0
102
RTVSPropertyOp27
 70
     0
102
RTVSPropertyOp28
 70
     0
102
RTVSPropertyOp29
 70
     0
102
RTVSPropertyOp30
 70
     0
102
RTVSPropertyOp31
 70
     0
102
RTVSPropertyOp32
 70
     0
102
RTVSPropertyOp33
 70
     0
102
RTVSPropertyOp34
 70
     0
102
RTVSPropertyOp35
 70
     0
102
RTVSPropertyOp36
 70
     0
102
RTVSPropertyOp37
 70
     0
102
RTVSPropertyOp38
 70
     0
102
RTVSPropertyOp39
 70
     0
102
RTVSPropertyOp40
 70
     0
102
RTVSPropertyOp41
 70
     0
102
RTVSPropertyOp42
 70
     0
102
RTVSPropertyOp43
 70
     0
102
RTVSPropertyOp44
 70
     0
102
RTVSPropertyOp45
 70
     0
102
RTVSPropertyOp46
 70
     0
102
RTVSPropertyOp47
 70
     0
102
RTVSPropertyOp48
 70
     0
102
RTVSPropertyOp49
 70
     0
102
RTVSPropertyOp50
 70
     0
102
RTVSPropertyOp51
 70
     0
102
RTVSPropertyOp52
 70
     0
102
RTVSPropertyOp53
 70
     0
102
RTVSPropertyOp54
 70
     0
102
RTVSPropertyOp55
 70
     0
102
RTVSPropertyOp56
 70
     0
102
RTVSPropertyOp57
 70
     0
102
RTVSPost2010Prop28
280
     0
102
RTVSPost2010PropOp28
 70
     0
102
RTVSPost2010Prop29
280
     1
102
RTVSPost2010PropOp29
 70
     0
102
RTVSPost2010Prop30
280
     1
102
RTVSPost2010PropOp30
 70
     0
102
RTVSPost2010Prop31
280
     0
102
RTVSPost2010PropOp31
 70
     0
102
RTVSPost2010Prop32
280
     0
102
RTVSPost2010PropOp32
 70
     0
102
RTVSPost2010Prop33
280
     0
102
RTVSPost2010PropOp33
 70
     0
102
RTVSPost2010Prop34
280
     0
102
RTVSPost2010PropOp34
 70
     0
102
RTVSPost2010Prop35
280
     0
102
RTVSPost2010PropOp35
 70
     0
102
RTVSPost2010Prop36
280
     0
102
RTVSPost2010PropOp36
 70
     0
102
RTVSPost2010Prop37
 90
       50
102
RTVSPost2010PropOp37
 70
     0
102
RTVSPost2010Prop38
140
0.0
102
RTVSPost2010PropOp38
 70
     0
102
RTVSPost2010Prop39
140
1.0
102
RTVSPost2010PropOp39
 70
     0
102
RTVSPost2010Prop40
 90
        0
102
RTVSPost2010PropOp40
 70
     0
102
RTVSPost2010Prop41ColorIndex
 90
       18
102
RTVSPost2010Prop41ColorRGB
 90
        0
102
RTVSPost2010PropOp41
 70
     0
102
RTVSPost2010Prop42
 90
       50
102
RTVSPost2010PropOp42
 70
     0
102
RTVSPost2010Prop43
 90
        3
102
RTVSPost2010PropOp43
 70
     0
102
RTVSPost2010Prop44ColorIndex
 90
        5
102
RTVSPost2010Prop44ColorRGB
 90
      255
102
RTVSPost2010PropOp44
 70
     0
102
RTVSPost2010Prop45
280
     0
102
RTVSPost2010PropOp45
 70
     0
102
RTVSPost2010Prop46
 90
       50
102
RTVSPost2010PropOp46
 70
     0
102
RTVSPost2010Prop47
 90
       50
102
RTVSPost2010PropOp47
 70
     0
102
RTVSPost2010Prop48
 90
       50
102
RTVSPost2010PropOp48
 70
     0
102
RTVSPost2010Prop49
280
     0
102
RTVSPost2010PropOp49
 70
     0
102
RTVSPost2010Prop50
 90
       50
102
RTVSPost2010PropOp50
 70
     0
102
RTVSPost2010Prop51ColorIndex
 90
      256
102
RTVSPost2010Prop51ColorRGB
 90
-16777216
102
RTVSPost2010PropOp51
 70
     0
102
RTVSPost2010Prop52
140
1.0
102
RTVSPost2010PropOp52
 70
     0
102
RTVSPost2010Prop53
 90
        2
102
RTVSPost2010PropOp53
 70
     0
102
RTVSPost2010Prop54
  1
strokes_ogs.tif
102
RTVSPost2010PropOp54
 70
     0
102
RTVSPost2010Prop55
280
     0
102
RTVSPost2010PropOp55
 70
     0
102
RTVSPost2010Prop56
140
1.0
102
RTVSPost2010PropOp56
 70
     0
102
RTVSPost2010Prop57
140
1.0
102
RTVSPost2010PropOp57
 70
     0
  0
XRECORD
  5
CF
102
{ACAD_REACTORS
330
CE
102
}
330
CE
100
AcDbXrecord
280
     1
102
RTVSPropertyOp0
 70
     1
102
RTVSPropertyOp1
 70
     1
102
RTVSPropertyOp2
 70
     1
102
RTVSPropertyOp3
 70
     1
102
RTVSPropertyOp4
 70
     1
102
RTVSPropertyOp5
 70
     1
102
RTVSPropertyOp6
 70
     1
102
RTVSPropertyOp7
 70
     1
102
RTVSPropertyOp8
 70
     1
102
RTVSPropertyOp9
 70
     1
102
RTVSPropertyOp10
 70
     1
102
RTVSPropertyOp11
 70
     1
102
RTVSPropertyOp12
 70
     1
102
RTVSPropertyOp13
 70
     1
102
RTVSPropertyOp14
 70
     1
102
RTVSPropertyOp15
 70
     1
102
RTVSPropertyOp16
 70
     1
102
RTVSPropertyOp17
 70
     1
102
RTVSPropertyOp18
 70
     1
102
RTVSPropertyOp19
 70
     1
102
RTVSPropertyOp20
 70
     1
102
RTVSPropertyOp21
 70
     1
102
RTVSPropertyOp22
 70
     1
102
RTVSPropertyOp23
 70
     1
102
RTVSPropertyOp24
 70
     1
102
RTVSPropertyOp25
 70
     1
102
RTVSPropertyOp26
 70
     1
102
RTVSPropertyOp27
 70
     1
102
RTVSPropertyOp28
 70
     1
102
RTVSPropertyOp29
 70
     1
102
RTVSPropertyOp30
 70
     1
102
RTVSPropertyOp31
 70
     1
102
RTVSPropertyOp32
 70
     1
102
RTVSPropertyOp33
 70
     1
102
RTVSPropertyOp34
 70
     1
102
RTVSPropertyOp35
 70
     1
102
RTVSPropertyOp36
 70
     1
102
RTVSPropertyOp37
 70
     1
102
RTVSPropertyOp38
 70
     1
102
RTVSPropertyOp39
 70
     1
102
RTVSPropertyOp40
 70
     1
102
RTVSPropertyOp41
 70
     1
102
RTVSPropertyOp42
 70
     1
102
RTVSPropertyOp43
 70
     1
102
RTVSPropertyOp44
 70
     1
102
RTVSPropertyOp45
 70
     1
102
RTVSPropertyOp46
 70
     1
102
RTVSPropertyOp47
 70
     1
102
RTVSPropertyOp48
 70
     1
102
RTVSPropertyOp49
 70
     1
102
RTVSPropertyOp50
 70
     1
102
RTVSPropertyOp51
 70
     0
102
RTVSPropertyOp52
 70
     0
102
RTVSPropertyOp53
 70
     1
102
RTVSPropertyOp54
 70
     1
102
RTVSPropertyOp55
 70
     1
102
RTVSPropertyOp56
 70
     1
102
RTVSPropertyOp57
 70
     1
102
RTVSPost2010Prop28
280
     0
102
RTVSPost2010PropOp28
 70
     1
102
RTVSPost2010Prop29
280
     1
102
RTVSPost2010PropOp29
 70
     1
102
RTVSPost2010Prop30
280
     1
102
RTVSPost2010PropOp30
 70
     1
102
RTVSPost2010Prop31
280
     0
102
RTVSPost2010PropOp31
 70
     1
102
RTVSPost2010Prop32
280
     0
102
RTVSPost2010PropOp32
 70
     1
102
RTVSPost2010Prop33
280
     0
102
RTVSPost2010PropOp33
 70
     1
102
RTVSPost2010Prop34
280
     0
102
RTVSPost2010PropOp34
 70
     1
102
RTVSPost2010Prop35
280
     0
102
RTVSPost2010PropOp35
 70
     1
102
RTVSPost2010Prop36
280
     0
102
RTVSPost2010PropOp36
 70
     1
102
RTVSPost2010Prop37
 90
       50
102
RTVSPost2010PropOp37
 70
     1
102
RTVSPost2010Prop38
140
0.0
102
RTVSPost2010PropOp38
 70
     1
102
RTVSPost2010Prop39
140
1.0
102
RTVSPost2010PropOp39
 70
     1
102
RTVSPost2010Prop40
 90
        0
102
RTVSPost2010PropOp40
 70
     1
102
RTVSPost2010Prop41ColorIndex
 90
       18
102
RTVSPost2010Prop41ColorRGB
 90
        0
102
RTVSPost2010PropOp41
 70
     1
102
RTVSPost2010Prop42
 90
       50
102
RTVSPost2010PropOp42
 70
     1
102
RTVSPost2010Prop43
 90
        3
102
RTVSPost2010PropOp43
 70
     1
102
RTVSPost2010Prop44ColorIndex
 90
        5
102
RTVSPost2010Prop44ColorRGB
 90
      255
102
RTVSPost2010PropOp44
 70
     1
102
RTVSPost2010Prop45
280
     0
102
RTVSPost2010PropOp45
 70
     1
102
RTVSPost2010Prop46
 90
       50
102
RTVSPost2010PropOp46
 70
     1
102
RTVSPost2010Prop47
 90
       50
102
RTVSPost2010PropOp47
 70
     1
102
RTVSPost2010Prop48
 90
       50
102
RTVSPost2010PropOp48
 70
     1
102
RTVSPost2010Prop49
280
     0
102
RTVSPost2010PropOp49
 70
     1
102
RTVSPost2010Prop50
 90
       50
102
RTVSPost2010PropOp50
 70
     1
102
RTVSPost2010Prop51ColorIndex
 90
      256
102
RTVSPost2010Prop51ColorRGB
 90
-16777216
102
RTVSPost2010PropOp51
 70
     0
102
RTVSPost2010Prop52
140
1.0
102
RTVSPost2010PropOp52
 70
     0
102
RTVSPost2010Prop53
 90
        2
102
RTVSPost2010PropOp53
 70
     1
102
RTVSPost2010Prop54
  1
strokes_ogs.tif
102
RTVSPost2010PropOp54
 70
     1
102
RTVSPost2010Prop55
280
     0
102
RTVSPost2010PropOp55
 70
     1
102
RTVSPost2010Prop56
140
1.0
102
RTVSPost2010PropOp56
 70
     1
102
RTVSPost2010Prop57
140
1.0
102
RTVSPost2010PropOp57
 70
     1
  0
XRECORD
  5
ED
102
{ACAD_REACTORS
330
EC
102
}
330
EC
100
AcDbXrecord
280
     1
102
RTVSPropertyOp0
 70
     1
102
RTVSPropertyOp1
 70
     1
102
RTVSPropertyOp2
 70
     1
102
RTVSPropertyOp3
 70
     1
102
RTVSPropertyOp4
 70
     1
102
RTVSPropertyOp5
 70
     1
102
RTVSPropertyOp6
 70
     1
102
RTVSPropertyOp7
 70
     1
102
RTVSPropertyOp8
 70
     1
102
RTVSPropertyOp9
 70
     1
102
RTVSPropertyOp10
 70
     1
102
RTVSPropertyOp11
 70
     1
102
RTVSPropertyOp12
 70
     1
102
RTVSPropertyOp13
 70
     1
102
RTVSPropertyOp14
 70
     1
102
RTVSPropertyOp15
 70
     1
102
RTVSPropertyOp16
 70
     1
102
RTVSPropertyOp17
 70
     1
102
RTVSPropertyOp18
 70
     1
102
RTVSPropertyOp19
 70
     1
102
RTVSPropertyOp20
 70
     1
102
RTVSPropertyOp21
 70
     1
102
RTVSPropertyOp22
 70
     1
102
RTVSPropertyOp23
 70
     1
102
RTVSPropertyOp24
 70
     1
102
RTVSPropertyOp25
 70
     1
102
RTVSPropertyOp26
 70
     1
102
RTVSPropertyOp27
 70
     1
102
RTVSPropertyOp28
 70
     1
102
RTVSPropertyOp29
 70
     1
102
RTVSPropertyOp30
 70
     1
102
RTVSPropertyOp31
 70
     1
102
RTVSPropertyOp32
 70
     1
102
RTVSPropertyOp33
 70
     1
102
RTVSPropertyOp34
 70
     1
102
RTVSPropertyOp35
 70
     1
102
RTVSPropertyOp36
 70
     1
102
RTVSPropertyOp37
 70
     1
102
RTVSPropertyOp38
 70
     1
102
RTVSPropertyOp39
 70
     1
102
RTVSPropertyOp40
 70
     1
102
RTVSPropertyOp41
 70
     1
102
RTVSPropertyOp42
 70
     1
102
RTVSPropertyOp43
 70
     1
102
RTVSPropertyOp44
 70
     1
102
RTVSPropertyOp45
 70
     1
102
RTVSPropertyOp46
 70
     1
102
RTVSPropertyOp47
 70
     1
102
RTVSPropertyOp48
 70
     1
102
RTVSPropertyOp49
 70
     1
102
RTVSPropertyOp50
 70
     1
102
RTVSPropertyOp51
 70
     0
102
RTVSPropertyOp52
 70
     0
102
RTVSPropertyOp53
 70
     1
102
RTVSPropertyOp54
 70
     1
102
RTVSPropertyOp55
 70
     1
102
RTVSPropertyOp56
 70
     1
102
RTVSPropertyOp57
 70
     1
102
RTVSPost2010Prop28
280
     0
102
RTVSPost2010PropOp28
 70
     1
102
RTVSPost2010Prop29
280
     1
102
RTVSPost2010PropOp29
 70
     1
102
RTVSPost2010Prop30
280
     1
102
RTVSPost2010PropOp30
 70
     1
102
RTVSPost2010Prop31
280
     0
102
RTVSPost2010PropOp31
 70
     1
102
RTVSPost2010Prop32
280
     0
102
RTVSPost2010PropOp32
 70
     1
102
RTVSPost2010Prop33
280
     0
102
RTVSPost2010PropOp33
 70
     1
102
RTVSPost2010Prop34
280
     0
102
RTVSPost2010PropOp34
 70
     1
102
RTVSPost2010Prop35
280
     0
102
RTVSPost2010PropOp35
 70
     1
102
RTVSPost2010Prop36
280
     0
102
RTVSPost2010PropOp36
 70
     1
102
RTVSPost2010Prop37
 90
       50
102
RTVSPost2010PropOp37
 70
     1
102
RTVSPost2010Prop38
140
0.0
102
RTVSPost2010PropOp38
 70
     1
102
RTVSPost2010Prop39
140
1.0
102
RTVSPost2010PropOp39
 70
     1
102
RTVSPost2010Prop40
 90
        0
102
RTVSPost2010PropOp40
 70
     1
102
RTVSPost2010Prop41ColorIndex
 90
       18
102
RTVSPost2010Prop41ColorRGB
 90
        0
102
RTVSPost2010PropOp41
 70
     1
102
RTVSPost2010Prop42
 90
       50
102
RTVSPost2010PropOp42
 70
     1
102
RTVSPost2010Prop43
 90
        3
102
RTVSPost2010PropOp43
 70
     1
102
RTVSPost2010Prop44ColorIndex
 90
        5
102
RTVSPost2010Prop44ColorRGB
 90
      255
102
RTVSPost2010PropOp44
 70
     1
102
RTVSPost2010Prop45
280
     0
102
RTVSPost2010PropOp45
 70
     1
102
RTVSPost2010Prop46
 90
       50
102
RTVSPost2010PropOp46
 70
     1
102
RTVSPost2010Prop47
 90
       50
102
RTVSPost2010PropOp47
 70
     1
102
RTVSPost2010Prop48
 90
       50
102
RTVSPost2010PropOp48
 70
     1
102
RTVSPost2010Prop49
280
     0
102
RTVSPost2010PropOp49
 70
     1
102
RTVSPost2010Prop50
 90
       50
102
RTVSPost2010PropOp50
 70
     1
102
RTVSPost2010Prop51ColorIndex
 90
      256
102
RTVSPost2010Prop51ColorRGB
 90
-16777216
102
RTVSPost2010PropOp51
 70
     0
102
RTVSPost2010Prop52
140
1.0
102
RTVSPost2010PropOp52
 70
     0
102
RTVSPost2010Prop53
 90
        2
102
RTVSPost2010PropOp53
 70
     1
102
RTVSPost2010Prop54
  1
strokes_ogs.tif
102
RTVSPost2010PropOp54
 70
     1
102
RTVSPost2010Prop55
280
     0
102
RTVSPost2010PropOp55
 70
     1
102
RTVSPost2010Prop56
140
1.0
102
RTVSPost2010PropOp56
 70
     1
102
RTVSPost2010Prop57
140
1.0
102
RTVSPost2010PropOp57
 70
     1
  0
XRECORD
  5
EB
102
{ACAD_REACTORS
330
EA
102
}
330
EA
100
AcDbXrecord
280
     1
102
RTVSPropertyOp0
 70
     1
102
RTVSPropertyOp1
 70
     1
102
RTVSPropertyOp2
 70
     1
102
RTVSPropertyOp3
 70
     1
102
RTVSPropertyOp4
 70
     1
102
RTVSPropertyOp5
 70
     1
102
RTVSPropertyOp6
 70
     1
102
RTVSPropertyOp7
 70
     1
102
RTVSPropertyOp8
 70
     1
102
RTVSPropertyOp9
 70
     1
102
RTVSPropertyOp10
 70
     1
102
RTVSPropertyOp11
 70
     1
102
RTVSPropertyOp12
 70
     1
102
RTVSPropertyOp13
 70
     1
102
RTVSPropertyOp14
 70
     1
102
RTVSPropertyOp15
 70
     1
102
RTVSPropertyOp16
 70
     1
102
RTVSPropertyOp17
 70
     1
102
RTVSPropertyOp18
 70
     1
102
RTVSPropertyOp19
 70
     1
102
RTVSPropertyOp20
 70
     1
102
RTVSPropertyOp21
 70
     1
102
RTVSPropertyOp22
 70
     1
102
RTVSPropertyOp23
 70
     1
102
RTVSPropertyOp24
 70
     1
102
RTVSPropertyOp25
 70
     1
102
RTVSPropertyOp26
 70
     1
102
RTVSPropertyOp27
 70
     1
102
RTVSPropertyOp28
 70
     1
102
RTVSPropertyOp29
 70
     1
102
RTVSPropertyOp30
 70
     1
102
RTVSPropertyOp31
 70
     1
102
RTVSPropertyOp32
 70
     1
102
RTVSPropertyOp33
 70
     1
102
RTVSPropertyOp34
 70
     1
102
RTVSPropertyOp35
 70
     1
102
RTVSPropertyOp36
 70
     1
102
RTVSPropertyOp37
 70
     1
102
RTVSPropertyOp38
 70
     1
102
RTVSPropertyOp39
 70
     1
102
RTVSPropertyOp40
 70
     1
102
RTVSPropertyOp41
 70
     1
102
RTVSPropertyOp42
 70
     1
102
RTVSPropertyOp43
 70
     1
102
RTVSPropertyOp44
 70
     1
102
RTVSPropertyOp45
 70
     1
102
RTVSPropertyOp46
 70
     1
102
RTVSPropertyOp47
 70
     1
102
RTVSPropertyOp48
 70
     1
102
RTVSPropertyOp49
 70
     1
102
RTVSPropertyOp50
 70
     1
102
RTVSPropertyOp51
 70
     0
102
RTVSPropertyOp52
 70
     0
102
RTVSPropertyOp53
 70
     1
102
RTVSPropertyOp54
 70
     1
102
RTVSPropertyOp55
 70
     1
102
RTVSPropertyOp56
 70
     1
102
RTVSPropertyOp57
 70
     1
102
RTVSPost2010Prop28
280
     0
102
RTVSPost2010PropOp28
 70
     1
102
RTVSPost2010Prop29
280
     1
102
RTVSPost2010PropOp29
 70
     1
102
RTVSPost2010Prop30
280
     1
102
RTVSPost2010PropOp30
 70
     1
102
RTVSPost2010Prop31
280
     0
102
RTVSPost2010PropOp31
 70
     1
102
RTVSPost2010Prop32
280
     0
102
RTVSPost2010PropOp32
 70
     1
102
RTVSPost2010Prop33
280
     0
102
RTVSPost2010PropOp33
 70
     1
102
RTVSPost2010Prop34
280
     0
102
RTVSPost2010PropOp34
 70
     1
102
RTVSPost2010Prop35
280
     0
102
RTVSPost2010PropOp35
 70
     1
102
RTVSPost2010Prop36
280
     0
102
RTVSPost2010PropOp36
 70
     1
102
RTVSPost2010Prop37
 90
       50
102
RTVSPost2010PropOp37
 70
     1
102
RTVSPost2010Prop38
140
0.0
102
RTVSPost2010PropOp38
 70
     1
102
RTVSPost2010Prop39
140
1.0
102
RTVSPost2010PropOp39
 70
     1
102
RTVSPost2010Prop40
 90
        0
102
RTVSPost2010PropOp40
 70
     1
102
RTVSPost2010Prop41ColorIndex
 90
       18
102
RTVSPost2010Prop41ColorRGB
 90
        0
102
RTVSPost2010PropOp41
 70
     1
102
RTVSPost2010Prop42
 90
       50
102
RTVSPost2010PropOp42
 70
     1
102
RTVSPost2010Prop43
 90
        3
102
RTVSPost2010PropOp43
 70
     1
102
RTVSPost2010Prop44ColorIndex
 90
        5
102
RTVSPost2010Prop44ColorRGB
 90
      255
102
RTVSPost2010PropOp44
 70
     1
102
RTVSPost2010Prop45
280
     0
102
RTVSPost2010PropOp45
 70
     1
102
RTVSPost2010Prop46
 90
       50
102
RTVSPost2010PropOp46
 70
     1
102
RTVSPost2010Prop47
 90
       50
102
RTVSPost2010PropOp47
 70
     1
102
RTVSPost2010Prop48
 90
       50
102
RTVSPost2010PropOp48
 70
     1
102
RTVSPost2010Prop49
280
     0
102
RTVSPost2010PropOp49
 70
     1
102
RTVSPost2010Prop50
 90
       50
102
RTVSPost2010PropOp50
 70
     1
102
RTVSPost2010Prop51ColorIndex
 90
      256
102
RTVSPost2010Prop51ColorRGB
 90
-16777216
102
RTVSPost2010PropOp51
 70
     0
102
RTVSPost2010Prop52
140
1.0
102
RTVSPost2010PropOp52
 70
     0
102
RTVSPost2010Prop53
 90
        2
102
RTVSPost2010PropOp53
 70
     1
102
RTVSPost2010Prop54
  1
strokes_ogs.tif
102
RTVSPost2010PropOp54
 70
     1
102
RTVSPost2010Prop55
280
     0
102
RTVSPost2010PropOp55
 70
     1
102
RTVSPost2010Prop56
140
1.0
102
RTVSPost2010PropOp56
 70
     1
102
RTVSPost2010Prop57
140
1.0
102
RTVSPost2010PropOp57
 70
     1
  0
XRECORD
  5
E5
102
{ACAD_REACTORS
330
E4
102
}
330
E4
100
AcDbXrecord
280
     1
102
RTVSPropertyOp0
 70
     1
102
RTVSPropertyOp1
 70
     1
102
RTVSPropertyOp2
 70
     1
102
RTVSPropertyOp3
 70
     1
102
RTVSPropertyOp4
 70
     1
102
RTVSPropertyOp5
 70
     1
102
RTVSPropertyOp6
 70
     1
102
RTVSPropertyOp7
 70
     1
102
RTVSPropertyOp8
 70
     1
102
RTVSPropertyOp9
 70
     1
102
RTVSPropertyOp10
 70
     1
102
RTVSPropertyOp11
 70
     1
102
RTVSPropertyOp12
 70
     1
102
RTVSPropertyOp13
 70
     1
102
RTVSPropertyOp14
 70
     1
102
RTVSPropertyOp15
 70
     1
102
RTVSPropertyOp16
 70
     1
102
RTVSPropertyOp17
 70
     1
102
RTVSPropertyOp18
 70
     1
102
RTVSPropertyOp19
 70
     1
102
RTVSPropertyOp20
 70
     1
102
RTVSPropertyOp21
 70
     1
102
RTVSPropertyOp22
 70
     1
102
RTVSPropertyOp23
 70
     1
102
RTVSPropertyOp24
 70
     1
102
RTVSPropertyOp25
 70
     1
102
RTVSPropertyOp26
 70
     1
102
RTVSPropertyOp27
 70
     1
102
RTVSPropertyOp28
 70
     1
102
RTVSPropertyOp29
 70
     1
102
RTVSPropertyOp30
 70
     1
102
RTVSPropertyOp31
 70
     1
102
RTVSPropertyOp32
 70
     1
102
RTVSPropertyOp33
 70
     1
102
RTVSPropertyOp34
 70
     1
102
RTVSPropertyOp35
 70
     1
102
RTVSPropertyOp36
 70
     1
102
RTVSPropertyOp37
 70
     1
102
RTVSPropertyOp38
 70
     1
102
RTVSPropertyOp39
 70
     1
102
RTVSPropertyOp40
 70
     1
102
RTVSPropertyOp41
 70
     1
102
RTVSPropertyOp42
 70
     1
102
RTVSPropertyOp43
 70
     1
102
RTVSPropertyOp44
 70
     1
102
RTVSPropertyOp45
 70
     1
102
RTVSPropertyOp46
 70
     1
102
RTVSPropertyOp47
 70
     1
102
RTVSPropertyOp48
 70
     1
102
RTVSPropertyOp49
 70
     1
102
RTVSPropertyOp50
 70
     1
102
RTVSPropertyOp51
 70
     0
102
RTVSPropertyOp52
 70
     0
102
RTVSPropertyOp53
 70
     1
102
RTVSPropertyOp54
 70
     1
102
RTVSPropertyOp55
 70
     1
102
RTVSPropertyOp56
 70
     1
102
RTVSPropertyOp57
 70
     1
102
RTVSPost2010Prop28
280
     0
102
RTVSPost2010PropOp28
 70
     1
102
RTVSPost2010Prop29
280
     1
102
RTVSPost2010PropOp29
 70
     1
102
RTVSPost2010Prop30
280
     1
102
RTVSPost2010PropOp30
 70
     1
102
RTVSPost2010Prop31
280
     0
102
RTVSPost2010PropOp31
 70
     1
102
RTVSPost2010Prop32
280
     0
102
RTVSPost2010PropOp32
 70
     1
102
RTVSPost2010Prop33
280
     0
102
RTVSPost2010PropOp33
 70
     1
102
RTVSPost2010Prop34
280
     0
102
RTVSPost2010PropOp34
 70
     1
102
RTVSPost2010Prop35
280
     0
102
RTVSPost2010PropOp35
 70
     1
102
RTVSPost2010Prop36
280
     0
102
RTVSPost2010PropOp36
 70
     1
102
RTVSPost2010Prop37
 90
       50
102
RTVSPost2010PropOp37
 70
     1
102
RTVSPost2010Prop38
140
0.0
102
RTVSPost2010PropOp38
 70
     1
102
RTVSPost2010Prop39
140
1.0
102
RTVSPost2010PropOp39
 70
     1
102
RTVSPost2010Prop40
 90
        0
102
RTVSPost2010PropOp40
 70
     1
102
RTVSPost2010Prop41ColorIndex
 90
       18
102
RTVSPost2010Prop41ColorRGB
 90
        0
102
RTVSPost2010PropOp41
 70
     1
102
RTVSPost2010Prop42
 90
       50
102
RTVSPost2010PropOp42
 70
     1
102
RTVSPost2010Prop43
 90
        3
102
RTVSPost2010PropOp43
 70
     1
102
RTVSPost2010Prop44ColorIndex
 90
        5
102
RTVSPost2010Prop44ColorRGB
 90
      255
102
RTVSPost2010PropOp44
 70
     1
102
RTVSPost2010Prop45
280
     0
102
RTVSPost2010PropOp45
 70
     1
102
RTVSPost2010Prop46
 90
       50
102
RTVSPost2010PropOp46
 70
     1
102
RTVSPost2010Prop47
 90
       50
102
RTVSPost2010PropOp47
 70
     1
102
RTVSPost2010Prop48
 90
       50
102
RTVSPost2010PropOp48
 70
     1
102
RTVSPost2010Prop49
280
     0
102
RTVSPost2010PropOp49
 70
     1
102
RTVSPost2010Prop50
 90
       50
102
RTVSPost2010PropOp50
 70
     1
102
RTVSPost2010Prop51ColorIndex
 90
      256
102
RTVSPost2010Prop51ColorRGB
 90
-16777216
102
RTVSPost2010PropOp51
 70
     0
102
RTVSPost2010Prop52
140
1.0
102
RTVSPost2010PropOp52
 70
     0
102
RTVSPost2010Prop53
 90
        2
102
RTVSPost2010PropOp53
 70
     1
102
RTVSPost2010Prop54
  1
strokes_ogs.tif
102
RTVSPost2010PropOp54
 70
     1
102
RTVSPost2010Prop55
280
     0
102
RTVSPost2010PropOp55
 70
     1
102
RTVSPost2010Prop56
140
1.0
102
RTVSPost2010PropOp56
 70
     1
102
RTVSPost2010Prop57
140
1.0
102
RTVSPost2010PropOp57
 70
     1
  0
XRECORD
  5
E7
102
{ACAD_REACTORS
330
E6
102
}
330
E6
100
AcDbXrecord
280
     1
102
RTVSPropertyOp0
 70
     1
102
RTVSPropertyOp1
 70
     1
102
RTVSPropertyOp2
 70
     1
102
RTVSPropertyOp3
 70
     1
102
RTVSPropertyOp4
 70
     1
102
RTVSPropertyOp5
 70
     1
102
RTVSPropertyOp6
 70
     1
102
RTVSPropertyOp7
 70
     1
102
RTVSPropertyOp8
 70
     1
102
RTVSPropertyOp9
 70
     1
102
RTVSPropertyOp10
 70
     1
102
RTVSPropertyOp11
 70
     1
102
RTVSPropertyOp12
 70
     1
102
RTVSPropertyOp13
 70
     1
102
RTVSPropertyOp14
 70
     1
102
RTVSPropertyOp15
 70
     1
102
RTVSPropertyOp16
 70
     1
102
RTVSPropertyOp17
 70
     1
102
RTVSPropertyOp18
 70
     1
102
RTVSPropertyOp19
 70
     1
102
RTVSPropertyOp20
 70
     1
102
RTVSPropertyOp21
 70
     1
102
RTVSPropertyOp22
 70
     1
102
RTVSPropertyOp23
 70
     1
102
RTVSPropertyOp24
 70
     1
102
RTVSPropertyOp25
 70
     1
102
RTVSPropertyOp26
 70
     1
102
RTVSPropertyOp27
 70
     1
102
RTVSPropertyOp28
 70
     1
102
RTVSPropertyOp29
 70
     1
102
RTVSPropertyOp30
 70
     1
102
RTVSPropertyOp31
 70
     1
102
RTVSPropertyOp32
 70
     1
102
RTVSPropertyOp33
 70
     1
102
RTVSPropertyOp34
 70
     1
102
RTVSPropertyOp35
 70
     1
102
RTVSPropertyOp36
 70
     1
102
RTVSPropertyOp37
 70
     1
102
RTVSPropertyOp38
 70
     1
102
RTVSPropertyOp39
 70
     1
102
RTVSPropertyOp40
 70
     1
102
RTVSPropertyOp41
 70
     1
102
RTVSPropertyOp42
 70
     1
102
RTVSPropertyOp43
 70
     1
102
RTVSPropertyOp44
 70
     1
102
RTVSPropertyOp45
 70
     1
102
RTVSPropertyOp46
 70
     1
102
RTVSPropertyOp47
 70
     1
102
RTVSPropertyOp48
 70
     1
102
RTVSPropertyOp49
 70
     1
102
RTVSPropertyOp50
 70
     1
102
RTVSPropertyOp51
 70
     0
102
RTVSPropertyOp52
 70
     0
102
RTVSPropertyOp53
 70
     1
102
RTVSPropertyOp54
 70
     1
102
RTVSPropertyOp55
 70
     1
102
RTVSPropertyOp56
 70
     1
102
RTVSPropertyOp57
 70
     1
102
RTVSPost2010Prop28
280
     0
102
RTVSPost2010PropOp28
 70
     1
102
RTVSPost2010Prop29
280
     1
102
RTVSPost2010PropOp29
 70
     1
102
RTVSPost2010Prop30
280
     1
102
RTVSPost2010PropOp30
 70
     1
102
RTVSPost2010Prop31
280
     0
102
RTVSPost2010PropOp31
 70
     1
102
RTVSPost2010Prop32
280
     0
102
RTVSPost2010PropOp32
 70
     1
102
RTVSPost2010Prop33
280
     0
102
RTVSPost2010PropOp33
 70
     1
102
RTVSPost2010Prop34
280
     0
102
RTVSPost2010PropOp34
 70
     1
102
RTVSPost2010Prop35
280
     0
102
RTVSPost2010PropOp35
 70
     1
102
RTVSPost2010Prop36
280
     0
102
RTVSPost2010PropOp36
 70
     1
102
RTVSPost2010Prop37
 90
       50
102
RTVSPost2010PropOp37
 70
     1
102
RTVSPost2010Prop38
140
0.0
102
RTVSPost2010PropOp38
 70
     1
102
RTVSPost2010Prop39
140
1.0
102
RTVSPost2010PropOp39
 70
     1
102
RTVSPost2010Prop40
 90
        0
102
RTVSPost2010PropOp40
 70
     1
102
RTVSPost2010Prop41ColorIndex
 90
       18
102
RTVSPost2010Prop41ColorRGB
 90
        0
102
RTVSPost2010PropOp41
 70
     1
102
RTVSPost2010Prop42
 90
       50
102
RTVSPost2010PropOp42
 70
     1
102
RTVSPost2010Prop43
 90
        3
102
RTVSPost2010PropOp43
 70
     1
102
RTVSPost2010Prop44ColorIndex
 90
        5
102
RTVSPost2010Prop44ColorRGB
 90
      255
102
RTVSPost2010PropOp44
 70
     1
102
RTVSPost2010Prop45
280
     0
102
RTVSPost2010PropOp45
 70
     1
102
RTVSPost2010Prop46
 90
       50
102
RTVSPost2010PropOp46
 70
     1
102
RTVSPost2010Prop47
 90
       50
102
RTVSPost2010PropOp47
 70
     1
102
RTVSPost2010Prop48
 90
       50
102
RTVSPost2010PropOp48
 70
     1
102
RTVSPost2010Prop49
280
     0
102
RTVSPost2010PropOp49
 70
     1
102
RTVSPost2010Prop50
 90
       50
102
RTVSPost2010PropOp50
 70
     1
102
RTVSPost2010Prop51ColorIndex
 90
      256
102
RTVSPost2010Prop51ColorRGB
 90
-16777216
102
RTVSPost2010PropOp51
 70
     0
102
RTVSPost2010Prop52
140
1.0
102
RTVSPost2010PropOp52
 70
     0
102
RTVSPost2010Prop53
 90
        2
102
RTVSPost2010PropOp53
 70
     1
102
RTVSPost2010Prop54
  1
strokes_ogs.tif
102
RTVSPost2010PropOp54
 70
     1
102
RTVSPost2010Prop55
280
     0
102
RTVSPost2010PropOp55
 70
     1
102
RTVSPost2010Prop56
140
1.0
102
RTVSPost2010PropOp56
 70
     1
102
RTVSPost2010Prop57
140
1.0
102
RTVSPost2010PropOp57
 70
     1
  0
XRECORD
  5
D7
102
{ACAD_REACTORS
330
D6
102
}
330
D6
100
AcDbXrecord
280
     1
102
RTVSPropertyOp0
 70
     1
102
RTVSPropertyOp1
 70
     1
102
RTVSPropertyOp2
 70
     1
102
RTVSPropertyOp3
 70
     1
102
RTVSPropertyOp4
 70
     1
102
RTVSPropertyOp5
 70
     1
102
RTVSPropertyOp6
 70
     1
102
RTVSPropertyOp7
 70
     1
102
RTVSPropertyOp8
 70
     1
102
RTVSPropertyOp9
 70
     1
102
RTVSPropertyOp10
 70
     1
102
RTVSPropertyOp11
 70
     1
102
RTVSPropertyOp12
 70
     1
102
RTVSPropertyOp13
 70
     1
102
RTVSPropertyOp14
 70
     1
102
RTVSPropertyOp15
 70
     1
102
RTVSPropertyOp16
 70
     1
102
RTVSPropertyOp17
 70
     1
102
RTVSPropertyOp18
 70
     1
102
RTVSPropertyOp19
 70
     1
102
RTVSPropertyOp20
 70
     1
102
RTVSPropertyOp21
 70
     1
102
RTVSPropertyOp22
 70
     1
102
RTVSPropertyOp23
 70
     1
102
RTVSPropertyOp24
 70
     1
102
RTVSPropertyOp25
 70
     1
102
RTVSPropertyOp26
 70
     1
102
RTVSPropertyOp27
 70
     1
102
RTVSPropertyOp28
 70
     1
102
RTVSPropertyOp29
 70
     1
102
RTVSPropertyOp30
 70
     1
102
RTVSPropertyOp31
 70
     1
102
RTVSPropertyOp32
 70
     1
102
RTVSPropertyOp33
 70
     1
102
RTVSPropertyOp34
 70
     1
102
RTVSPropertyOp35
 70
     1
102
RTVSPropertyOp36
 70
     1
102
RTVSPropertyOp37
 70
     1
102
RTVSPropertyOp38
 70
     1
102
RTVSPropertyOp39
 70
     1
102
RTVSPropertyOp40
 70
     1
102
RTVSPropertyOp41
 70
     1
102
RTVSPropertyOp42
 70
     1
102
RTVSPropertyOp43
 70
     1
102
RTVSPropertyOp44
 70
     1
102
RTVSPropertyOp45
 70
     1
102
RTVSPropertyOp46
 70
     1
102
RTVSPropertyOp47
 70
     1
102
RTVSPropertyOp48
 70
     1
102
RTVSPropertyOp49
 70
     1
102
RTVSPropertyOp50
 70
     1
102
RTVSPropertyOp51
 70
     0
102
RTVSPropertyOp52
 70
     0
102
RTVSPropertyOp53
 70
     1
102
RTVSPropertyOp54
 70
     1
102
RTVSPropertyOp55
 70
     1
102
RTVSPropertyOp56
 70
     1
102
RTVSPropertyOp57
 70
     1
102
RTVSPost2010Prop28
280
     0
102
RTVSPost2010PropOp28
 70
     1
102
RTVSPost2010Prop29
280
     1
102
RTVSPost2010PropOp29
 70
     1
102
RTVSPost2010Prop30
280
     1
102
RTVSPost2010PropOp30
 70
     1
102
RTVSPost2010Prop31
280
     0
102
RTVSPost2010PropOp31
 70
     1
102
RTVSPost2010Prop32
280
     0
102
RTVSPost2010PropOp32
 70
     1
102
RTVSPost2010Prop33
280
     0
102
RTVSPost2010PropOp33
 70
     1
102
RTVSPost2010Prop34
280
     0
102
RTVSPost2010PropOp34
 70
     1
102
RTVSPost2010Prop35
280
     0
102
RTVSPost2010PropOp35
 70
     1
102
RTVSPost2010Prop36
280
     0
102
RTVSPost2010PropOp36
 70
     1
102
RTVSPost2010Prop37
 90
       50
102
RTVSPost2010PropOp37
 70
     1
102
RTVSPost2010Prop38
140
0.0
102
RTVSPost2010PropOp38
 70
     1
102
RTVSPost2010Prop39
140
1.0
102
RTVSPost2010PropOp39
 70
     1
102
RTVSPost2010Prop40
 90
        0
102
RTVSPost2010PropOp40
 70
     1
102
RTVSPost2010Prop41ColorIndex
 90
       18
102
RTVSPost2010Prop41ColorRGB
 90
        0
102
RTVSPost2010PropOp41
 70
     1
102
RTVSPost2010Prop42
 90
       50
102
RTVSPost2010PropOp42
 70
     1
102
RTVSPost2010Prop43
 90
        3
102
RTVSPost2010PropOp43
 70
     1
102
RTVSPost2010Prop44ColorIndex
 90
        5
102
RTVSPost2010Prop44ColorRGB
 90
      255
102
RTVSPost2010PropOp44
 70
     1
102
RTVSPost2010Prop45
280
     0
102
RTVSPost2010PropOp45
 70
     1
102
RTVSPost2010Prop46
 90
       50
102
RTVSPost2010PropOp46
 70
     1
102
RTVSPost2010Prop47
 90
       50
102
RTVSPost2010PropOp47
 70
     1
102
RTVSPost2010Prop48
 90
       50
102
RTVSPost2010PropOp48
 70
     1
102
RTVSPost2010Prop49
280
     0
102
RTVSPost2010PropOp49
 70
     1
102
RTVSPost2010Prop50
 90
       50
102
RTVSPost2010PropOp50
 70
     1
102
RTVSPost2010Prop51ColorIndex
 90
      256
102
RTVSPost2010Prop51ColorRGB
 90
-16777216
102
RTVSPost2010PropOp51
 70
     0
102
RTVSPost2010Prop52
140
1.0
102
RTVSPost2010PropOp52
 70
     0
102
RTVSPost2010Prop53
 90
        2
102
RTVSPost2010PropOp53
 70
     1
102
RTVSPost2010Prop54
  1
strokes_ogs.tif
102
RTVSPost2010PropOp54
 70
     1
102
RTVSPost2010Prop55
280
     0
102
RTVSPost2010PropOp55
 70
     1
102
RTVSPost2010Prop56
140
1.0
102
RTVSPost2010PropOp56
 70
     1
102
RTVSPost2010Prop57
140
1.0
102
RTVSPost2010PropOp57
 70
     1
  0
XRECORD
  5
C9
102
{ACAD_REACTORS
330
C8
102
}
330
C8
100
AcDbXrecord
280
     1
102
RTVSPropertyOp0
 70
     1
102
RTVSPropertyOp1
 70
     1
102
RTVSPropertyOp2
 70
     1
102
RTVSPropertyOp3
 70
     1
102
RTVSPropertyOp4
 70
     1
102
RTVSPropertyOp5
 70
     1
102
RTVSPropertyOp6
 70
     1
102
RTVSPropertyOp7
 70
     1
102
RTVSPropertyOp8
 70
     1
102
RTVSPropertyOp9
 70
     1
102
RTVSPropertyOp10
 70
     1
102
RTVSPropertyOp11
 70
     1
102
RTVSPropertyOp12
 70
     1
102
RTVSPropertyOp13
 70
     1
102
RTVSPropertyOp14
 70
     1
102
RTVSPropertyOp15
 70
     1
102
RTVSPropertyOp16
 70
     1
102
RTVSPropertyOp17
 70
     1
102
RTVSPropertyOp18
 70
     1
102
RTVSPropertyOp19
 70
     1
102
RTVSPropertyOp20
 70
     1
102
RTVSPropertyOp21
 70
     1
102
RTVSPropertyOp22
 70
     1
102
RTVSPropertyOp23
 70
     1
102
RTVSPropertyOp24
 70
     1
102
RTVSPropertyOp25
 70
     1
102
RTVSPropertyOp26
 70
     1
102
RTVSPropertyOp27
 70
     1
102
RTVSPropertyOp28
 70
     1
102
RTVSPropertyOp29
 70
     1
102
RTVSPropertyOp30
 70
     1
102
RTVSPropertyOp31
 70
     1
102
RTVSPropertyOp32
 70
     1
102
RTVSPropertyOp33
 70
     1
102
RTVSPropertyOp34
 70
     1
102
RTVSPropertyOp35
 70
     1
102
RTVSPropertyOp36
 70
     1
102
RTVSPropertyOp37
 70
     1
102
RTVSPropertyOp38
 70
     1
102
RTVSPropertyOp39
 70
     1
102
RTVSPropertyOp40
 70
     1
102
RTVSPropertyOp41
 70
     1
102
RTVSPropertyOp42
 70
     1
102
RTVSPropertyOp43
 70
     1
102
RTVSPropertyOp44
 70
     1
102
RTVSPropertyOp45
 70
     1
102
RTVSPropertyOp46
 70
     1
102
RTVSPropertyOp47
 70
     1
102
RTVSPropertyOp48
 70
     1
102
RTVSPropertyOp49
 70
     1
102
RTVSPropertyOp50
 70
     1
102
RTVSPropertyOp51
 70
     0
102
RTVSPropertyOp52
 70
     0
102
RTVSPropertyOp53
 70
     1
102
RTVSPropertyOp54
 70
     1
102
RTVSPropertyOp55
 70
     1
102
RTVSPropertyOp56
 70
     1
102
RTVSPropertyOp57
 70
     1
102
RTVSPost2010Prop28
280
     0
102
RTVSPost2010PropOp28
 70
     1
102
RTVSPost2010Prop29
280
     1
102
RTVSPost2010PropOp29
 70
     1
102
RTVSPost2010Prop30
280
     1
102
RTVSPost2010PropOp30
 70
     1
102
RTVSPost2010Prop31
280
     0
102
RTVSPost2010PropOp31
 70
     1
102
RTVSPost2010Prop32
280
     0
102
RTVSPost2010PropOp32
 70
     1
102
RTVSPost2010Prop33
280
     0
102
RTVSPost2010PropOp33
 70
     1
102
RTVSPost2010Prop34
280
     0
102
RTVSPost2010PropOp34
 70
     1
102
RTVSPost2010Prop35
280
     0
102
RTVSPost2010PropOp35
 70
     1
102
RTVSPost2010Prop36
280
     0
102
RTVSPost2010PropOp36
 70
     1
102
RTVSPost2010Prop37
 90
       50
102
RTVSPost2010PropOp37
 70
     1
102
RTVSPost2010Prop38
140
0.0
102
RTVSPost2010PropOp38
 70
     1
102
RTVSPost2010Prop39
140
1.0
102
RTVSPost2010PropOp39
 70
     1
102
RTVSPost2010Prop40
 90
        0
102
RTVSPost2010PropOp40
 70
     1
102
RTVSPost2010Prop41ColorIndex
 90
       18
102
RTVSPost2010Prop41ColorRGB
 90
        0
102
RTVSPost2010PropOp41
 70
     1
102
RTVSPost2010Prop42
 90
       50
102
RTVSPost2010PropOp42
 70
     1
102
RTVSPost2010Prop43
 90
        3
102
RTVSPost2010PropOp43
 70
     1
102
RTVSPost2010Prop44ColorIndex
 90
        5
102
RTVSPost2010Prop44ColorRGB
 90
      255
102
RTVSPost2010PropOp44
 70
     1
102
RTVSPost2010Prop45
280
     0
102
RTVSPost2010PropOp45
 70
     1
102
RTVSPost2010Prop46
 90
       50
102
RTVSPost2010PropOp46
 70
     1
102
RTVSPost2010Prop47
 90
       50
102
RTVSPost2010PropOp47
 70
     1
102
RTVSPost2010Prop48
 90
       50
102
RTVSPost2010PropOp48
 70
     1
102
RTVSPost2010Prop49
280
     0
102
RTVSPost2010PropOp49
 70
     1
102
RTVSPost2010Prop50
 90
       50
102
RTVSPost2010PropOp50
 70
     1
102
RTVSPost2010Prop51ColorIndex
 90
      256
102
RTVSPost2010Prop51ColorRGB
 90
-16777216
102
RTVSPost2010PropOp51
 70
     0
102
RTVSPost2010Prop52
140
1.0
102
RTVSPost2010PropOp52
 70
     0
102
RTVSPost2010Prop53
 90
        2
102
RTVSPost2010PropOp53
 70
     1
102
RTVSPost2010Prop54
  1
strokes_ogs.tif
102
RTVSPost2010PropOp54
 70
     1
102
RTVSPost2010Prop55
280
     0
102
RTVSPost2010PropOp55
 70
     1
102
RTVSPost2010Prop56
140
1.0
102
RTVSPost2010PropOp56
 70
     1
102
RTVSPost2010Prop57
140
1.0
102
RTVSPost2010PropOp57
 70
     1
  0
XRECORD
  5
E9
102
{ACAD_REACTORS
330
E8
102
}
330
E8
100
AcDbXrecord
280
     1
102
RTVSPropertyOp0
 70
     1
102
RTVSPropertyOp1
 70
     1
102
RTVSPropertyOp2
 70
     1
102
RTVSPropertyOp3
 70
     1
102
RTVSPropertyOp4
 70
     1
102
RTVSPropertyOp5
 70
     1
102
RTVSPropertyOp6
 70
     1
102
RTVSPropertyOp7
 70
     1
102
RTVSPropertyOp8
 70
     1
102
RTVSPropertyOp9
 70
     1
102
RTVSPropertyOp10
 70
     1
102
RTVSPropertyOp11
 70
     1
102
RTVSPropertyOp12
 70
     1
102
RTVSPropertyOp13
 70
     1
102
RTVSPropertyOp14
 70
     1
102
RTVSPropertyOp15
 70
     1
102
RTVSPropertyOp16
 70
     1
102
RTVSPropertyOp17
 70
     1
102
RTVSPropertyOp18
 70
     1
102
RTVSPropertyOp19
 70
     1
102
RTVSPropertyOp20
 70
     1
102
RTVSPropertyOp21
 70
     1
102
RTVSPropertyOp22
 70
     1
102
RTVSPropertyOp23
 70
     1
102
RTVSPropertyOp24
 70
     1
102
RTVSPropertyOp25
 70
     1
102
RTVSPropertyOp26
 70
     1
102
RTVSPropertyOp27
 70
     1
102
RTVSPropertyOp28
 70
     1
102
RTVSPropertyOp29
 70
     1
102
RTVSPropertyOp30
 70
     1
102
RTVSPropertyOp31
 70
     1
102
RTVSPropertyOp32
 70
     1
102
RTVSPropertyOp33
 70
     1
102
RTVSPropertyOp34
 70
     1
102
RTVSPropertyOp35
 70
     1
102
RTVSPropertyOp36
 70
     1
102
RTVSPropertyOp37
 70
     1
102
RTVSPropertyOp38
 70
     1
102
RTVSPropertyOp39
 70
     1
102
RTVSPropertyOp40
 70
     1
102
RTVSPropertyOp41
 70
     1
102
RTVSPropertyOp42
 70
     1
102
RTVSPropertyOp43
 70
     1
102
RTVSPropertyOp44
 70
     1
102
RTVSPropertyOp45
 70
     1
102
RTVSPropertyOp46
 70
     1
102
RTVSPropertyOp47
 70
     1
102
RTVSPropertyOp48
 70
     1
102
RTVSPropertyOp49
 70
     1
102
RTVSPropertyOp50
 70
     1
102
RTVSPropertyOp51
 70
     0
102
RTVSPropertyOp52
 70
     0
102
RTVSPropertyOp53
 70
     1
102
RTVSPropertyOp54
 70
     1
102
RTVSPropertyOp55
 70
     1
102
RTVSPropertyOp56
 70
     1
102
RTVSPropertyOp57
 70
     1
102
RTVSPost2010Prop28
280
     0
102
RTVSPost2010PropOp28
 70
     1
102
RTVSPost2010Prop29
280
     1
102
RTVSPost2010PropOp29
 70
     1
102
RTVSPost2010Prop30
280
     1
102
RTVSPost2010PropOp30
 70
     1
102
RTVSPost2010Prop31
280
     0
102
RTVSPost2010PropOp31
 70
     1
102
RTVSPost2010Prop32
280
     0
102
RTVSPost2010PropOp32
 70
     1
102
RTVSPost2010Prop33
280
     0
102
RTVSPost2010PropOp33
 70
     1
102
RTVSPost2010Prop34
280
     0
102
RTVSPost2010PropOp34
 70
     1
102
RTVSPost2010Prop35
280
     0
102
RTVSPost2010PropOp35
 70
     1
102
RTVSPost2010Prop36
280
     0
102
RTVSPost2010PropOp36
 70
     1
102
RTVSPost2010Prop37
 90
       50
102
RTVSPost2010PropOp37
 70
     1
102
RTVSPost2010Prop38
140
0.0
102
RTVSPost2010PropOp38
 70
     1
102
RTVSPost2010Prop39
140
1.0
102
RTVSPost2010PropOp39
 70
     1
102
RTVSPost2010Prop40
 90
        0
102
RTVSPost2010PropOp40
 70
     1
102
RTVSPost2010Prop41ColorIndex
 90
       18
102
RTVSPost2010Prop41ColorRGB
 90
        0
102
RTVSPost2010PropOp41
 70
     1
102
RTVSPost2010Prop42
 90
       50
102
RTVSPost2010PropOp42
 70
     1
102
RTVSPost2010Prop43
 90
        3
102
RTVSPost2010PropOp43
 70
     1
102
RTVSPost2010Prop44ColorIndex
 90
        5
102
RTVSPost2010Prop44ColorRGB
 90
      255
102
RTVSPost2010PropOp44
 70
     1
102
RTVSPost2010Prop45
280
     0
102
RTVSPost2010PropOp45
 70
     1
102
RTVSPost2010Prop46
 90
       50
102
RTVSPost2010PropOp46
 70
     1
102
RTVSPost2010Prop47
 90
       50
102
RTVSPost2010PropOp47
 70
     1
102
RTVSPost2010Prop48
 90
       50
102
RTVSPost2010PropOp48
 70
     1
102
RTVSPost2010Prop49
280
     0
102
RTVSPost2010PropOp49
 70
     1
102
RTVSPost2010Prop50
 90
       50
102
RTVSPost2010PropOp50
 70
     1
102
RTVSPost2010Prop51ColorIndex
 90
      256
102
RTVSPost2010Prop51ColorRGB
 90
-16777216
102
RTVSPost2010PropOp51
 70
     0
102
RTVSPost2010Prop52
140
1.0
102
RTVSPost2010PropOp52
 70
     0
102
RTVSPost2010Prop53
 90
        2
102
RTVSPost2010PropOp53
 70
     1
102
RTVSPost2010Prop54
  1
strokes_ogs.tif
102
RTVSPost2010PropOp54
 70
     1
102
RTVSPost2010Prop55
280
     0
102
RTVSPost2010PropOp55
 70
     1
102
RTVSPost2010Prop56
140
1.0
102
RTVSPost2010PropOp56
 70
     1
102
RTVSPost2010Prop57
140
1.0
102
RTVSPost2010PropOp57
 70
     1
  0
ENDSEC
  0
EOF
